DROP PROCEDURE IF EXISTS add_migration;
delimiter ??
CREATE PROCEDURE `add_migration`()
BEGIN
DECLARE v INT DEFAULT 1;
SET v = (SELECT COUNT(*) FROM `migrations` WHERE `id`='20171005011618');
IF v=0 THEN
INSERT INTO `migrations` VALUES ('20171005011618');
-- Add your query below.


-- Add gossip for Selina Dourman.
DELETE FROM `npc_gossip` WHERE `npc_guid`=56499;
DELETE FROM `gossip_menu` WHERE `entry` IN (6582, 6577, 6578, 6579, 6581, 7093, 7095, 8848);
INSERT INTO `gossip_menu` VALUES (6582, 7792, 0);
INSERT INTO `gossip_menu` VALUES (6577, 7793, 0);
INSERT INTO `gossip_menu` VALUES (6578, 7794, 0);
INSERT INTO `gossip_menu` VALUES (6579, 7795, 0);
INSERT INTO `gossip_menu` VALUES (6581, 7799, 0);
INSERT INTO `gossip_menu` VALUES (7093, 8347, 0);
INSERT INTO `gossip_menu` VALUES (7095, 8349, 0);
INSERT INTO `gossip_menu` VALUES (8848, 11472, 0);
REPLACE INTO `npc_text` (`ID`, `text0_0`, `text0_1`, `lang0`, `prob0`, `em0_0`, `em0_1`, `em0_2`, `em0_3`, `em0_4`, `em0_5`, `text1_0`, `text1_1`, `lang1`, `prob1`, `em1_0`, `em1_1`, `em1_2`, `em1_3`, `em1_4`, `em1_5`, `text2_0`, `text2_1`, `lang2`, `prob2`, `em2_0`, `em2_1`, `em2_2`, `em2_3`, `em2_4`, `em2_5`, `text3_0`, `text3_1`, `lang3`, `prob3`, `em3_0`, `em3_1`, `em3_2`, `em3_3`, `em3_4`, `em3_5`, `text4_0`, `text4_1`, `lang4`, `prob4`, `em4_0`, `em4_1`, `em4_2`, `em4_3`, `em4_4`, `em4_5`, `text5_0`, `text5_1`, `lang5`, `prob5`, `em5_0`, `em5_1`, `em5_2`, `em5_3`, `em5_4`, `em5_5`, `text6_0`, `text6_1`, `lang6`, `prob6`, `em6_0`, `em6_1`, `em6_2`, `em6_3`, `em6_4`, `em6_5`, `text7_0`, `text7_1`, `lang7`, `prob7`, `em7_0`, `em7_1`, `em7_2`, `em7_3`, `em7_4`, `em7_5`) VALUES (11472, '', 'There are eight types of Darkmoon Cards; Beasts, Blessings, Elementals, Furies, Lunacy, Portals, Storms and Warlords, with eight cards, Ace to Eight in each suit. If you collect all eight of one suit then you can turn them into a deck that you can give to our Professor Thaddeus Paleo in exchange for a powerful trinket.$B', 0, 1, 0, 1, 0, 1, 0, 1, '', '', 0, 0, 0, 0, 0, 0, 0, 0, '', '', 0, 0, 0, 0, 0, 0, 0, 0, '', '', 0, 0, 0, 0, 0, 0, 0, 0, '', '', 0, 0, 0, 0, 0, 0, 0, 0, '', '', 0, 0, 0, 0, 0, 0, 0, 0, '', '', 0, 0, 0, 0, 0, 0, 0, 0, '', '', 0, 0, 0, 0, 0, 0, 0, 0);
REPLACE INTO `npc_text` (`ID`, `text0_0`, `text0_1`, `lang0`, `prob0`, `em0_0`, `em0_1`, `em0_2`, `em0_3`, `em0_4`, `em0_5`, `text1_0`, `text1_1`, `lang1`, `prob1`, `em1_0`, `em1_1`, `em1_2`, `em1_3`, `em1_4`, `em1_5`, `text2_0`, `text2_1`, `lang2`, `prob2`, `em2_0`, `em2_1`, `em2_2`, `em2_3`, `em2_4`, `em2_5`, `text3_0`, `text3_1`, `lang3`, `prob3`, `em3_0`, `em3_1`, `em3_2`, `em3_3`, `em3_4`, `em3_5`, `text4_0`, `text4_1`, `lang4`, `prob4`, `em4_0`, `em4_1`, `em4_2`, `em4_3`, `em4_4`, `em4_5`, `text5_0`, `text5_1`, `lang5`, `prob5`, `em5_0`, `em5_1`, `em5_2`, `em5_3`, `em5_4`, `em5_5`, `text6_0`, `text6_1`, `lang6`, `prob6`, `em6_0`, `em6_1`, `em6_2`, `em6_3`, `em6_4`, `em6_5`, `text7_0`, `text7_1`, `lang7`, `prob7`, `em7_0`, `em7_1`, `em7_2`, `em7_3`, `em7_4`, `em7_5`) VALUES (8349, '', 'The Blastenheimer 5000 Ultra Cannon is a state-of-the-art single person projectile device. Delivering its payload at near the speed of a dragon, the cannon is the pride and joy of the Blastenheimer family, world renown for their aeronautical and combustible feats!$B$BIf you\'d like to be launched through the skies to fly free as a bird, seek out Maxima Blastenheimer on the south edge of Thunder Bluff\'s central rise. She\'ll aim you at the target far to south on Stonebull Lake!', 0, 1, 0, 1, 0, 0, 0, 0, '', '', 0, 0, 0, 0, 0, 0, 0, 0, '', '', 0, 0, 0, 0, 0, 0, 0, 0, '', '', 0, 0, 0, 0, 0, 0, 0, 0, '', '', 0, 0, 0, 0, 0, 0, 0, 0, '', '', 0, 0, 0, 0, 0, 0, 0, 0, '', '', 0, 0, 0, 0, 0, 0, 0, 0, '', '', 0, 0, 0, 0, 0, 0, 0, 0);
DELETE FROM `gossip_menu_option` WHERE `menu_id` IN (6582, 6579, 6581);
INSERT INTO `gossip_menu_option` (`menu_id`, `id`, `option_icon`, `option_text`, `option_id`, `npc_option_npcflag`, `action_menu_id`, `action_poi_id`, `action_script_id`, `box_coded`, `box_money`, `box_text`, `condition_id`) VALUES (6582, 0, 0, 'What can I purchase?', 1, 1, 6577, 0, 0, 0, 0, '', 0);
INSERT INTO `gossip_menu_option` (`menu_id`, `id`, `option_icon`, `option_text`, `option_id`, `npc_option_npcflag`, `action_menu_id`, `action_poi_id`, `action_script_id`, `box_coded`, `box_money`, `box_text`, `condition_id`) VALUES (6582, 1, 0, 'What are Darkmoon Faire Prize Tickets and how do I get them?', 1, 1, 6578, 0, 0, 0, 0, '', 0);
INSERT INTO `gossip_menu_option` (`menu_id`, `id`, `option_icon`, `option_text`, `option_id`, `npc_option_npcflag`, `action_menu_id`, `action_poi_id`, `action_script_id`, `box_coded`, `box_money`, `box_text`, `condition_id`) VALUES (6582, 2, 0, 'What are Darkmoon Cards?', 1, 1, 6579, 0, 0, 0, 0, '', 0);
INSERT INTO `gossip_menu_option` (`menu_id`, `id`, `option_icon`, `option_text`, `option_id`, `npc_option_npcflag`, `action_menu_id`, `action_poi_id`, `action_script_id`, `box_coded`, `box_money`, `box_text`, `condition_id`) VALUES (6582, 3, 0, 'What other things can I do at the faire?', 1, 1, 6581, 0, 0, 0, 0, '', 0);
INSERT INTO `gossip_menu_option` (`menu_id`, `id`, `option_icon`, `option_text`, `option_id`, `npc_option_npcflag`, `action_menu_id`, `action_poi_id`, `action_script_id`, `box_coded`, `box_money`, `box_text`, `condition_id`) VALUES (6579, 0, 0, '<more>', 1, 1, 8848, 0, 0, 0, 0, '', 0);
INSERT INTO `gossip_menu_option` (`menu_id`, `id`, `option_icon`, `option_text`, `option_id`, `npc_option_npcflag`, `action_menu_id`, `action_poi_id`, `action_script_id`, `box_coded`, `box_money`, `box_text`, `condition_id`) VALUES (6581, 0, 0, 'What are these Tonk Control Consoles?', 1, 1, 7093, 0, 0, 0, 0, '', 0);
INSERT INTO `gossip_menu_option` (`menu_id`, `id`, `option_icon`, `option_text`, `option_id`, `npc_option_npcflag`, `action_menu_id`, `action_poi_id`, `action_script_id`, `box_coded`, `box_money`, `box_text`, `condition_id`) VALUES (6581, 1, 0, 'Tell me about the cannon.', 1, 1, 7095, 0, 0, 0, 0, '', 0);
UPDATE `creature_template` SET `gossip_menu_id`=6582 WHERE `entry`=10445;

-- Steam Tonk controller and schematic.
DELETE FROM `item_template` WHERE `entry` IN (22728, 22729);
REPLACE INTO `item_template` (`entry`, `patch`, `class`, `subclass`, `name`, `displayid`, `Quality`, `Flags`, `BuyCount`, `BuyPrice`, `SellPrice`, `InventoryType`, `AllowableClass`, `AllowableRace`, `ItemLevel`, `RequiredLevel`, `RequiredSkill`, `RequiredSkillRank`, `requiredspell`, `requiredhonorrank`, `RequiredCityRank`, `RequiredReputationFaction`, `RequiredReputationRank`, `maxcount`, `stackable`, `ContainerSlots`, `stat_type1`, `stat_value1`, `stat_type2`, `stat_value2`, `stat_type3`, `stat_value3`, `stat_type4`, `stat_value4`, `stat_type5`, `stat_value5`, `stat_type6`, `stat_value6`, `stat_type7`, `stat_value7`, `stat_type8`, `stat_value8`, `stat_type9`, `stat_value9`, `stat_type10`, `stat_value10`, `dmg_min1`, `dmg_max1`, `dmg_type1`, `dmg_min2`, `dmg_max2`, `dmg_type2`, `dmg_min3`, `dmg_max3`, `dmg_type3`, `dmg_min4`, `dmg_max4`, `dmg_type4`, `dmg_min5`, `dmg_max5`, `dmg_type5`, `armor`, `holy_res`, `fire_res`, `nature_res`, `frost_res`, `shadow_res`, `arcane_res`, `delay`, `ammo_type`, `RangedModRange`, `spellid_1`, `spelltrigger_1`, `spellcharges_1`, `spellppmRate_1`, `spellcooldown_1`, `spellcategory_1`, `spellcategorycooldown_1`, `spellid_2`, `spelltrigger_2`, `spellcharges_2`, `spellppmRate_2`, `spellcooldown_2`, `spellcategory_2`, `spellcategorycooldown_2`, `spellid_3`, `spelltrigger_3`, `spellcharges_3`, `spellppmRate_3`, `spellcooldown_3`, `spellcategory_3`, `spellcategorycooldown_3`, `spellid_4`, `spelltrigger_4`, `spellcharges_4`, `spellppmRate_4`, `spellcooldown_4`, `spellcategory_4`, `spellcategorycooldown_4`, `spellid_5`, `spelltrigger_5`, `spellcharges_5`, `spellppmRate_5`, `spellcooldown_5`, `spellcategory_5`, `spellcategorycooldown_5`, `bonding`, `description`, `PageText`, `LanguageID`, `PageMaterial`, `startquest`, `lockid`, `Material`, `sheath`, `RandomProperty`, `block`, `itemset`, `MaxDurability`, `area`, `Map`, `BagFamily`, `ScriptName`, `DisenchantID`, `FoodType`, `minMoneyLoot`, `maxMoneyLoot`, `Duration`, `ExtraFlags`, `OtherTeamEntry`) VALUES (22728, 9, 7, 3, 'Steam Tonk Controller', 35133, 1, 64, 1, 20000, 5000, 0, 32767, -1, 55, 0, 0, 0, 0, 0, 0, 0, 0, 0, 1, 0, 0, 0, 0, 0, 0, 0, 0, 0, 0, 0, 0, 0, 0, 0, 0, 0, 0, 0, 0, 0, 0, 0, 0, 0, 0, 0, 0, 0, 0, 0, 0, 0, 0, 0, 0, 0, 0, 0, 0, 0, 0, 0, 0, 0, 0, 24935, 0, -50, -50, 30000, 0, -1, 0, 0, 0, 0, -1, 0, -1, 0, 0, 0, 0, -1, 0, -1, 0, 0, 0, 0, -1, 0, -1, 0, 0, 0, 0, -1, 0, -1, 0, 'Take control of a Steam Tonk.', 0, 0, 0, 0, 0, 0, 0, 0, 0, 0, 0, 0, 0, 0, '', 0, 0, 0, 0, 0, 0, 1);
REPLACE INTO `item_template` (`entry`, `patch`, `class`, `subclass`, `name`, `displayid`, `Quality`, `Flags`, `BuyCount`, `BuyPrice`, `SellPrice`, `InventoryType`, `AllowableClass`, `AllowableRace`, `ItemLevel`, `RequiredLevel`, `RequiredSkill`, `RequiredSkillRank`, `requiredspell`, `requiredhonorrank`, `RequiredCityRank`, `RequiredReputationFaction`, `RequiredReputationRank`, `maxcount`, `stackable`, `ContainerSlots`, `stat_type1`, `stat_value1`, `stat_type2`, `stat_value2`, `stat_type3`, `stat_value3`, `stat_type4`, `stat_value4`, `stat_type5`, `stat_value5`, `stat_type6`, `stat_value6`, `stat_type7`, `stat_value7`, `stat_type8`, `stat_value8`, `stat_type9`, `stat_value9`, `stat_type10`, `stat_value10`, `dmg_min1`, `dmg_max1`, `dmg_type1`, `dmg_min2`, `dmg_max2`, `dmg_type2`, `dmg_min3`, `dmg_max3`, `dmg_type3`, `dmg_min4`, `dmg_max4`, `dmg_type4`, `dmg_min5`, `dmg_max5`, `dmg_type5`, `armor`, `holy_res`, `fire_res`, `nature_res`, `frost_res`, `shadow_res`, `arcane_res`, `delay`, `ammo_type`, `RangedModRange`, `spellid_1`, `spelltrigger_1`, `spellcharges_1`, `spellppmRate_1`, `spellcooldown_1`, `spellcategory_1`, `spellcategorycooldown_1`, `spellid_2`, `spelltrigger_2`, `spellcharges_2`, `spellppmRate_2`, `spellcooldown_2`, `spellcategory_2`, `spellcategorycooldown_2`, `spellid_3`, `spelltrigger_3`, `spellcharges_3`, `spellppmRate_3`, `spellcooldown_3`, `spellcategory_3`, `spellcategorycooldown_3`, `spellid_4`, `spelltrigger_4`, `spellcharges_4`, `spellppmRate_4`, `spellcooldown_4`, `spellcategory_4`, `spellcategorycooldown_4`, `spellid_5`, `spelltrigger_5`, `spellcharges_5`, `spellppmRate_5`, `spellcooldown_5`, `spellcategory_5`, `spellcategorycooldown_5`, `bonding`, `description`, `PageText`, `LanguageID`, `PageMaterial`, `startquest`, `lockid`, `Material`, `sheath`, `RandomProperty`, `block`, `itemset`, `MaxDurability`, `area`, `Map`, `BagFamily`, `ScriptName`, `DisenchantID`, `FoodType`, `minMoneyLoot`, `maxMoneyLoot`, `Duration`, `ExtraFlags`, `OtherTeamEntry`) VALUES (22729, 9, 9, 3, 'Schematic: Steam Tonk Controller', 1301, 1, 64, 1, 8000, 2000, 0, -1, -1, 55, 0, 202, 275, 0, 0, 0, 0, 0, 0, 1, 0, 0, 0, 0, 0, 0, 0, 0, 0, 0, 0, 0, 0, 0, 0, 0, 0, 0, 0, 0, 0, 0, 0, 0, 0, 0, 0, 0, 0, 0, 0, 0, 0, 0, 0, 0, 0, 0, 0, 0, 0, 0, 0, 0, 0, 0, 28328, 0, 0, 0, -1, 0, -1, 0, 0, 0, 0, -1, 0, -1, 0, 0, 0, 0, -1, 0, -1, 0, 0, 0, 0, -1, 0, -1, 0, 0, 0, 0, -1, 0, -1, 0, 'Teaches you how to make a Steam Tonk Controller.', 0, 0, 0, 0, 0, 0, 0, 0, 0, 0, 0, 0, 0, 0, '', 0, 0, 0, 0, 0, 0, 1);

-- Steam Tonk related creatures.
REPLACE INTO `creature_template` (`entry`, `patch`, `KillCredit1`, `KillCredit2`, `modelid_1`, `modelid_2`, `modelid_3`, `modelid_4`, `name`, `subname`, `gossip_menu_id`, `minlevel`, `maxlevel`, `minhealth`, `maxhealth`, `minmana`, `maxmana`, `armor`, `faction_A`, `faction_H`, `npcflag`, `speed_walk`, `speed_run`, `scale`, `rank`, `mindmg`, `maxdmg`, `dmgschool`, `attackpower`, `dmg_multiplier`, `baseattacktime`, `rangeattacktime`, `unit_class`, `unit_flags`, `dynamicflags`, `family`, `trainer_type`, `trainer_spell`, `trainer_class`, `trainer_race`, `minrangedmg`, `maxrangedmg`, `rangedattackpower`, `type`, `type_flags`, `lootid`, `pickpocketloot`, `skinloot`, `resistance1`, `resistance2`, `resistance3`, `resistance4`, `resistance5`, `resistance6`, `spell1`, `spell2`, `spell3`, `spell4`, `PetSpellDataId`, `mingold`, `maxgold`, `AIName`, `MovementType`, `InhabitType`, `Civilian`, `RacialLeader`, `RegenHealth`, `equipment_id`, `trainer_id`, `vendor_id`, `MechanicImmuneMask`, `SchoolImmuneMask`, `flags_extra`, `ScriptName`) VALUES (15328, 0, 0, 0, 15381, 0, 0, 0, 'Darkmoon Steam Tonk', '', 0, 1, 1, 100, 100, 100, 100, 7, 35, 35, 0, 1, 1.14286, 1, 0, 2, 2, 0, 44, 1, 2000, 2000, 1, 0, 0, 0, 0, 0, 0, 0, 1, 1, 0, 9, 0, 0, 0, 0, 0, 0, 0, 0, 0, 0, 0, 0, 0, 0, 0, 0, 0, '', 0, 3, 0, 0, 1, 0, 0, 0, 8405008, 0, 64, 'npc_steam_tonk');
REPLACE INTO `creature_template` (`entry`, `patch`, `KillCredit1`, `KillCredit2`, `modelid_1`, `modelid_2`, `modelid_3`, `modelid_4`, `name`, `subname`, `gossip_menu_id`, `minlevel`, `maxlevel`, `minhealth`, `maxhealth`, `minmana`, `maxmana`, `armor`, `faction_A`, `faction_H`, `npcflag`, `speed_walk`, `speed_run`, `scale`, `rank`, `mindmg`, `maxdmg`, `dmgschool`, `attackpower`, `dmg_multiplier`, `baseattacktime`, `rangeattacktime`, `unit_class`, `unit_flags`, `dynamicflags`, `family`, `trainer_type`, `trainer_spell`, `trainer_class`, `trainer_race`, `minrangedmg`, `maxrangedmg`, `rangedattackpower`, `type`, `type_flags`, `lootid`, `pickpocketloot`, `skinloot`, `resistance1`, `resistance2`, `resistance3`, `resistance4`, `resistance5`, `resistance6`, `spell1`, `spell2`, `spell3`, `spell4`, `PetSpellDataId`, `mingold`, `maxgold`, `AIName`, `MovementType`, `InhabitType`, `Civilian`, `RacialLeader`, `RegenHealth`, `equipment_id`, `trainer_id`, `vendor_id`, `MechanicImmuneMask`, `SchoolImmuneMask`, `flags_extra`, `ScriptName`) VALUES (15368, 0, 0, 0, 15402, 0, 0, 0, 'Tonk Mine', NULL, 0, 60, 60, 7500, 7500, 0, 0, 3750, 35, 35, 0, 1, 1.14286, 0, 0, 55, 79, 0, 272, 1, 2000, 2000, 0, 0, 0, 0, 0, 0, 0, 0, 0, 0, 0, 9, 0, 0, 0, 0, 0, 0, 0, 0, 0, 0, 0, 0, 0, 0, 0, 0, 0, '', 0, 3, 0, 0, 1, 0, 0, 0, 8405008, 0, 64, 'npc_tonk_mine');
REPLACE INTO `creature_template` (`entry`, `patch`, `KillCredit1`, `KillCredit2`, `modelid_1`, `modelid_2`, `modelid_3`, `modelid_4`, `name`, `subname`, `gossip_menu_id`, `minlevel`, `maxlevel`, `minhealth`, `maxhealth`, `minmana`, `maxmana`, `armor`, `faction_A`, `faction_H`, `npcflag`, `speed_walk`, `speed_run`, `scale`, `rank`, `mindmg`, `maxdmg`, `dmgschool`, `attackpower`, `dmg_multiplier`, `baseattacktime`, `rangeattacktime`, `unit_class`, `unit_flags`, `dynamicflags`, `family`, `trainer_type`, `trainer_spell`, `trainer_class`, `trainer_race`, `minrangedmg`, `maxrangedmg`, `rangedattackpower`, `type`, `type_flags`, `lootid`, `pickpocketloot`, `skinloot`, `resistance1`, `resistance2`, `resistance3`, `resistance4`, `resistance5`, `resistance6`, `spell1`, `spell2`, `spell3`, `spell4`, `PetSpellDataId`, `mingold`, `maxgold`, `AIName`, `MovementType`, `InhabitType`, `Civilian`, `RacialLeader`, `RegenHealth`, `equipment_id`, `trainer_id`, `vendor_id`, `MechanicImmuneMask`, `SchoolImmuneMask`, `flags_extra`, `ScriptName`) VALUES (16121, 0, 0, 0, 15435, 0, 0, 0, 'Mortar', NULL, 0, 1, 1, 1, 1, 0, 0, 0, 1617, 1617, 0, 1, 1.14286, 1, 0, 0, 0, 0, 0, 1, 0, 0, 0, 33554432, 0, 0, 0, 0, 0, 0, 0, 0, 0, 0, 0, 0, 0, 0, 0, 0, 0, 0, 0, 0, 27745, 0, 0, 0, 0, 0, 0, '', 0, 4, 0, 0, 1, 0, 0, 0, 16384, 0, 64, 'npc_tonk_mortar');
REPLACE INTO `creature_template_addon` (`entry`, `patch`, `mount`, `bytes1`, `b2_0_sheath`, `b2_1_flags`, `emote`, `moveflags`, `auras`) VALUES (15328, 0, 0, 0, 0, 5, 0, 0, '27747');

-- Tonk Control Console Trap.
REPLACE INTO `gameobject_template` (`entry`, `type`, `displayId`, `name`, `faction`, `flags`, `size`, `data0`, `data1`, `data2`, `data3`, `data4`, `data5`, `data6`, `data7`, `data8`, `data9`, `data10`, `data11`, `data12`, `data13`, `data14`, `data15`, `data16`, `data17`, `data18`, `data19`, `data20`, `data21`, `data22`, `data23`, `mingold`, `maxgold`, `ScriptName`) VALUES (180525, 6, 1287, 'Tonk Control Console Trap', 35, 0, 1, 0, 0, 0, 24935, 0, 0, 0, 0, 0, 0, 0, 0, 0, 0, 0, 0, 0, 0, 0, 0, 0, 0, 0, 0, 0, 0, '');
REPLACE INTO `gameobject` (`guid`, `id`, `map`, `position_x`, `position_y`, `position_z`, `orientation`, `rotation0`, `rotation1`, `rotation2`, `rotation3`, `spawntimesecs`, `animprogress`, `state`, `spawnFlags`) VALUES (195000, 180525, 0, -9578.63, -3.2352, 62.2595, 1.72431, 0, 0, 0.759247, 0.650802, 25, 0, 1, 0);
REPLACE INTO `gameobject` (`guid`, `id`, `map`, `position_x`, `position_y`, `position_z`, `orientation`, `rotation0`, `rotation1`, `rotation2`, `rotation3`, `spawntimesecs`, `animprogress`, `state`, `spawnFlags`) VALUES (195001, 180525, 0, -9605.2, 31.1625, 62.1422, 0.311559, 0, 0, 0.15515, 0.987891, 25, 0, 1, 0);
REPLACE INTO `gameobject` (`guid`, `id`, `map`, `position_x`, `position_y`, `position_z`, `orientation`, `rotation0`, `rotation1`, `rotation2`, `rotation3`, `spawntimesecs`, `animprogress`, `state`, `spawnFlags`) VALUES (195002, 180525, 0, -9544.44, 140.065, 58.8815, -2.04204, 0, 0, 0.85264, -0.522498, 180, 100, 1, 0);
REPLACE INTO `gameobject` (`guid`, `id`, `map`, `position_x`, `position_y`, `position_z`, `orientation`, `rotation0`, `rotation1`, `rotation2`, `rotation3`, `spawntimesecs`, `animprogress`, `state`, `spawnFlags`) VALUES (195003, 180525, 0, -9533.17, 124.821, 58.9729, -2.9147, 0, 0, 0.993572, -0.113203, 180, 100, 1, 0);
REPLACE INTO `gameobject` (`guid`, `id`, `map`, `position_x`, `position_y`, `position_z`, `orientation`, `rotation0`, `rotation1`, `rotation2`, `rotation3`, `spawntimesecs`, `animprogress`, `state`, `spawnFlags`) VALUES (195004, 180525, 0, -9584.94, 79.6764, 60.4523, -1.16937, 0, 0, 0.551937, -0.833886, 180, 100, 1, 0);
REPLACE INTO `gameobject` (`guid`, `id`, `map`, `position_x`, `position_y`, `position_z`, `orientation`, `rotation0`, `rotation1`, `rotation2`, `rotation3`, `spawntimesecs`, `animprogress`, `state`, `spawnFlags`) VALUES (195005, 180525, 0, -9520.97, 91.3967, 59.3657, -2.46091, 0, 0, 0.942641, -0.333807, 180, 100, 1, 0);
REPLACE INTO `gameobject` (`guid`, `id`, `map`, `position_x`, `position_y`, `position_z`, `orientation`, `rotation0`, `rotation1`, `rotation2`, `rotation3`, `spawntimesecs`, `animprogress`, `state`, `spawnFlags`) VALUES (195006, 180525, 0, -9546.56, 87.8324, 59.4187, -3.03687, 0, 0, 0.99863, -0.052336, 180, 100, 1, 0);
REPLACE INTO `gameobject` (`guid`, `id`, `map`, `position_x`, `position_y`, `position_z`, `orientation`, `rotation0`, `rotation1`, `rotation2`, `rotation3`, `spawntimesecs`, `animprogress`, `state`, `spawnFlags`) VALUES (195007, 180525, 0, -9522.69, 74.1969, 59.1998, 2.46091, 0, 0, 0.942641, 0.333807, 180, 100, 1, 0);
REPLACE INTO `gameobject` (`guid`, `id`, `map`, `position_x`, `position_y`, `position_z`, `orientation`, `rotation0`, `rotation1`, `rotation2`, `rotation3`, `spawntimesecs`, `animprogress`, `state`, `spawnFlags`) VALUES (195008, 180525, 0, -9552.22, 111.492, 58.8853, 0.261799, 0, 0, 0.130526, 0.991445, 180, 100, 1, 0);
REPLACE INTO `gameobject` (`guid`, `id`, `map`, `position_x`, `position_y`, `position_z`, `orientation`, `rotation0`, `rotation1`, `rotation2`, `rotation3`, `spawntimesecs`, `animprogress`, `state`, `spawnFlags`) VALUES (195009, 180525, 0, -9553.61, 67.2332, 59.2847, 1.29154, 0, 0, 0.601815, 0.798636, 180, 100, 1, 0);
REPLACE INTO `gameobject` (`guid`, `id`, `map`, `position_x`, `position_y`, `position_z`, `orientation`, `rotation0`, `rotation1`, `rotation2`, `rotation3`, `spawntimesecs`, `animprogress`, `state`, `spawnFlags`) VALUES (195010, 180525, 0, -9549.28, 28.2097, 59.4478, 2.79253, 0, 0, 0.984808, 0.173648, 180, 100, 1, 0);
REPLACE INTO `gameobject` (`guid`, `id`, `map`, `position_x`, `position_y`, `position_z`, `orientation`, `rotation0`, `rotation1`, `rotation2`, `rotation3`, `spawntimesecs`, `animprogress`, `state`, `spawnFlags`) VALUES (195011, 180525, 0, -9533.64, 115.556, 58.9128, 2.89725, 0, 0, 0.992546, 0.121869, 180, 100, 1, 0);
REPLACE INTO `gameobject` (`guid`, `id`, `map`, `position_x`, `position_y`, `position_z`, `orientation`, `rotation0`, `rotation1`, `rotation2`, `rotation3`, `spawntimesecs`, `animprogress`, `state`, `spawnFlags`) VALUES (195012, 180525, 0, -9574.56, 79.7395, 58.8815, 0.593412, 0, 0, 0.292372, 0.956305, 180, 100, 1, 0);
REPLACE INTO `gameobject` (`guid`, `id`, `map`, `position_x`, `position_y`, `position_z`, `orientation`, `rotation0`, `rotation1`, `rotation2`, `rotation3`, `spawntimesecs`, `animprogress`, `state`, `spawnFlags`) VALUES (195013, 180525, 0, -9566.92, 99.248, 58.8815, -0.925024, 0, 0, 0.446198, -0.894934, 180, 100, 1, 0);
-- Add Tonk Control Console Trap spawns to event Darkmoon Faire.
REPLACE INTO `game_event_gameobject` VALUES
(195000, 4),
(195001, 4),
(195002, 4),
(195003, 4),
(195004, 4),
(195005, 4),
(195006, 4),
(195007, 4),
(195008, 4),
(195009, 4),
(195010, 4),
(195011, 4),
(195012, 4),
(195013, 4);

-- Spell script for the spell used by the control consoles.
DELETE FROM `spell_scripts` WHERE `id`=24935;
INSERT INTO `spell_scripts` (`id`, `delay`, `command`, `datalong`, `datalong2`, `datalong3`, `datalong4`, `data_flags`, `dataint`, `dataint2`, `dataint3`, `dataint4`, `x`, `y`, `z`, `o`, `comments`) VALUES (24935, 0, 15, 24934, 0, 0, 0, 0, 0, 0, 0, 0, 0, 0, 0, 0, 'Cast Summon RC Tank');
INSERT INTO `spell_scripts` (`id`, `delay`, `command`, `datalong`, `datalong2`, `datalong3`, `datalong4`, `data_flags`, `dataint`, `dataint2`, `dataint3`, `dataint4`, `x`, `y`, `z`, `o`, `comments`) VALUES (24935, 2, 15, 24936, 0, 0, 0, 0, 0, 0, 0, 0, 0, 0, 0, 0, 'Cast RC Tank Control');


-- End of migration.
END IF;
END??
delimiter ; 
CALL add_migration();
DROP PROCEDURE IF EXISTS add_migration;
