DROP PROCEDURE IF EXISTS add_migration;
delimiter ??
CREATE PROCEDURE `add_migration`()
BEGIN
DECLARE v INT DEFAULT 1;
SET v = (SELECT COUNT(*) FROM `migrations` WHERE `id`='20180613180009');
IF v=0 THEN
INSERT INTO `migrations` VALUES ('20180613180009');
-- Add your query below.


-- Conditions.
INSERT INTO `conditions` VALUES (3704, 34, 2, 3, 0, 0, 0); -- Rethilgore DONE
INSERT INTO `conditions` VALUES (3705, 34, 5, 3, 0, 0, 1); -- Intro Event NOT DONE
INSERT INTO `conditions` VALUES (3706, 1, 7587, 1, 0, 0, 1); -- Not Have Aura 7587
INSERT INTO `conditions` VALUES (3707, 1, 7586, 1, 0, 0, 1); -- Not Have Aura 7586
INSERT INTO `conditions` VALUES (3708, 1, 7136, 1, 0, 0, 1); -- Not Have Aura 7136
INSERT INTO `conditions` VALUES (3709, -1, 3706, 3707, 0, 0, 0); -- Not Have Aura 7587 and 7586
INSERT INTO `conditions` VALUES (3710, -1, 3708, 3709, 0, 0, 2); -- Source Not Have Aura 7587 and 7586 and 7136

-- Texts.
UPDATE `broadcast_text` SET `EmoteId0`=4 WHERE `ID`=1320;
UPDATE `broadcast_text` SET `EmoteId0`=1 WHERE `ID`=1331;

-- Assign condition to Intro Event.
UPDATE `creature_ai_events` SET `condition_id`=3705 WHERE `id`=1000000;
INSERT INTO `event_scripts` (`id`, `delay`, `command`, `datalong`, `datalong2`, `datalong3`, `datalong4`, `target_param1`, `target_param2`, `target_type`, `data_flags`, `dataint`, `dataint2`, `dataint3`, `dataint4`, `x`, `y`, `z`, `o`, `condition_id`, `comments`) VALUES (10000, 0, 37, 5, 3, 0, 0, 0, 0, 0, 0, 0, 0, 0, 0, 0, 0, 0, 0, 0, 'SFK Intro - Set Instance Data');

-- Deathstalker Vincent.
DELETE FROM `creature_ai_events` WHERE `creature_id`=4444;
INSERT INTO `creature_ai_events` (`id`, `creature_id`, `condition_id`, `event_type`, `event_inverse_phase_mask`, `event_chance`, `event_flags`, `event_param1`, `event_param2`, `event_param3`, `event_param4`, `action1_script`, `action2_script`, `action3_script`, `comment`) VALUES (444401, 4444, 0, 4, 2, 100, 0, 0, 0, 0, 0, 444401, 0, 0, 'Deathstalker Vincent - Stand Up on Aggro (Phase 0)');
INSERT INTO `creature_ai_events` (`id`, `creature_id`, `condition_id`, `event_type`, `event_inverse_phase_mask`, `event_chance`, `event_flags`, `event_param1`, `event_param2`, `event_param3`, `event_param4`, `action1_script`, `action2_script`, `action3_script`, `comment`) VALUES (444402, 4444, 0, 2, 2, 100, 0, 1, 0, 0, 0, 444402, 0, 0, 'Deathstalker Vincent - Play Dead at 1% HP (Phase 0)');
INSERT INTO `creature_ai_events` (`id`, `creature_id`, `condition_id`, `event_type`, `event_inverse_phase_mask`, `event_chance`, `event_flags`, `event_param1`, `event_param2`, `event_param3`, `event_param4`, `action1_script`, `action2_script`, `action3_script`, `comment`) VALUES (444403, 4444, 0, 21, 2, 100, 0, 0, 0, 0, 0, 444403, 0, 0, 'Deathstalker Vincent - Play Dead on Reached Home (Phase 0)');
INSERT INTO `creature_ai_events` (`id`, `creature_id`, `condition_id`, `event_type`, `event_inverse_phase_mask`, `event_chance`, `event_flags`, `event_param1`, `event_param2`, `event_param3`, `event_param4`, `action1_script`, `action2_script`, `action3_script`, `comment`) VALUES (444404, 4444, 0, 7, 1, 100, 0, 0, 0, 0, 0, 444404, 0, 0, 'Deathstalker Vincent - Disable Attack and Combat Movement on Evade (Phase 1)');
INSERT INTO `creature_ai_events` (`id`, `creature_id`, `condition_id`, `event_type`, `event_inverse_phase_mask`, `event_chance`, `event_flags`, `event_param1`, `event_param2`, `event_param3`, `event_param4`, `action1_script`, `action2_script`, `action3_script`, `comment`) VALUES (444405, 4444, 0, 0, 1, 100, 0, 60000, 60000, 0, 0, 444405, 0, 0, 'Deathstalker Vincent - Leave Combat after 1 Minute (Phase 1)');
INSERT INTO `creature_ai_events` (`id`, `creature_id`, `condition_id`, `event_type`, `event_inverse_phase_mask`, `event_chance`, `event_flags`, `event_param1`, `event_param2`, `event_param3`, `event_param4`, `action1_script`, `action2_script`, `action3_script`, `comment`) VALUES (444406, 4444, 0, 4, 1, 100, 0, 0, 0, 0, 0, 444403, 0, 0, 'Deathstalker Vincent - Play Dead on Aggro (Phase 1)');
INSERT INTO `creature_ai_events` (`id`, `creature_id`, `condition_id`, `event_type`, `event_inverse_phase_mask`, `event_chance`, `event_flags`, `event_param1`, `event_param2`, `event_param3`, `event_param4`, `action1_script`, `action2_script`, `action3_script`, `comment`) VALUES (444407, 4444, 0, 29, 0, 100, 0, 8, 1, 0, 0, 444403, 0, 0, 'Deathstalker Vincent - Play Dead on Reaching Home Position');
DELETE FROM `creature_ai_scripts` WHERE `id`=444401;
INSERT INTO `creature_ai_scripts` (`id`, `delay`, `command`, `datalong`, `datalong2`, `datalong3`, `datalong4`, `target_param1`, `target_param2`, `target_type`, `data_flags`, `dataint`, `dataint2`, `dataint3`, `dataint4`, `x`, `y`, `z`, `o`, `condition_id`, `comments`) VALUES (444401, 0, 28, 0, 0, 0, 0, 0, 0, 0, 0, 0, 0, 0, 0, 0, 0, 0, 0, 0, 'Deathstalker Vincent - Stand Up');
INSERT INTO `creature_ai_scripts` (`id`, `delay`, `command`, `datalong`, `datalong2`, `datalong3`, `datalong4`, `target_param1`, `target_param2`, `target_type`, `data_flags`, `dataint`, `dataint2`, `dataint3`, `dataint4`, `x`, `y`, `z`, `o`, `condition_id`, `comments`) VALUES (444401, 0, 42, 1, 0, 0, 0, 0, 0, 0, 0, 0, 0, 0, 0, 0, 0, 0, 0, 0, 'Deathstalker Vincent - Enable Melee Attack');
INSERT INTO `creature_ai_scripts` (`id`, `delay`, `command`, `datalong`, `datalong2`, `datalong3`, `datalong4`, `target_param1`, `target_param2`, `target_type`, `data_flags`, `dataint`, `dataint2`, `dataint3`, `dataint4`, `x`, `y`, `z`, `o`, `condition_id`, `comments`) VALUES (444401, 0, 43, 1, 0, 0, 0, 0, 0, 0, 0, 0, 0, 0, 0, 0, 0, 0, 0, 0, 'Deathstalker Vincent - Enable Combat Movement');
INSERT INTO `creature_ai_scripts` (`id`, `delay`, `command`, `datalong`, `datalong2`, `datalong3`, `datalong4`, `target_param1`, `target_param2`, `target_type`, `data_flags`, `dataint`, `dataint2`, `dataint3`, `dataint4`, `x`, `y`, `z`, `o`, `condition_id`, `comments`) VALUES (444401, 0, 52, 1, 1, 0, 0, 0, 0, 0, 0, 0, 0, 0, 0, 0, 0, 0, 0, 0, 'Deathstalker Vincent - Make Unkillable');
DELETE FROM `creature_ai_scripts` WHERE `id`=444402;
INSERT INTO `creature_ai_scripts` (`id`, `delay`, `command`, `datalong`, `datalong2`, `datalong3`, `datalong4`, `target_param1`, `target_param2`, `target_type`, `data_flags`, `dataint`, `dataint2`, `dataint3`, `dataint4`, `x`, `y`, `z`, `o`, `condition_id`, `comments`) VALUES (444402, 0, 44, 1, 0, 0, 0, 0, 0, 0, 0, 0, 0, 0, 0, 0, 0, 0, 0, 0, 'Deathstalker Vincent - Set Phase to 1');
INSERT INTO `creature_ai_scripts` (`id`, `delay`, `command`, `datalong`, `datalong2`, `datalong3`, `datalong4`, `target_param1`, `target_param2`, `target_type`, `data_flags`, `dataint`, `dataint2`, `dataint3`, `dataint4`, `x`, `y`, `z`, `o`, `condition_id`, `comments`) VALUES (444402, 0, 42, 0, 0, 0, 0, 0, 0, 0, 0, 0, 0, 0, 0, 0, 0, 0, 0, 0, 'Deathstalker Vincent - Disable Melee Attack');
INSERT INTO `creature_ai_scripts` (`id`, `delay`, `command`, `datalong`, `datalong2`, `datalong3`, `datalong4`, `target_param1`, `target_param2`, `target_type`, `data_flags`, `dataint`, `dataint2`, `dataint3`, `dataint4`, `x`, `y`, `z`, `o`, `condition_id`, `comments`) VALUES (444402, 0, 43, 0, 0, 0, 0, 0, 0, 0, 0, 0, 0, 0, 0, 0, 0, 0, 0, 0, 'Deathstalker Vincent - Disable Combat Movement');
INSERT INTO `creature_ai_scripts` (`id`, `delay`, `command`, `datalong`, `datalong2`, `datalong3`, `datalong4`, `target_param1`, `target_param2`, `target_type`, `data_flags`, `dataint`, `dataint2`, `dataint3`, `dataint4`, `x`, `y`, `z`, `o`, `condition_id`, `comments`) VALUES (444402, 0, 3, 0, 0, 68, 3, 0, 0, 0, 0, 1, 0, 0, 0, -219.311, 2147.68, 80.9921, 3.63082, 0, 'Deathstalker Vincent - Move to Home Position');
INSERT INTO `creature_ai_scripts` (`id`, `delay`, `command`, `datalong`, `datalong2`, `datalong3`, `datalong4`, `target_param1`, `target_param2`, `target_type`, `data_flags`, `dataint`, `dataint2`, `dataint3`, `dataint4`, `x`, `y`, `z`, `o`, `condition_id`, `comments`) VALUES (444402, 0, 0, 0, 0, 0, 0, 0, 0, 0, 0, 1458, 0, 0, 0, 0, 0, 0, 0, 0, 'Deathstalker Vincent - Say Text');
DELETE FROM `creature_ai_scripts` WHERE `id`=444403;
INSERT INTO `creature_ai_scripts` (`id`, `delay`, `command`, `datalong`, `datalong2`, `datalong3`, `datalong4`, `target_param1`, `target_param2`, `target_type`, `data_flags`, `dataint`, `dataint2`, `dataint3`, `dataint4`, `x`, `y`, `z`, `o`, `condition_id`, `comments`) VALUES (444403, 0, 28, 7, 0, 0, 0, 0, 0, 0, 0, 0, 0, 0, 0, 0, 0, 0, 0, 0, 'Deathstalker Vincent - Set Stand State to Dead');
DELETE FROM `creature_ai_scripts` WHERE `id`=444404;
INSERT INTO `creature_ai_scripts` (`id`, `delay`, `command`, `datalong`, `datalong2`, `datalong3`, `datalong4`, `target_param1`, `target_param2`, `target_type`, `data_flags`, `dataint`, `dataint2`, `dataint3`, `dataint4`, `x`, `y`, `z`, `o`, `condition_id`, `comments`) VALUES (444404, 0, 42, 0, 0, 0, 0, 0, 0, 0, 0, 0, 0, 0, 0, 0, 0, 0, 0, 0, 'Deathstalker Vincent - Disable Melee Attack');
INSERT INTO `creature_ai_scripts` (`id`, `delay`, `command`, `datalong`, `datalong2`, `datalong3`, `datalong4`, `target_param1`, `target_param2`, `target_type`, `data_flags`, `dataint`, `dataint2`, `dataint3`, `dataint4`, `x`, `y`, `z`, `o`, `condition_id`, `comments`) VALUES (444404, 0, 43, 0, 0, 0, 0, 0, 0, 0, 0, 0, 0, 0, 0, 0, 0, 0, 0, 0, 'Deathstalker Vincent - Disable Combat Movement');
INSERT INTO `creature_ai_scripts` (`id`, `delay`, `command`, `datalong`, `datalong2`, `datalong3`, `datalong4`, `target_param1`, `target_param2`, `target_type`, `data_flags`, `dataint`, `dataint2`, `dataint3`, `dataint4`, `x`, `y`, `z`, `o`, `condition_id`, `comments`) VALUES (444404, 0, 28, 7, 0, 0, 0, 0, 0, 0, 0, 0, 0, 0, 0, 0, 0, 0, 0, 0, 'Deathstalker Vincent - Set Stand State to Dead');
DELETE FROM `creature_ai_scripts` WHERE `id`=444405;
INSERT INTO `creature_ai_scripts` (`id`, `delay`, `command`, `datalong`, `datalong2`, `datalong3`, `datalong4`, `target_param1`, `target_param2`, `target_type`, `data_flags`, `dataint`, `dataint2`, `dataint3`, `dataint4`, `x`, `y`, `z`, `o`, `condition_id`, `comments`) VALUES (444405, 0, 33, 0, 0, 0, 0, 0, 0, 0, 0, 0, 0, 0, 0, 0, 0, 0, 0, 0, 'Deathstalker Vincent - Enter Evade Mode');
UPDATE `creature_template` SET `AIName`='EventAI', `ScriptName`='', `RegenHealth`=0 WHERE `entry`=4444;

-- Script when Rethilgore dies.
DELETE FROM `creature_ai_scripts` WHERE `id`=391403;
INSERT INTO `creature_ai_scripts` (`id`, `delay`, `command`, `datalong`, `datalong2`, `datalong3`, `datalong4`, `target_param1`, `target_param2`, `target_type`, `data_flags`, `dataint`, `dataint2`, `dataint3`, `dataint4`, `x`, `y`, `z`, `o`, `condition_id`, `comments`) VALUES (391403, 0, 37, 2, 3, 0, 0, 0, 0, 0, 0, 0, 0, 0, 0, 0, 0, 0, 0, 0, 'Rethilgore - Set Instance Data');
INSERT INTO `creature_ai_scripts` (`id`, `delay`, `command`, `datalong`, `datalong2`, `datalong3`, `datalong4`, `target_param1`, `target_param2`, `target_type`, `data_flags`, `dataint`, `dataint2`, `dataint3`, `dataint4`, `x`, `y`, `z`, `o`, `condition_id`, `comments`) VALUES (391403, 0, 39, 391403, 0, 0, 0, 0, 0, 0, 0, 100, 0, 0, 0, 0, 0, 0, 0, 0, 'Rethilgore - Start Event Script');
INSERT INTO `event_scripts` (`id`, `delay`, `command`, `datalong`, `datalong2`, `datalong3`, `datalong4`, `target_param1`, `target_param2`, `target_type`, `data_flags`, `dataint`, `dataint2`, `dataint3`, `dataint4`, `x`, `y`, `z`, `o`, `condition_id`, `comments`) VALUES (391403, 0, 0, 0, 0, 0, 0, 3849, 50, 8, 2, 1328, 0, 0, 0, 0, 0, 0, 0, 0, 'Deathstalker Adamant - Say Text');
INSERT INTO `event_scripts` (`id`, `delay`, `command`, `datalong`, `datalong2`, `datalong3`, `datalong4`, `target_param1`, `target_param2`, `target_type`, `data_flags`, `dataint`, `dataint2`, `dataint3`, `dataint4`, `x`, `y`, `z`, `o`, `condition_id`, `comments`) VALUES (391403, 4, 0, 0, 0, 0, 0, 3850, 50, 8, 2, 1329, 0, 0, 0, 0, 0, 0, 0, 0, 'Sorcerer Ashcrombe - Say Text');

-- Sorcerer Ashcrombe.
INSERT INTO `gossip_menu` VALUES (21213, 798, 0);
INSERT INTO `gossip_menu_option` (`menu_id`, `id`, `option_icon`, `option_text`, `OptionBroadcastTextID`, `option_id`, `npc_option_npcflag`, `action_menu_id`, `action_poi_id`, `action_script_id`, `box_coded`, `box_money`, `box_text`, `BoxBroadcastTextID`, `condition_id`) VALUES (21213, 0, 0, 'Please unlock the courtyard door.', 2802, 1, 1, -1, 0, 21213, 0, 0, NULL, 0, 3704);
DELETE FROM `gossip_scripts` WHERE `id`=21214;
INSERT INTO `gossip_scripts` (`id`, `delay`, `command`, `datalong`, `datalong2`, `datalong3`, `datalong4`, `target_param1`, `target_param2`, `target_type`, `data_flags`, `dataint`, `dataint2`, `dataint3`, `dataint4`, `x`, `y`, `z`, `o`, `condition_id`, `comments`) VALUES (21213, 0, 4, 147, 1, 2, 0, 0, 0, 0, 0, 0, 0, 0, 0, 0, 0, 0, 0, 0, 'Sorcerer Ashcrombe - Remove Gossip Flag');
INSERT INTO `gossip_scripts` (`id`, `delay`, `command`, `datalong`, `datalong2`, `datalong3`, `datalong4`, `target_param1`, `target_param2`, `target_type`, `data_flags`, `dataint`, `dataint2`, `dataint3`, `dataint4`, `x`, `y`, `z`, `o`, `condition_id`, `comments`) VALUES (21213, 0, 60, 3, 0, 4000, 0, 0, 0, 0, 0, 1, 3850, 0, 0, 0, 0, 0, 0, 0, 'Sorcerer Ashcrombe - Start Waypoints');
INSERT INTO `gossip_scripts` (`id`, `delay`, `command`, `datalong`, `datalong2`, `datalong3`, `datalong4`, `target_param1`, `target_param2`, `target_type`, `data_flags`, `dataint`, `dataint2`, `dataint3`, `dataint4`, `x`, `y`, `z`, `o`, `condition_id`, `comments`) VALUES (21213, 0, 4, 46, 512, 1, 0, 0, 0, 0, 0, 0, 0, 0, 0, 0, 0, 0, 0, 0, 'Sorcerer Ashcrombe - Add Passive Flag');
INSERT INTO `gossip_scripts` (`id`, `delay`, `command`, `datalong`, `datalong2`, `datalong3`, `datalong4`, `target_param1`, `target_param2`, `target_type`, `data_flags`, `dataint`, `dataint2`, `dataint3`, `dataint4`, `x`, `y`, `z`, `o`, `condition_id`, `comments`) VALUES (21213, 0, 0, 0, 0, 0, 0, 0, 0, 0, 0, 1331, 0, 0, 0, 0, 0, 0, 0, 0, 'Sorcerer Ashcrombe - Say Text');
UPDATE `creature_template` SET `ScriptName`='', `gossip_menu_id`=21213 WHERE `entry`=3850;
DELETE FROM `script_waypoint` WHERE `entry`=3850;
INSERT INTO `creature_movement_special` (`id`, `point`, `position_x`, `position_y`, `position_z`, `waittime`, `script_id`, `textid1`, `textid2`, `textid3`, `textid4`, `textid5`, `emote`, `spell`, `orientation`, `model1`, `model2`) VALUES (3850, 1, -241.817, 2122.9, 81.179, 0, 0, 0, 0, 0, 0, 0, 0, 0, 100, 0, 0);
INSERT INTO `creature_movement_special` (`id`, `point`, `position_x`, `position_y`, `position_z`, `waittime`, `script_id`, `textid1`, `textid2`, `textid3`, `textid4`, `textid5`, `emote`, `spell`, `orientation`, `model1`, `model2`) VALUES (3850, 2, -247.139, 2124.89, 81.179, 0, 0, 0, 0, 0, 0, 0, 0, 0, 100, 0, 0);
INSERT INTO `creature_movement_special` (`id`, `point`, `position_x`, `position_y`, `position_z`, `waittime`, `script_id`, `textid1`, `textid2`, `textid3`, `textid4`, `textid5`, `emote`, `spell`, `orientation`, `model1`, `model2`) VALUES (3850, 3, -253.179, 2127.41, 81.179, 0, 0, 0, 0, 0, 0, 0, 0, 0, 100, 0, 0);
INSERT INTO `creature_movement_special` (`id`, `point`, `position_x`, `position_y`, `position_z`, `waittime`, `script_id`, `textid1`, `textid2`, `textid3`, `textid4`, `textid5`, `emote`, `spell`, `orientation`, `model1`, `model2`) VALUES (3850, 4, -253.898, 2130.87, 81.179, 0, 0, 0, 0, 0, 0, 0, 0, 0, 100, 0, 0);
INSERT INTO `creature_movement_special` (`id`, `point`, `position_x`, `position_y`, `position_z`, `waittime`, `script_id`, `textid1`, `textid2`, `textid3`, `textid4`, `textid5`, `emote`, `spell`, `orientation`, `model1`, `model2`) VALUES (3850, 5, -249.889, 2142.31, 86.972, 0, 0, 0, 0, 0, 0, 0, 0, 0, 100, 0, 0);
INSERT INTO `creature_movement_special` (`id`, `point`, `position_x`, `position_y`, `position_z`, `waittime`, `script_id`, `textid1`, `textid2`, `textid3`, `textid4`, `textid5`, `emote`, `spell`, `orientation`, `model1`, `model2`) VALUES (3850, 6, -248.205, 2144.02, 87.013, 0, 0, 0, 0, 0, 0, 0, 0, 0, 100, 0, 0);
INSERT INTO `creature_movement_special` (`id`, `point`, `position_x`, `position_y`, `position_z`, `waittime`, `script_id`, `textid1`, `textid2`, `textid3`, `textid4`, `textid5`, `emote`, `spell`, `orientation`, `model1`, `model2`) VALUES (3850, 7, -240.553, 2140.55, 87.012, 0, 0, 0, 0, 0, 0, 0, 0, 0, 100, 0, 0);
INSERT INTO `creature_movement_special` (`id`, `point`, `position_x`, `position_y`, `position_z`, `waittime`, `script_id`, `textid1`, `textid2`, `textid3`, `textid4`, `textid5`, `emote`, `spell`, `orientation`, `model1`, `model2`) VALUES (3850, 8, -237.514, 2142.07, 87.012, 0, 0, 0, 0, 0, 0, 0, 0, 0, 100, 0, 0);
INSERT INTO `creature_movement_special` (`id`, `point`, `position_x`, `position_y`, `position_z`, `waittime`, `script_id`, `textid1`, `textid2`, `textid3`, `textid4`, `textid5`, `emote`, `spell`, `orientation`, `model1`, `model2`) VALUES (3850, 9, -235.638, 2149.23, 90.587, 0, 0, 0, 0, 0, 0, 0, 0, 0, 100, 0, 0);
INSERT INTO `creature_movement_special` (`id`, `point`, `position_x`, `position_y`, `position_z`, `waittime`, `script_id`, `textid1`, `textid2`, `textid3`, `textid4`, `textid5`, `emote`, `spell`, `orientation`, `model1`, `model2`) VALUES (3850, 10, -234.186, 2152.72, 90.624, 0, 0, 0, 0, 0, 0, 0, 0, 0, 100, 0, 0);
INSERT INTO `creature_movement_special` (`id`, `point`, `position_x`, `position_y`, `position_z`, `waittime`, `script_id`, `textid1`, `textid2`, `textid3`, `textid4`, `textid5`, `emote`, `spell`, `orientation`, `model1`, `model2`) VALUES (3850, 11, -241.162, 2153.65, 90.624, 0, 0, 0, 0, 0, 0, 0, 0, 0, 100, 0, 0);
INSERT INTO `creature_movement_special` (`id`, `point`, `position_x`, `position_y`, `position_z`, `waittime`, `script_id`, `textid1`, `textid2`, `textid3`, `textid4`, `textid5`, `emote`, `spell`, `orientation`, `model1`, `model2`) VALUES (3850, 12, -241.13, 2154.56, 90.624, 0, 385012, 0, 0, 0, 0, 0, 0, 0, 1.25, 0, 0);
DELETE FROM `creature_movement_scripts` WHERE `id`=385012;
INSERT INTO `creature_movement_scripts` (`id`, `delay`, `command`, `datalong`, `datalong2`, `datalong3`, `datalong4`, `target_param1`, `target_param2`, `target_type`, `data_flags`, `dataint`, `dataint2`, `dataint3`, `dataint4`, `x`, `y`, `z`, `o`, `condition_id`, `comments`) VALUES (385012, 0, 0, 0, 0, 0, 0, 0, 0, 0, 0, 1332, 0, 0, 0, 0, 0, 0, 0, 0, 'Sorcerer Ashcrombe - Say Text 1');
INSERT INTO `creature_movement_scripts` (`id`, `delay`, `command`, `datalong`, `datalong2`, `datalong3`, `datalong4`, `target_param1`, `target_param2`, `target_type`, `data_flags`, `dataint`, `dataint2`, `dataint3`, `dataint4`, `x`, `y`, `z`, `o`, `condition_id`, `comments`) VALUES (385012, 0, 15, 6421, 5, 0, 0, 0, 0, 0, 4, 0, 0, 0, 0, 0, 0, 0, 0, 0, 'Sorcerer Ashcrombe - Cast Spell Ashcrombe\'s Unlock');
INSERT INTO `creature_movement_scripts` (`id`, `delay`, `command`, `datalong`, `datalong2`, `datalong3`, `datalong4`, `target_param1`, `target_param2`, `target_type`, `data_flags`, `dataint`, `dataint2`, `dataint3`, `dataint4`, `x`, `y`, `z`, `o`, `condition_id`, `comments`) VALUES (385012, 5, 0, 0, 0, 0, 0, 0, 0, 0, 0, 1334, 0, 0, 0, 0, 0, 0, 0, 0, 'Sorcerer Ashcrombe - Say Text 2');
INSERT INTO `creature_movement_scripts` (`id`, `delay`, `command`, `datalong`, `datalong2`, `datalong3`, `datalong4`, `target_param1`, `target_param2`, `target_type`, `data_flags`, `dataint`, `dataint2`, `dataint3`, `dataint4`, `x`, `y`, `z`, `o`, `condition_id`, `comments`) VALUES (385012, 5, 37, 1, 3, 0, 0, 0, 0, 0, 0, 0, 0, 0, 0, 0, 0, 0, 0, 0, 'Sorcerer Ashcrombe - Set Instance Data');
INSERT INTO `creature_movement_scripts` (`id`, `delay`, `command`, `datalong`, `datalong2`, `datalong3`, `datalong4`, `target_param1`, `target_param2`, `target_type`, `data_flags`, `dataint`, `dataint2`, `dataint3`, `dataint4`, `x`, `y`, `z`, `o`, `condition_id`, `comments`) VALUES (385012, 10, 15, 6422, 5, 0, 0, 0, 0, 0, 4, 0, 0, 0, 0, 0, 0, 0, 0, 0, 'Sorcerer Ashcrombe - Cast Spell Ashcrombe\'s Teleport');
INSERT INTO `creature_movement_scripts` (`id`, `delay`, `command`, `datalong`, `datalong2`, `datalong3`, `datalong4`, `target_param1`, `target_param2`, `target_type`, `data_flags`, `dataint`, `dataint2`, `dataint3`, `dataint4`, `x`, `y`, `z`, `o`, `condition_id`, `comments`) VALUES (385012, 12, 0, 0, 0, 0, 0, 0, 0, 0, 0, 1343, 0, 0, 0, 0, 0, 0, 0, 0, 'Sorcerer Ashcrombe - Say Text 3 (Emoted)');
INSERT INTO `creature_movement_scripts` (`id`, `delay`, `command`, `datalong`, `datalong2`, `datalong3`, `datalong4`, `target_param1`, `target_param2`, `target_type`, `data_flags`, `dataint`, `dataint2`, `dataint3`, `dataint4`, `x`, `y`, `z`, `o`, `condition_id`, `comments`) VALUES (385012, 12, 18, 100, 0, 0, 0, 0, 0, 0, 0, 0, 0, 0, 0, 0, 0, 0, 0, 0, 'Sorcerer Ashcrombe - Despawn');

-- Deathstalker Adamant.
INSERT INTO `gossip_menu` VALUES (21214, 799, 0);
INSERT INTO `gossip_menu_option` (`menu_id`, `id`, `option_icon`, `option_text`, `OptionBroadcastTextID`, `option_id`, `npc_option_npcflag`, `action_menu_id`, `action_poi_id`, `action_script_id`, `box_coded`, `box_money`, `box_text`, `BoxBroadcastTextID`, `condition_id`) VALUES (21214, 0, 0, 'Please unlock the courtyard door.', 2802, 1, 1, -1, 0, 21214, 0, 0, NULL, 0, 3704);
DELETE FROM `gossip_scripts` WHERE `id`=21214;
INSERT INTO `gossip_scripts` (`id`, `delay`, `command`, `datalong`, `datalong2`, `datalong3`, `datalong4`, `target_param1`, `target_param2`, `target_type`, `data_flags`, `dataint`, `dataint2`, `dataint3`, `dataint4`, `x`, `y`, `z`, `o`, `condition_id`, `comments`) VALUES (21214, 0, 4, 147, 1, 2, 0, 0, 0, 0, 0, 0, 0, 0, 0, 0, 0, 0, 0, 0, 'Deathstalker Adamant - Remove Gossip Flag');
INSERT INTO `gossip_scripts` (`id`, `delay`, `command`, `datalong`, `datalong2`, `datalong3`, `datalong4`, `target_param1`, `target_param2`, `target_type`, `data_flags`, `dataint`, `dataint2`, `dataint3`, `dataint4`, `x`, `y`, `z`, `o`, `condition_id`, `comments`) VALUES (21214, 0, 60, 3, 0, 4000, 0, 0, 0, 0, 0, 1, 3849, 0, 0, 0, 0, 0, 0, 0, 'Deathstalker Adamant - Start Waypoints');
INSERT INTO `gossip_scripts` (`id`, `delay`, `command`, `datalong`, `datalong2`, `datalong3`, `datalong4`, `target_param1`, `target_param2`, `target_type`, `data_flags`, `dataint`, `dataint2`, `dataint3`, `dataint4`, `x`, `y`, `z`, `o`, `condition_id`, `comments`) VALUES (21214, 0, 4, 46, 512, 1, 0, 0, 0, 0, 0, 0, 0, 0, 0, 0, 0, 0, 0, 0, 'Deathstalker Adamant - Add Passive Flag');
INSERT INTO `gossip_scripts` (`id`, `delay`, `command`, `datalong`, `datalong2`, `datalong3`, `datalong4`, `target_param1`, `target_param2`, `target_type`, `data_flags`, `dataint`, `dataint2`, `dataint3`, `dataint4`, `x`, `y`, `z`, `o`, `condition_id`, `comments`) VALUES (21214, 0, 0, 0, 0, 0, 0, 0, 0, 0, 0, 1320, 0, 0, 0, 0, 0, 0, 0, 0, 'Deathstalker Adamant - Say Text');
UPDATE `creature_template` SET `ScriptName`='', `gossip_menu_id`=21214 WHERE `entry`=3849;
DELETE FROM `script_waypoint` WHERE `entry`=3849;
INSERT INTO `creature_movement_special` (`id`, `point`, `position_x`, `position_y`, `position_z`, `waittime`, `script_id`, `textid1`, `textid2`, `textid3`, `textid4`, `textid5`, `emote`, `spell`, `orientation`, `model1`, `model2`) VALUES (3849, 1, -250.923, 2116.26, 81.179, 0, 0, 0, 0, 0, 0, 0, 0, 0, 100, 0, 0);
INSERT INTO `creature_movement_special` (`id`, `point`, `position_x`, `position_y`, `position_z`, `waittime`, `script_id`, `textid1`, `textid2`, `textid3`, `textid4`, `textid5`, `emote`, `spell`, `orientation`, `model1`, `model2`) VALUES (3849, 2, -255.049, 2119.39, 81.179, 0, 0, 0, 0, 0, 0, 0, 0, 0, 100, 0, 0);
INSERT INTO `creature_movement_special` (`id`, `point`, `position_x`, `position_y`, `position_z`, `waittime`, `script_id`, `textid1`, `textid2`, `textid3`, `textid4`, `textid5`, `emote`, `spell`, `orientation`, `model1`, `model2`) VALUES (3849, 3, -254.129, 2123.45, 81.179, 0, 0, 0, 0, 0, 0, 0, 0, 0, 100, 0, 0);
INSERT INTO `creature_movement_special` (`id`, `point`, `position_x`, `position_y`, `position_z`, `waittime`, `script_id`, `textid1`, `textid2`, `textid3`, `textid4`, `textid5`, `emote`, `spell`, `orientation`, `model1`, `model2`) VALUES (3849, 4, -253.898, 2130.87, 81.179, 0, 0, 0, 0, 0, 0, 0, 0, 0, 100, 0, 0);
INSERT INTO `creature_movement_special` (`id`, `point`, `position_x`, `position_y`, `position_z`, `waittime`, `script_id`, `textid1`, `textid2`, `textid3`, `textid4`, `textid5`, `emote`, `spell`, `orientation`, `model1`, `model2`) VALUES (3849, 5, -249.889, 2142.31, 86.972, 0, 0, 0, 0, 0, 0, 0, 0, 0, 100, 0, 0);
INSERT INTO `creature_movement_special` (`id`, `point`, `position_x`, `position_y`, `position_z`, `waittime`, `script_id`, `textid1`, `textid2`, `textid3`, `textid4`, `textid5`, `emote`, `spell`, `orientation`, `model1`, `model2`) VALUES (3849, 6, -248.205, 2144.02, 87.013, 0, 0, 0, 0, 0, 0, 0, 0, 0, 100, 0, 0);
INSERT INTO `creature_movement_special` (`id`, `point`, `position_x`, `position_y`, `position_z`, `waittime`, `script_id`, `textid1`, `textid2`, `textid3`, `textid4`, `textid5`, `emote`, `spell`, `orientation`, `model1`, `model2`) VALUES (3849, 7, -240.553, 2140.55, 87.012, 0, 0, 0, 0, 0, 0, 0, 0, 0, 100, 0, 0);
INSERT INTO `creature_movement_special` (`id`, `point`, `position_x`, `position_y`, `position_z`, `waittime`, `script_id`, `textid1`, `textid2`, `textid3`, `textid4`, `textid5`, `emote`, `spell`, `orientation`, `model1`, `model2`) VALUES (3849, 8, -237.514, 2142.07, 87.012, 0, 0, 0, 0, 0, 0, 0, 0, 0, 100, 0, 0);
INSERT INTO `creature_movement_special` (`id`, `point`, `position_x`, `position_y`, `position_z`, `waittime`, `script_id`, `textid1`, `textid2`, `textid3`, `textid4`, `textid5`, `emote`, `spell`, `orientation`, `model1`, `model2`) VALUES (3849, 9, -235.638, 2149.23, 90.587, 0, 0, 0, 0, 0, 0, 0, 0, 0, 100, 0, 0);
INSERT INTO `creature_movement_special` (`id`, `point`, `position_x`, `position_y`, `position_z`, `waittime`, `script_id`, `textid1`, `textid2`, `textid3`, `textid4`, `textid5`, `emote`, `spell`, `orientation`, `model1`, `model2`) VALUES (3849, 10, -237.188, 2151.95, 90.624, 0, 0, 0, 0, 0, 0, 0, 0, 0, 100, 0, 0);
INSERT INTO `creature_movement_special` (`id`, `point`, `position_x`, `position_y`, `position_z`, `waittime`, `script_id`, `textid1`, `textid2`, `textid3`, `textid4`, `textid5`, `emote`, `spell`, `orientation`, `model1`, `model2`) VALUES (3849, 11, -239.651, 2155.98, 90.624, 12000, 384911, 0, 0, 0, 0, 0, 0, 0, 100, 0, 0);
INSERT INTO `creature_movement_special` (`id`, `point`, `position_x`, `position_y`, `position_z`, `waittime`, `script_id`, `textid1`, `textid2`, `textid3`, `textid4`, `textid5`, `emote`, `spell`, `orientation`, `model1`, `model2`) VALUES (3849, 12, -208.764, 2141.6, 90.6257, 0, 0, 0, 0, 0, 0, 0, 0, 0, 100, 0, 0);
INSERT INTO `creature_movement_special` (`id`, `point`, `position_x`, `position_y`, `position_z`, `waittime`, `script_id`, `textid1`, `textid2`, `textid3`, `textid4`, `textid5`, `emote`, `spell`, `orientation`, `model1`, `model2`) VALUES (3849, 13, -206.441, 2143.51, 90.4287, 0, 0, 0, 0, 0, 0, 0, 0, 0, 100, 0, 0);
INSERT INTO `creature_movement_special` (`id`, `point`, `position_x`, `position_y`, `position_z`, `waittime`, `script_id`, `textid1`, `textid2`, `textid3`, `textid4`, `textid5`, `emote`, `spell`, `orientation`, `model1`, `model2`) VALUES (3849, 14, -203.715, 2145.85, 88.7052, 0, 0, 0, 0, 0, 0, 0, 0, 0, 100, 0, 0);
INSERT INTO `creature_movement_special` (`id`, `point`, `position_x`, `position_y`, `position_z`, `waittime`, `script_id`, `textid1`, `textid2`, `textid3`, `textid4`, `textid5`, `emote`, `spell`, `orientation`, `model1`, `model2`) VALUES (3849, 15, -199.199, 2144.88, 86.501, 0, 0, 0, 0, 0, 0, 0, 0, 0, 100, 0, 0);
INSERT INTO `creature_movement_special` (`id`, `point`, `position_x`, `position_y`, `position_z`, `waittime`, `script_id`, `textid1`, `textid2`, `textid3`, `textid4`, `textid5`, `emote`, `spell`, `orientation`, `model1`, `model2`) VALUES (3849, 16, -195.798, 2143.58, 86.501, 0, 0, 0, 0, 0, 0, 0, 0, 0, 100, 0, 0);
INSERT INTO `creature_movement_special` (`id`, `point`, `position_x`, `position_y`, `position_z`, `waittime`, `script_id`, `textid1`, `textid2`, `textid3`, `textid4`, `textid5`, `emote`, `spell`, `orientation`, `model1`, `model2`) VALUES (3849, 17, -190.029, 2141.38, 83.2712, 0, 0, 0, 0, 0, 0, 0, 0, 0, 100, 0, 0);
INSERT INTO `creature_movement_special` (`id`, `point`, `position_x`, `position_y`, `position_z`, `waittime`, `script_id`, `textid1`, `textid2`, `textid3`, `textid4`, `textid5`, `emote`, `spell`, `orientation`, `model1`, `model2`) VALUES (3849, 18, -189.353, 2138.65, 83.1102, 0, 0, 0, 0, 0, 0, 0, 0, 0, 100, 0, 0);
INSERT INTO `creature_movement_special` (`id`, `point`, `position_x`, `position_y`, `position_z`, `waittime`, `script_id`, `textid1`, `textid2`, `textid3`, `textid4`, `textid5`, `emote`, `spell`, `orientation`, `model1`, `model2`) VALUES (3849, 19, -190.304, 2135.73, 81.5288, 0, 0, 0, 0, 0, 0, 0, 0, 0, 100, 0, 0);
INSERT INTO `creature_movement_special` (`id`, `point`, `position_x`, `position_y`, `position_z`, `waittime`, `script_id`, `textid1`, `textid2`, `textid3`, `textid4`, `textid5`, `emote`, `spell`, `orientation`, `model1`, `model2`) VALUES (3849, 20, -207.325, 2112.43, 81.0548, 0, 0, 0, 0, 0, 0, 0, 0, 0, 100, 0, 0);
INSERT INTO `creature_movement_special` (`id`, `point`, `position_x`, `position_y`, `position_z`, `waittime`, `script_id`, `textid1`, `textid2`, `textid3`, `textid4`, `textid5`, `emote`, `spell`, `orientation`, `model1`, `model2`) VALUES (3849, 21, -208.754, 2109.9, 81.0527, 0, 0, 0, 0, 0, 0, 0, 0, 0, 100, 0, 0);
INSERT INTO `creature_movement_special` (`id`, `point`, `position_x`, `position_y`, `position_z`, `waittime`, `script_id`, `textid1`, `textid2`, `textid3`, `textid4`, `textid5`, `emote`, `spell`, `orientation`, `model1`, `model2`) VALUES (3849, 22, -206.248, 2108.62, 81.0555, 0, 0, 0, 0, 0, 0, 0, 0, 0, 100, 0, 0);
INSERT INTO `creature_movement_special` (`id`, `point`, `position_x`, `position_y`, `position_z`, `waittime`, `script_id`, `textid1`, `textid2`, `textid3`, `textid4`, `textid5`, `emote`, `spell`, `orientation`, `model1`, `model2`) VALUES (3849, 23, -202.017, 2106.64, 78.6836, 0, 0, 0, 0, 0, 0, 0, 0, 0, 100, 0, 0);
INSERT INTO `creature_movement_special` (`id`, `point`, `position_x`, `position_y`, `position_z`, `waittime`, `script_id`, `textid1`, `textid2`, `textid3`, `textid4`, `textid5`, `emote`, `spell`, `orientation`, `model1`, `model2`) VALUES (3849, 24, -200.928, 2104.49, 78.5569, 0, 0, 0, 0, 0, 0, 0, 0, 0, 100, 0, 0);
INSERT INTO `creature_movement_special` (`id`, `point`, `position_x`, `position_y`, `position_z`, `waittime`, `script_id`, `textid1`, `textid2`, `textid3`, `textid4`, `textid5`, `emote`, `spell`, `orientation`, `model1`, `model2`) VALUES (3849, 25, -201.845, 2101.17, 76.9256, 0, 0, 0, 0, 0, 0, 0, 0, 0, 100, 0, 0);
INSERT INTO `creature_movement_special` (`id`, `point`, `position_x`, `position_y`, `position_z`, `waittime`, `script_id`, `textid1`, `textid2`, `textid3`, `textid4`, `textid5`, `emote`, `spell`, `orientation`, `model1`, `model2`) VALUES (3849, 26, -202.844, 2100.11, 76.8911, 0, 0, 0, 0, 0, 0, 0, 0, 0, 100, 0, 0);
INSERT INTO `creature_movement_special` (`id`, `point`, `position_x`, `position_y`, `position_z`, `waittime`, `script_id`, `textid1`, `textid2`, `textid3`, `textid4`, `textid5`, `emote`, `spell`, `orientation`, `model1`, `model2`) VALUES (3849, 27, -213.326, 2105.83, 76.8925, 0, 0, 0, 0, 0, 0, 0, 0, 0, 100, 0, 0);
INSERT INTO `creature_movement_special` (`id`, `point`, `position_x`, `position_y`, `position_z`, `waittime`, `script_id`, `textid1`, `textid2`, `textid3`, `textid4`, `textid5`, `emote`, `spell`, `orientation`, `model1`, `model2`) VALUES (3849, 28, -226.993, 2111.47, 76.8892, 0, 0, 0, 0, 0, 0, 0, 0, 0, 100, 0, 0);
INSERT INTO `creature_movement_special` (`id`, `point`, `position_x`, `position_y`, `position_z`, `waittime`, `script_id`, `textid1`, `textid2`, `textid3`, `textid4`, `textid5`, `emote`, `spell`, `orientation`, `model1`, `model2`) VALUES (3849, 29, -227.955, 2112.34, 76.8895, 0, 0, 0, 0, 0, 0, 0, 0, 0, 100, 0, 0);
INSERT INTO `creature_movement_special` (`id`, `point`, `position_x`, `position_y`, `position_z`, `waittime`, `script_id`, `textid1`, `textid2`, `textid3`, `textid4`, `textid5`, `emote`, `spell`, `orientation`, `model1`, `model2`) VALUES (3849, 30, -230.05, 2106.64, 76.8895, 0, 384930, 0, 0, 0, 0, 0, 0, 0, 100, 0, 0);
DELETE FROM `creature_movement_scripts` WHERE `id`=384911;
INSERT INTO `creature_movement_scripts` (`id`, `delay`, `command`, `datalong`, `datalong2`, `datalong3`, `datalong4`, `target_param1`, `target_param2`, `target_type`, `data_flags`, `dataint`, `dataint2`, `dataint3`, `dataint4`, `x`, `y`, `z`, `o`, `condition_id`, `comments`) VALUES (384911, 0, 1, 69, 0, 0, 0, 0, 0, 0, 0, 0, 0, 0, 0, 0, 0, 0, 0, 0, 'Deathstalker Adamant - Emote Crafting');
INSERT INTO `creature_movement_scripts` (`id`, `delay`, `command`, `datalong`, `datalong2`, `datalong3`, `datalong4`, `target_param1`, `target_param2`, `target_type`, `data_flags`, `dataint`, `dataint2`, `dataint3`, `dataint4`, `x`, `y`, `z`, `o`, `condition_id`, `comments`) VALUES (384911, 0, 0, 0, 0, 0, 0, 0, 0, 0, 0, 1321, 0, 0, 0, 0, 0, 0, 0, 0, 'Deathstalker Adamant - Say Text 1');
INSERT INTO `creature_movement_scripts` (`id`, `delay`, `command`, `datalong`, `datalong2`, `datalong3`, `datalong4`, `target_param1`, `target_param2`, `target_type`, `data_flags`, `dataint`, `dataint2`, `dataint3`, `dataint4`, `x`, `y`, `z`, `o`, `condition_id`, `comments`) VALUES (384911, 0, 0, 0, 0, 0, 0, 0, 0, 0, 0, 1322, 0, 0, 0, 0, 0, 0, 0, 0, 'Deathstalker Adamant - Say Text 2 (Emoted)');
INSERT INTO `creature_movement_scripts` (`id`, `delay`, `command`, `datalong`, `datalong2`, `datalong3`, `datalong4`, `target_param1`, `target_param2`, `target_type`, `data_flags`, `dataint`, `dataint2`, `dataint3`, `dataint4`, `x`, `y`, `z`, `o`, `condition_id`, `comments`) VALUES (384911, 6, 1, 0, 0, 0, 0, 0, 0, 0, 0, 0, 0, 0, 0, 0, 0, 0, 0, 0, 'Deathstalker Adamant - Stop Emoting');
INSERT INTO `creature_movement_scripts` (`id`, `delay`, `command`, `datalong`, `datalong2`, `datalong3`, `datalong4`, `target_param1`, `target_param2`, `target_type`, `data_flags`, `dataint`, `dataint2`, `dataint3`, `dataint4`, `x`, `y`, `z`, `o`, `condition_id`, `comments`) VALUES (384911, 6, 0, 0, 0, 0, 0, 0, 0, 0, 0, 1323, 0, 0, 0, 0, 0, 0, 0, 0, 'Deathstalker Adamant - Say Text 3');
INSERT INTO `creature_movement_scripts` (`id`, `delay`, `command`, `datalong`, `datalong2`, `datalong3`, `datalong4`, `target_param1`, `target_param2`, `target_type`, `data_flags`, `dataint`, `dataint2`, `dataint3`, `dataint4`, `x`, `y`, `z`, `o`, `condition_id`, `comments`) VALUES (384911, 6, 37, 1, 3, 0, 0, 0, 0, 0, 0, 0, 0, 0, 0, 0, 0, 0, 0, 0, 'Deathstalker Adamant - Set Instance Data');
INSERT INTO `creature_movement_scripts` (`id`, `delay`, `command`, `datalong`, `datalong2`, `datalong3`, `datalong4`, `target_param1`, `target_param2`, `target_type`, `data_flags`, `dataint`, `dataint2`, `dataint3`, `dataint4`, `x`, `y`, `z`, `o`, `condition_id`, `comments`) VALUES (384911, 10, 0, 0, 0, 0, 0, 0, 0, 0, 0, 1324, 0, 0, 0, 0, 0, 0, 0, 0, 'Deathstalker Adamant - Say Text 4');
INSERT INTO `creature_movement_scripts` (`id`, `delay`, `command`, `datalong`, `datalong2`, `datalong3`, `datalong4`, `target_param1`, `target_param2`, `target_type`, `data_flags`, `dataint`, `dataint2`, `dataint3`, `dataint4`, `x`, `y`, `z`, `o`, `condition_id`, `comments`) VALUES (384911, 10, 25, 1, 0, 0, 0, 0, 0, 0, 0, 0, 0, 0, 0, 0, 0, 0, 0, 0, 'Deathstalker Adamant - Set Run');
DELETE FROM `creature_movement_scripts` WHERE `id`=384930;
INSERT INTO `creature_movement_scripts` (`id`, `delay`, `command`, `datalong`, `datalong2`, `datalong3`, `datalong4`, `target_param1`, `target_param2`, `target_type`, `data_flags`, `dataint`, `dataint2`, `dataint3`, `dataint4`, `x`, `y`, `z`, `o`, `condition_id`, `comments`) VALUES (384930, 0, 18, 0, 0, 0, 0, 0, 0, 0, 0, 0, 0, 0, 0, 0, 0, 0, 0, 0, 'Deathstalker Adamant - Despawn');

-- Script when Fenrus dies.
DELETE FROM `spell_mod` WHERE `id`=33019;
DELETE FROM `spell_effect_mod` WHERE `id`=33019;
DELETE FROM `creature_ai_scripts` WHERE `id`=427403;
INSERT INTO `creature_ai_scripts` (`id`, `delay`, `command`, `datalong`, `datalong2`, `datalong3`, `datalong4`, `target_param1`, `target_param2`, `target_type`, `data_flags`, `dataint`, `dataint2`, `dataint3`, `dataint4`, `x`, `y`, `z`, `o`, `condition_id`, `comments`) VALUES (427403, 0, 37, 3, 3, 0, 0, 0, 0, 0, 0, 0, 0, 0, 0, 0, 0, 0, 0, 0, 'Fenrus the Devourer - Set Instance Data');
INSERT INTO `creature_ai_scripts` (`id`, `delay`, `command`, `datalong`, `datalong2`, `datalong3`, `datalong4`, `target_param1`, `target_param2`, `target_type`, `data_flags`, `dataint`, `dataint2`, `dataint3`, `dataint4`, `x`, `y`, `z`, `o`, `condition_id`, `comments`) VALUES (427403, 0, 10, 4275, 14000, 0, 0, 0, 0, 0, 0, 0, 427403, 6, 3, -137.29, 2169.59, 136.57, 2.81, 0, 'Fenrus the Devourer - Summon Archmage Arugal');
INSERT INTO `creature_ai_scripts` (`id`, `delay`, `command`, `datalong`, `datalong2`, `datalong3`, `datalong4`, `target_param1`, `target_param2`, `target_type`, `data_flags`, `dataint`, `dataint2`, `dataint3`, `dataint4`, `x`, `y`, `z`, `o`, `condition_id`, `comments`) VALUES (427403, 0, 39, 9536, 0, 0, 0, 0, 0, 0, 0, 100, 0, 0, 0, 0, 0, 0, 0, 0, 'Fenrus the Devourer - Start Script to Summon Voidwalkers');
DELETE FROM `event_scripts` WHERE `id`=427403;
INSERT INTO `event_scripts` (`id`, `delay`, `command`, `datalong`, `datalong2`, `datalong3`, `datalong4`, `target_param1`, `target_param2`, `target_type`, `data_flags`, `dataint`, `dataint2`, `dataint3`, `dataint4`, `x`, `y`, `z`, `o`, `condition_id`, `comments`) VALUES (427403, 0, 0, 0, 0, 0, 0, 0, 0, 0, 0, 1435, 0, 0, 0, 0, 0, 0, 0, 0, 'Archmage Arugal - Say Text');
INSERT INTO `event_scripts` (`id`, `delay`, `command`, `datalong`, `datalong2`, `datalong3`, `datalong4`, `target_param1`, `target_param2`, `target_type`, `data_flags`, `dataint`, `dataint2`, `dataint3`, `dataint4`, `x`, `y`, `z`, `o`, `condition_id`, `comments`) VALUES (427403, 0, 4, 46, 898, 1, 0, 0, 0, 0, 0, 0, 0, 0, 0, 0, 0, 0, 0, 0, 'Archmage Arugal - Make Unattackable');
INSERT INTO `event_scripts` (`id`, `delay`, `command`, `datalong`, `datalong2`, `datalong3`, `datalong4`, `target_param1`, `target_param2`, `target_type`, `data_flags`, `dataint`, `dataint2`, `dataint3`, `dataint4`, `x`, `y`, `z`, `o`, `condition_id`, `comments`) VALUES (427403, 2, 15, 6422, 0, 0, 0, 0, 0, 0, 4, 0, 0, 0, 0, 0, 0, 0, 0, 0, 'Archmage Arugal - Cast Spell Ashcrombe\'s Teleport');
INSERT INTO `event_scripts` (`id`, `delay`, `command`, `datalong`, `datalong2`, `datalong3`, `datalong4`, `target_param1`, `target_param2`, `target_type`, `data_flags`, `dataint`, `dataint2`, `dataint3`, `dataint4`, `x`, `y`, `z`, `o`, `condition_id`, `comments`) VALUES (427403, 8, 13, 0, 0, 0, 0, 32447, 0, 12, 2, 0, 0, 0, 0, 0, 0, 0, 0, 0, 'Archmage Arugal - Activate Object Arugal\'s Focus');
DELETE FROM `event_scripts` WHERE `id`=9536;
INSERT INTO `event_scripts` (`id`, `delay`, `command`, `datalong`, `datalong2`, `datalong3`, `datalong4`, `target_param1`, `target_param2`, `target_type`, `data_flags`, `dataint`, `dataint2`, `dataint3`, `dataint4`, `x`, `y`, `z`, `o`, `condition_id`, `comments`) VALUES (9536, 14, 10, 4627, 9000000, 0, 0, 0, 0, 0, 0, 0, 0, 6, 1, -147.059, 2163.19, 128.696, 0.128, 0, 'Fenrus the Devourer - Summon Voidwalker 1');
INSERT INTO `event_scripts` (`id`, `delay`, `command`, `datalong`, `datalong2`, `datalong3`, `datalong4`, `target_param1`, `target_param2`, `target_type`, `data_flags`, `dataint`, `dataint2`, `dataint3`, `dataint4`, `x`, `y`, `z`, `o`, `condition_id`, `comments`) VALUES (9536, 14, 10, 4627, 9000000, 0, 0, 0, 0, 0, 0, 0, 0, 6, 1, -155.352, 2172.78, 128.448, 4.679, 0, 'Fenrus the Devourer - Summon Voidwalker 2');
INSERT INTO `event_scripts` (`id`, `delay`, `command`, `datalong`, `datalong2`, `datalong3`, `datalong4`, `target_param1`, `target_param2`, `target_type`, `data_flags`, `dataint`, `dataint2`, `dataint3`, `dataint4`, `x`, `y`, `z`, `o`, `condition_id`, `comments`) VALUES (9536, 14, 10, 4627, 9000000, 0, 0, 0, 0, 0, 0, 0, 0, 6, 1, -148.869, 2180.86, 128.448, 1.814, 0, 'Fenrus the Devourer - Summon Voidwalker 3');
INSERT INTO `event_scripts` (`id`, `delay`, `command`, `datalong`, `datalong2`, `datalong3`, `datalong4`, `target_param1`, `target_param2`, `target_type`, `data_flags`, `dataint`, `dataint2`, `dataint3`, `dataint4`, `x`, `y`, `z`, `o`, `condition_id`, `comments`) VALUES (9536, 14, 10, 4627, 9000000, 0, 0, 0, 0, 0, 0, 0, 0, 6, 1, -140.203, 2175.26, 128.448, 0.373, 0, 'Fenrus the Devourer - Summon Voidwalker 4');

-- Wolf Master Nandos - Script when his dogs die.
UPDATE `creature_template` SET `flags_extra`=`flags_extra`+65536 WHERE `entry`=3927;
UPDATE `creature` SET `spawntimesecsmin`=7200, `spawntimesecsmax`=7200 WHERE `guid` iN (16240, 16241, 16239, 16238);
DELETE FROM `creature_groups` WHERE `leaderGUID`=16238;
INSERT INTO `creature_groups` VALUES (16237, 16237, 0, 0, 64);
INSERT INTO `creature_groups` VALUES (16237, 16238, 0, 0, 64);
INSERT INTO `creature_groups` VALUES (16237, 16239, 0, 0, 64);
INSERT INTO `creature_groups` VALUES (16237, 16240, 0, 0, 64);
INSERT INTO `creature_groups` VALUES (16237, 16241, 0, 0, 64);
INSERT INTO `creature_linking` VALUES (16239, 16238, 3);
INSERT INTO `creature_linking` VALUES (16240, 16238, 3);
INSERT INTO `creature_linking` VALUES (16241, 16238, 3);
INSERT INTO `creature_ai_events` (`id`, `creature_id`, `condition_id`, `event_type`, `event_inverse_phase_mask`, `event_chance`, `event_flags`, `event_param1`, `event_param2`, `event_param3`, `event_param4`, `action1_script`, `action2_script`, `action3_script`, `comment`) VALUES (392707, 3927, 0, 32, 0, 100, 1, 0, 0, 0, 0, 392707, 0, 0, 'Wolf Master Nandos - Increment Phase on Group Member Died');
INSERT INTO `creature_ai_events` (`id`, `creature_id`, `condition_id`, `event_type`, `event_inverse_phase_mask`, `event_chance`, `event_flags`, `event_param1`, `event_param2`, `event_param3`, `event_param4`, `action1_script`, `action2_script`, `action3_script`, `comment`) VALUES (392708, 3927, 0, 1, 15, 100, 0, 0, 0, 0, 0, 392708, 0, 0, 'Wolf Master Nandos - Say Text on Group All Dead');
DELETE FROM `creature_ai_scripts` WHERE `id`=392706;
INSERT INTO `creature_ai_scripts` (`id`, `delay`, `command`, `datalong`, `datalong2`, `datalong3`, `datalong4`, `target_param1`, `target_param2`, `target_type`, `data_flags`, `dataint`, `dataint2`, `dataint3`, `dataint4`, `x`, `y`, `z`, `o`, `condition_id`, `comments`) VALUES (392706, 0, 37, 4, 2, 0, 0, 0, 0, 0, 0, 0, 0, 0, 0, 0, 0, 0, 0, 0, 'Wolf Master Nandos - Set Instance Data');
INSERT INTO `creature_ai_scripts` (`id`, `delay`, `command`, `datalong`, `datalong2`, `datalong3`, `datalong4`, `target_param1`, `target_param2`, `target_type`, `data_flags`, `dataint`, `dataint2`, `dataint3`, `dataint4`, `x`, `y`, `z`, `o`, `condition_id`, `comments`) VALUES (392706, 0, 44, 0, 0, 0, 0, 0, 0, 0, 0, 0, 0, 0, 0, 0, 0, 0, 0, 0, 'Wolf Master Nandos - Set Phase to 0');
DELETE FROM `creature_ai_scripts` WHERE `id`=392707;
INSERT INTO `creature_ai_scripts` (`id`, `delay`, `command`, `datalong`, `datalong2`, `datalong3`, `datalong4`, `target_param1`, `target_param2`, `target_type`, `data_flags`, `dataint`, `dataint2`, `dataint3`, `dataint4`, `x`, `y`, `z`, `o`, `condition_id`, `comments`) VALUES (392707, 0, 44, 1, 1, 0, 0, 0, 0, 0, 0, 0, 0, 0, 0, 0, 0, 0, 0, 0, 'Wolf Master Nandos - Increment Phase');
DELETE FROM `creature_ai_scripts` WHERE `id`=392708;
INSERT INTO `creature_ai_scripts` (`id`, `delay`, `command`, `datalong`, `datalong2`, `datalong3`, `datalong4`, `target_param1`, `target_param2`, `target_type`, `data_flags`, `dataint`, `dataint2`, `dataint3`, `dataint4`, `x`, `y`, `z`, `o`, `condition_id`, `comments`) VALUES (392708, 0, 44, 0, 0, 0, 0, 0, 0, 0, 0, 0, 0, 0, 0, 0, 0, 0, 0, 0, 'Wolf Master Nandos - Set Phase to 0');
INSERT INTO `creature_ai_scripts` (`id`, `delay`, `command`, `datalong`, `datalong2`, `datalong3`, `datalong4`, `target_param1`, `target_param2`, `target_type`, `data_flags`, `dataint`, `dataint2`, `dataint3`, `dataint4`, `x`, `y`, `z`, `o`, `condition_id`, `comments`) VALUES (392708, 0, 0, 0, 0, 0, 0, 0, 0, 0, 0, 2086, 0, 0, 0, 0, 0, 0, 0, 0, 'Wolf Master Nandos - Say Text');
INSERT INTO `creature_ai_scripts` (`id`, `delay`, `command`, `datalong`, `datalong2`, `datalong3`, `datalong4`, `target_param1`, `target_param2`, `target_type`, `data_flags`, `dataint`, `dataint2`, `dataint3`, `dataint4`, `x`, `y`, `z`, `o`, `condition_id`, `comments`) VALUES (392708, 0, 25, 1, 0, 0, 0, 0, 0, 0, 0, 0, 0, 0, 0, 0, 0, 0, 0, 0, 'Wolf Master Nandos - Set Run');
INSERT INTO `creature_ai_scripts` (`id`, `delay`, `command`, `datalong`, `datalong2`, `datalong3`, `datalong4`, `target_param1`, `target_param2`, `target_type`, `data_flags`, `dataint`, `dataint2`, `dataint3`, `dataint4`, `x`, `y`, `z`, `o`, `condition_id`, `comments`) VALUES (392708, 0, 3, 0, 0, 5, 0, 0, 0, 0, 0, 0, 0, 0, 0, -171, 2182.22, 151.9, 0, 0, 'Wolf Master Nandos - Move to Door');

-- Archmage Arugal.
DELETE FROM `creature_ai_events` WHERE `creature_id`=4275;
INSERT INTO `creature_ai_events` (`id`, `creature_id`, `condition_id`, `event_type`, `event_inverse_phase_mask`, `event_chance`, `event_flags`, `event_param1`, `event_param2`, `event_param3`, `event_param4`, `action1_script`, `action2_script`, `action3_script`, `comment`) VALUES (427501, 4275, 0, 4, 0, 100, 0, 0, 0, 0, 0, 427501, 0, 0, 'Archmage Arugal - Yell on Aggro');
INSERT INTO `creature_ai_events` (`id`, `creature_id`, `condition_id`, `event_type`, `event_inverse_phase_mask`, `event_chance`, `event_flags`, `event_param1`, `event_param2`, `event_param3`, `event_param4`, `action1_script`, `action2_script`, `action3_script`, `comment`) VALUES (427502, 4275, 0, 5, 0, 100, 0, 0, 0, 0, 0, 427502, 0, 0, 'Archmage Arugal - Yell on Player Kill');
INSERT INTO `creature_ai_events` (`id`, `creature_id`, `condition_id`, `event_type`, `event_inverse_phase_mask`, `event_chance`, `event_flags`, `event_param1`, `event_param2`, `event_param3`, `event_param4`, `action1_script`, `action2_script`, `action3_script`, `comment`) VALUES (427503, 4275, 0, 9, 0, 100, 1, 0, 10, 500, 500, 427503, 0, 0, 'Archmage Arugal - Enable Melee Attack below 10 yards');
INSERT INTO `creature_ai_events` (`id`, `creature_id`, `condition_id`, `event_type`, `event_inverse_phase_mask`, `event_chance`, `event_flags`, `event_param1`, `event_param2`, `event_param3`, `event_param4`, `action1_script`, `action2_script`, `action3_script`, `comment`) VALUES (427504, 4275, 0, 9, 0, 100, 1, 10, 60, 500, 500, 427504, 0, 0, 'Archmage Arugal - Disable Melee Attack above 10 yards');
INSERT INTO `creature_ai_events` (`id`, `creature_id`, `condition_id`, `event_type`, `event_inverse_phase_mask`, `event_chance`, `event_flags`, `event_param1`, `event_param2`, `event_param3`, `event_param4`, `action1_script`, `action2_script`, `action3_script`, `comment`) VALUES (427505, 4275, 3710, 0, 4, 100, 1, 48000, 48000, 40000, 40000, 427505, 0, 0, 'Archmage Arugal - Cast Shadow Port 1');
INSERT INTO `creature_ai_events` (`id`, `creature_id`, `condition_id`, `event_type`, `event_inverse_phase_mask`, `event_chance`, `event_flags`, `event_param1`, `event_param2`, `event_param3`, `event_param4`, `action1_script`, `action2_script`, `action3_script`, `comment`) VALUES (427506, 4275, 3710, 0, 4, 100, 1, 22000, 22000, 40000, 40000, 427506, 0, 0, 'Archmage Arugal - Cast Shadow Port 2');
INSERT INTO `creature_ai_events` (`id`, `creature_id`, `condition_id`, `event_type`, `event_inverse_phase_mask`, `event_chance`, `event_flags`, `event_param1`, `event_param2`, `event_param3`, `event_param4`, `action1_script`, `action2_script`, `action3_script`, `comment`) VALUES (427507, 4275, 3710, 0, 4, 100, 1, 34000, 34000, 40000, 40000, 427507, 0, 0, 'Archmage Arugal - Cast Shadow Port 3');
INSERT INTO `creature_ai_events` (`id`, `creature_id`, `condition_id`, `event_type`, `event_inverse_phase_mask`, `event_chance`, `event_flags`, `event_param1`, `event_param2`, `event_param3`, `event_param4`, `action1_script`, `action2_script`, `action3_script`, `comment`) VALUES (427508, 4275, 0, 27, 5, 100, 1, 7587, 1, 5000, 5000, 427508, 0, 0, 'Archmage Arugal - Cast Shadow Port when Root Expires');
INSERT INTO `creature_ai_events` (`id`, `creature_id`, `condition_id`, `event_type`, `event_inverse_phase_mask`, `event_chance`, `event_flags`, `event_param1`, `event_param2`, `event_param3`, `event_param4`, `action1_script`, `action2_script`, `action3_script`, `comment`) VALUES (427509, 4275, 0, 3, 6, 100, 0, 20, 0, 0, 0, 427509, 0, 0, 'Archmage Arugal - Set Phase when Mana below 10%');
INSERT INTO `creature_ai_events` (`id`, `creature_id`, `condition_id`, `event_type`, `event_inverse_phase_mask`, `event_chance`, `event_flags`, `event_param1`, `event_param2`, `event_param3`, `event_param4`, `action1_script`, `action2_script`, `action3_script`, `comment`) VALUES (427510, 4275, 0, 7, 0, 100, 0, 0, 0, 0, 0, 427510, 0, 0, 'Archmage Arugal - Set Phase on Evade');
DELETE FROM `creature_ai_scripts` WHERE `id`=427503;
INSERT INTO `creature_ai_scripts` (`id`, `delay`, `command`, `datalong`, `datalong2`, `datalong3`, `datalong4`, `target_param1`, `target_param2`, `target_type`, `data_flags`, `dataint`, `dataint2`, `dataint3`, `dataint4`, `x`, `y`, `z`, `o`, `condition_id`, `comments`) VALUES (427503, 0, 42, 1, 0, 0, 0, 0, 0, 1, 0, 0, 0, 0, 0, 0, 0, 0, 0, 0, 'Archmage Arugal - Enable Melee Attack');
DELETE FROM `creature_ai_scripts` WHERE `id`=427504;
INSERT INTO `creature_ai_scripts` (`id`, `delay`, `command`, `datalong`, `datalong2`, `datalong3`, `datalong4`, `target_param1`, `target_param2`, `target_type`, `data_flags`, `dataint`, `dataint2`, `dataint3`, `dataint4`, `x`, `y`, `z`, `o`, `condition_id`, `comments`) VALUES (427504, 0, 42, 0, 0, 0, 0, 0, 0, 1, 0, 0, 0, 0, 0, 0, 0, 0, 0, 0, 'Archmage Arugal - Disable Melee Attack');
DELETE FROM `creature_ai_scripts` WHERE `id`=427505;
INSERT INTO `creature_ai_scripts` (`id`, `delay`, `command`, `datalong`, `datalong2`, `datalong3`, `datalong4`, `target_param1`, `target_param2`, `target_type`, `data_flags`, `dataint`, `dataint2`, `dataint3`, `dataint4`, `x`, `y`, `z`, `o`, `condition_id`, `comments`) VALUES (427505, 0, 15, 7136, 1, 0, 0, 0, 0, 0, 4, 0, 0, 0, 0, 0, 0, 0, 0, 0, 'Archmage Arugal - Cast Shadow Port');
DELETE FROM `creature_ai_scripts` WHERE `id`=427506;
INSERT INTO `creature_ai_scripts` (`id`, `delay`, `command`, `datalong`, `datalong2`, `datalong3`, `datalong4`, `target_param1`, `target_param2`, `target_type`, `data_flags`, `dataint`, `dataint2`, `dataint3`, `dataint4`, `x`, `y`, `z`, `o`, `condition_id`, `comments`) VALUES (427506, 0, 15, 7586, 1, 0, 0, 0, 0, 0, 4, 0, 0, 0, 0, 0, 0, 0, 0, 0, 'Archmage Arugal - Cast Shadow Port');
DELETE FROM `creature_ai_scripts` WHERE `id`=427507;
INSERT INTO `creature_ai_scripts` (`id`, `delay`, `command`, `datalong`, `datalong2`, `datalong3`, `datalong4`, `target_param1`, `target_param2`, `target_type`, `data_flags`, `dataint`, `dataint2`, `dataint3`, `dataint4`, `x`, `y`, `z`, `o`, `condition_id`, `comments`) VALUES (427507, 0, 15, 7587, 1, 0, 0, 0, 0, 0, 4, 0, 0, 0, 0, 0, 0, 0, 0, 0, 'Archmage Arugal - Cast Shadow Port');
INSERT INTO `creature_ai_scripts` (`id`, `delay`, `command`, `datalong`, `datalong2`, `datalong3`, `datalong4`, `target_param1`, `target_param2`, `target_type`, `data_flags`, `dataint`, `dataint2`, `dataint3`, `dataint4`, `x`, `y`, `z`, `o`, `condition_id`, `comments`) VALUES (427507, 0, 44, 1, 0, 0, 0, 0, 0, 0, 4, 0, 0, 0, 0, 0, 0, 0, 0, 0, 'Archmage Arugal - Set Phase to 1');
DELETE FROM `creature_ai_scripts` WHERE `id`=427508;
INSERT INTO `creature_ai_scripts` (`id`, `delay`, `command`, `datalong`, `datalong2`, `datalong3`, `datalong4`, `target_param1`, `target_param2`, `target_type`, `data_flags`, `dataint`, `dataint2`, `dataint3`, `dataint4`, `x`, `y`, `z`, `o`, `condition_id`, `comments`) VALUES (427508, 0, 15, 7586, 3, 0, 0, 0, 0, 0, 4, 0, 0, 0, 0, 0, 0, 0, 0, 0, 'Archmage Arugal - Cast Shadow Port');
INSERT INTO `creature_ai_scripts` (`id`, `delay`, `command`, `datalong`, `datalong2`, `datalong3`, `datalong4`, `target_param1`, `target_param2`, `target_type`, `data_flags`, `dataint`, `dataint2`, `dataint3`, `dataint4`, `x`, `y`, `z`, `o`, `condition_id`, `comments`) VALUES (427508, 0, 44, 0, 0, 0, 0, 0, 0, 0, 4, 0, 0, 0, 0, 0, 0, 0, 0, 0, 'Archmage Arugal - Set Phase to 0');
DELETE FROM `creature_ai_scripts` WHERE `id`=427509;
INSERT INTO `creature_ai_scripts` (`id`, `delay`, `command`, `datalong`, `datalong2`, `datalong3`, `datalong4`, `target_param1`, `target_param2`, `target_type`, `data_flags`, `dataint`, `dataint2`, `dataint3`, `dataint4`, `x`, `y`, `z`, `o`, `condition_id`, `comments`) VALUES (427509, 0, 44, 2, 0, 0, 0, 0, 0, 0, 0, 0, 0, 0, 0, 0, 0, 0, 0, 0, 'Archmage Arugal - Set Phase to 2');
DELETE FROM `creature_ai_scripts` WHERE `id`=427510;
INSERT INTO `creature_ai_scripts` (`id`, `delay`, `command`, `datalong`, `datalong2`, `datalong3`, `datalong4`, `target_param1`, `target_param2`, `target_type`, `data_flags`, `dataint`, `dataint2`, `dataint3`, `dataint4`, `x`, `y`, `z`, `o`, `condition_id`, `comments`) VALUES (427510, 0, 44, 0, 0, 0, 0, 0, 0, 0, 0, 0, 0, 0, 0, 0, 0, 0, 0, 0, 'Archmage Arugal - Set Phase to 0');
DELETE FROM `creature_spells_scripts` WHERE `id`=7587;
DELETE FROM `creature_spells_scripts` WHERE `id`=7586;
DELETE FROM `creature_spells_scripts` WHERE `id`=7136;
DELETE FROM `creature_spells_scripts` WHERE `id`=7803;
INSERT INTO `creature_spells_scripts` (`id`, `delay`, `command`, `datalong`, `datalong2`, `datalong3`, `datalong4`, `target_param1`, `target_param2`, `target_type`, `data_flags`, `dataint`, `dataint2`, `dataint3`, `dataint4`, `x`, `y`, `z`, `o`, `condition_id`, `comments`) VALUES (7803, 1, 3, 2, 0, 5, 0, 0, 0, 0, 0, 0, 0, 0, 0, 10, 0, 0, 0, 0, 'Archmage Arugal - Thundershock - Move Away from Target');
REPLACE INTO `creature_spells` (`entry`, `name`, `spellId_1`, `probability_1`, `castTarget_1`, `targetParam1_1`, `targetParam2_1`, `castFlags_1`, `delayInitialMin_1`, `delayInitialMax_1`, `delayRepeatMin_1`, `delayRepeatMax_1`, `scriptId_1`, `spellId_2`, `probability_2`, `castTarget_2`, `targetParam1_2`, `targetParam2_2`, `castFlags_2`, `delayInitialMin_2`, `delayInitialMax_2`, `delayRepeatMin_2`, `delayRepeatMax_2`, `scriptId_2`, `spellId_3`, `probability_3`, `castTarget_3`, `targetParam1_3`, `targetParam2_3`, `castFlags_3`, `delayInitialMin_3`, `delayInitialMax_3`, `delayRepeatMin_3`, `delayRepeatMax_3`, `scriptId_3`, `spellId_4`, `probability_4`, `castTarget_4`, `targetParam1_4`, `targetParam2_4`, `castFlags_4`, `delayInitialMin_4`, `delayInitialMax_4`, `delayRepeatMin_4`, `delayRepeatMax_4`, `scriptId_4`, `spellId_5`, `probability_5`, `castTarget_5`, `targetParam1_5`, `targetParam2_5`, `castFlags_5`, `delayInitialMin_5`, `delayInitialMax_5`, `delayRepeatMin_5`, `delayRepeatMax_5`, `scriptId_5`, `spellId_6`, `probability_6`, `castTarget_6`, `targetParam1_6`, `targetParam2_6`, `castFlags_6`, `delayInitialMin_6`, `delayInitialMax_6`, `delayRepeatMin_6`, `delayRepeatMax_6`, `scriptId_6`, `spellId_7`, `probability_7`, `castTarget_7`, `targetParam1_7`, `targetParam2_7`, `castFlags_7`, `delayInitialMin_7`, `delayInitialMax_7`, `delayRepeatMin_7`, `delayRepeatMax_7`, `scriptId_7`, `spellId_8`, `probability_8`, `castTarget_8`, `targetParam1_8`, `targetParam2_8`, `castFlags_8`, `delayInitialMin_8`, `delayInitialMax_8`, `delayRepeatMin_8`, `delayRepeatMax_8`, `scriptId_8`) VALUES (42750, 'Shadowfang Keep - Archmage Arugal', 7621, 100, 4, 0, 0, 0, 10, 15, 15, 20, 7621, 7803, 80, 1, 0, 0, 0, 15, 15, 15, 15, 7803, 7588, 100, 1, 0, 0, 64, 0, 0, 5, 7, 0, 7588, 100, 1, 0, 0, 128, 0, 0, 1, 1, 0, 0, 0, 0, 0, 0, 0, 0, 0, 0, 0, 0, 0, 0, 0, 0, 0, 0, 0, 0, 0, 0, 0, 0, 0, 0, 0, 0, 0, 0, 0, 0, 0, 0, 0, 0, 0, 0, 0, 0, 0, 0, 0, 0, 0);

-- Unrelated fix for Scarlet Subterfuge.
DELETE FROM `conditions` WHERE `condition_entry` IN (6300, 6302);
UPDATE `quest_end_scripts` SET `dataint3`=6301 WHERE `id`=5862 && `command`=69 && `dataint3`=6302;


-- End of migration.
END IF;
END??
delimiter ; 
CALL add_migration();
DROP PROCEDURE IF EXISTS add_migration;
