DROP PROCEDURE IF EXISTS add_migration;
delimiter ??
CREATE PROCEDURE `add_migration`()
BEGIN
DECLARE v INT DEFAULT 1;
SET v = (SELECT COUNT(*) FROM `migrations` WHERE `id`='20200513154757');
IF v=0 THEN
INSERT INTO `migrations` VALUES ('20200513154757');
-- Add your query below.


-- Events list for Taskmaster Fizzule
DELETE FROM `creature_ai_events` WHERE `creature_id`=7233;
INSERT INTO `creature_ai_events` (`id`, `creature_id`, `condition_id`, `event_type`, `event_inverse_phase_mask`, `event_chance`, `event_flags`, `event_param1`, `event_param2`, `event_param3`, `event_param4`, `action1_script`, `action2_script`, `action3_script`, `comment`) VALUES (723301, 7233, 0, 8, 14, 100, 1, 10113, -1, 1000, 1000, 723301, 0, 0, 'Taskmaster Fizzule - First Flare (Phase 0)');
INSERT INTO `creature_ai_events` (`id`, `creature_id`, `condition_id`, `event_type`, `event_inverse_phase_mask`, `event_chance`, `event_flags`, `event_param1`, `event_param2`, `event_param3`, `event_param4`, `action1_script`, `action2_script`, `action3_script`, `comment`) VALUES (723302, 7233, 0, 8, 13, 100, 1, 10113, -1, 1000, 1000, 723302, 0, 0, 'Taskmaster Fizzule - Second Flare (Phase 1)');
INSERT INTO `creature_ai_events` (`id`, `creature_id`, `condition_id`, `event_type`, `event_inverse_phase_mask`, `event_chance`, `event_flags`, `event_param1`, `event_param2`, `event_param3`, `event_param4`, `action1_script`, `action2_script`, `action3_script`, `comment`) VALUES (723303, 7233, 0, 22, 11, 100, 1, 78, 0, 0, 0, 723303, 0, 0, 'Taskmaster Fizzule - Add Quest Giver Flag on Emote Salute (Phase 2)');
INSERT INTO `creature_ai_events` (`id`, `creature_id`, `condition_id`, `event_type`, `event_inverse_phase_mask`, `event_chance`, `event_flags`, `event_param1`, `event_param2`, `event_param3`, `event_param4`, `action1_script`, `action2_script`, `action3_script`, `comment`) VALUES (723304, 7233, 0, 8, 12, 100, 1, 10137, -1, 1000, 1000, 723304, 0, 0, 'Taskmaster Fizzule - First Fizzule\'s Folly');
INSERT INTO `creature_ai_events` (`id`, `creature_id`, `condition_id`, `event_type`, `event_inverse_phase_mask`, `event_chance`, `event_flags`, `event_param1`, `event_param2`, `event_param3`, `event_param4`, `action1_script`, `action2_script`, `action3_script`, `comment`) VALUES (723305, 7233, 0, 8, 11, 100, 1, 10137, -1, 1000, 1000, 723305, 0, 0, 'Taskmaster Fizzule - Second Fizzule\'s Folly');
INSERT INTO `creature_ai_events` (`id`, `creature_id`, `condition_id`, `event_type`, `event_inverse_phase_mask`, `event_chance`, `event_flags`, `event_param1`, `event_param2`, `event_param3`, `event_param4`, `action1_script`, `action2_script`, `action3_script`, `comment`) VALUES (723306, 7233, 0, 1, 1, 100, 1, 120000, 120000, 120000, 120000, 723306, 0, 0, 'Taskmaster Fizzule - Reset every 2 minutes');
INSERT INTO `creature_ai_events` (`id`, `creature_id`, `condition_id`, `event_type`, `event_inverse_phase_mask`, `event_chance`, `event_flags`, `event_param1`, `event_param2`, `event_param3`, `event_param4`, `action1_script`, `action2_script`, `action3_script`, `comment`) VALUES (723307, 7233, 0, 11, 0, 100, 1, 0, 0, 0, 0, 723306, 0, 0, 'Taskmaster Fizzule - Reset flags on Respawn');
DELETE FROM `creature_ai_scripts` WHERE `id`=723301;
INSERT INTO `creature_ai_scripts` (`id`, `delay`, `command`, `datalong`, `datalong2`, `datalong3`, `datalong4`, `target_param1`, `target_param2`, `target_type`, `data_flags`, `dataint`, `dataint2`, `dataint3`, `dataint4`, `x`, `y`, `z`, `o`, `condition_id`, `comments`) VALUES (723301, 0, 4, 46, 256, 1, 0, 0, 0, 0, 0, 0, 0, 0, 0, 0, 0, 0, 0, 0, 'Taskmaster Fizzule - Add Immune to Player flag');
INSERT INTO `creature_ai_scripts` (`id`, `delay`, `command`, `datalong`, `datalong2`, `datalong3`, `datalong4`, `target_param1`, `target_param2`, `target_type`, `data_flags`, `dataint`, `dataint2`, `dataint3`, `dataint4`, `x`, `y`, `z`, `o`, `condition_id`, `comments`) VALUES (723301, 0, 39, 723301, 0, 0, 0, 0, 0, 0, 0, 100, 0, 0, 0, 0, 0, 0, 0, 0, 'Taskmaster Fizzule - Set Phase to 1');
DELETE FROM `event_scripts` WHERE `id`=723301;
INSERT INTO `event_scripts` (`id`, `delay`, `command`, `datalong`, `datalong2`, `datalong3`, `datalong4`, `target_param1`, `target_param2`, `target_type`, `data_flags`, `dataint`, `dataint2`, `dataint3`, `dataint4`, `x`, `y`, `z`, `o`, `condition_id`, `comments`) VALUES (723301, 0, 44, 1, 0, 0, 0, 0, 0, 0, 0, 0, 0, 0, 0, 0, 0, 0, 0, 0, 'Taskmaster Fizzule - Set Phase to 1');
DELETE FROM `creature_ai_scripts` WHERE `id`=723302;
INSERT INTO `creature_ai_scripts` (`id`, `delay`, `command`, `datalong`, `datalong2`, `datalong3`, `datalong4`, `target_param1`, `target_param2`, `target_type`, `data_flags`, `dataint`, `dataint2`, `dataint3`, `dataint4`, `x`, `y`, `z`, `o`, `condition_id`, `comments`) VALUES (723302, 0, 22, 35, 4, 0, 0, 0, 0, 0, 0, 0, 0, 0, 0, 0, 0, 0, 0, 0, 'Taskmaster Fizzule - Set Faction to Friendly');
INSERT INTO `creature_ai_scripts` (`id`, `delay`, `command`, `datalong`, `datalong2`, `datalong3`, `datalong4`, `target_param1`, `target_param2`, `target_type`, `data_flags`, `dataint`, `dataint2`, `dataint3`, `dataint4`, `x`, `y`, `z`, `o`, `condition_id`, `comments`) VALUES (723302, 0, 44, 2, 0, 0, 0, 0, 0, 0, 0, 0, 0, 0, 0, 0, 0, 0, 0, 0, 'Taskmaster Fizzule - Set Phase to 2');
DELETE FROM `creature_ai_scripts` WHERE `id`=723303;
INSERT INTO `creature_ai_scripts` (`id`, `delay`, `command`, `datalong`, `datalong2`, `datalong3`, `datalong4`, `target_param1`, `target_param2`, `target_type`, `data_flags`, `dataint`, `dataint2`, `dataint3`, `dataint4`, `x`, `y`, `z`, `o`, `condition_id`, `comments`) VALUES (723303, 0, 4, 147, 2, 1, 0, 0, 0, 0, 0, 0, 0, 0, 0, 0, 0, 0, 0, 0, 'Taskmaster Fizzule - Add Quest Giver Flag');
INSERT INTO `creature_ai_scripts` (`id`, `delay`, `command`, `datalong`, `datalong2`, `datalong3`, `datalong4`, `target_param1`, `target_param2`, `target_type`, `data_flags`, `dataint`, `dataint2`, `dataint3`, `dataint4`, `x`, `y`, `z`, `o`, `condition_id`, `comments`) VALUES (723303, 0, 44, 3, 0, 0, 0, 0, 0, 0, 0, 0, 0, 0, 0, 0, 0, 0, 0, 0, 'Taskmaster Fizzule - Set Phase to 3');
INSERT INTO `creature_ai_scripts` (`id`, `delay`, `command`, `datalong`, `datalong2`, `datalong3`, `datalong4`, `target_param1`, `target_param2`, `target_type`, `data_flags`, `dataint`, `dataint2`, `dataint3`, `dataint4`, `x`, `y`, `z`, `o`, `condition_id`, `comments`) VALUES (723303, 0, 1, 66, 0, 0, 0, 0, 0, 0, 0, 0, 0, 0, 0, 0, 0, 0, 0, 0, 'Taskmaster Fizzule - Emote Salute');
DELETE FROM `creature_ai_scripts` WHERE `id`=723304;
INSERT INTO `creature_ai_scripts` (`id`, `delay`, `command`, `datalong`, `datalong2`, `datalong3`, `datalong4`, `target_param1`, `target_param2`, `target_type`, `data_flags`, `dataint`, `dataint2`, `dataint3`, `dataint4`, `x`, `y`, `z`, `o`, `condition_id`, `comments`) VALUES (723304, 0, 39, 723304, 0, 0, 0, 0, 0, 0, 0, 100, 0, 0, 0, 0, 0, 0, 0, 0, 'Taskmaster Fizzule - Set Phase to 2');
DELETE FROM `event_scripts` WHERE `id`=723304;
INSERT INTO `event_scripts` (`id`, `delay`, `command`, `datalong`, `datalong2`, `datalong3`, `datalong4`, `target_param1`, `target_param2`, `target_type`, `data_flags`, `dataint`, `dataint2`, `dataint3`, `dataint4`, `x`, `y`, `z`, `o`, `condition_id`, `comments`) VALUES (723304, 0, 44, 2, 0, 0, 0, 0, 0, 0, 0, 0, 0, 0, 0, 0, 0, 0, 0, 0, 'Taskmaster Fizzule - Set Phase to 2');
DELETE FROM `creature_ai_scripts` WHERE `id`=723305;
INSERT INTO `creature_ai_scripts` (`id`, `delay`, `command`, `datalong`, `datalong2`, `datalong3`, `datalong4`, `target_param1`, `target_param2`, `target_type`, `data_flags`, `dataint`, `dataint2`, `dataint3`, `dataint4`, `x`, `y`, `z`, `o`, `condition_id`, `comments`) VALUES (723305, 0, 4, 147, 2, 1, 0, 0, 0, 0, 0, 0, 0, 0, 0, 0, 0, 0, 0, 0, 'Taskmaster Fizzule - Add Quest Giver Flag');
INSERT INTO `creature_ai_scripts` (`id`, `delay`, `command`, `datalong`, `datalong2`, `datalong3`, `datalong4`, `target_param1`, `target_param2`, `target_type`, `data_flags`, `dataint`, `dataint2`, `dataint3`, `dataint4`, `x`, `y`, `z`, `o`, `condition_id`, `comments`) VALUES (723305, 0, 4, 46, 256, 1, 0, 0, 0, 0, 0, 0, 0, 0, 0, 0, 0, 0, 0, 0, 'Taskmaster Fizzule - Add Immune to Player Flag');
INSERT INTO `creature_ai_scripts` (`id`, `delay`, `command`, `datalong`, `datalong2`, `datalong3`, `datalong4`, `target_param1`, `target_param2`, `target_type`, `data_flags`, `dataint`, `dataint2`, `dataint3`, `dataint4`, `x`, `y`, `z`, `o`, `condition_id`, `comments`) VALUES (723305, 0, 22, 35, 4, 0, 0, 0, 0, 0, 0, 0, 0, 0, 0, 0, 0, 0, 0, 0, 'Taskmaster Fizzule - Set Faction to Friendly');
INSERT INTO `creature_ai_scripts` (`id`, `delay`, `command`, `datalong`, `datalong2`, `datalong3`, `datalong4`, `target_param1`, `target_param2`, `target_type`, `data_flags`, `dataint`, `dataint2`, `dataint3`, `dataint4`, `x`, `y`, `z`, `o`, `condition_id`, `comments`) VALUES (723305, 0, 44, 3, 0, 0, 0, 0, 0, 0, 0, 0, 0, 0, 0, 0, 0, 0, 0, 0, 'Taskmaster Fizzule - Set Phase to 3');
INSERT INTO `creature_ai_scripts` (`id`, `delay`, `command`, `datalong`, `datalong2`, `datalong3`, `datalong4`, `target_param1`, `target_param2`, `target_type`, `data_flags`, `dataint`, `dataint2`, `dataint3`, `dataint4`, `x`, `y`, `z`, `o`, `condition_id`, `comments`) VALUES (723305, 0, 1, 66, 0, 0, 0, 0, 0, 0, 0, 0, 0, 0, 0, 0, 0, 0, 0, 0, 'Taskmaster Fizzule - Emote Salute');
DELETE FROM `creature_ai_scripts` WHERE `id`=723306;
INSERT INTO `creature_ai_scripts` (`id`, `delay`, `command`, `datalong`, `datalong2`, `datalong3`, `datalong4`, `target_param1`, `target_param2`, `target_type`, `data_flags`, `dataint`, `dataint2`, `dataint3`, `dataint4`, `x`, `y`, `z`, `o`, `condition_id`, `comments`) VALUES (723306, 0, 4, 147, 2, 2, 0, 0, 0, 0, 0, 0, 0, 0, 0, 0, 0, 0, 0, 0, 'Taskmaster Fizzule - Remove Quest Giver Flag');
INSERT INTO `creature_ai_scripts` (`id`, `delay`, `command`, `datalong`, `datalong2`, `datalong3`, `datalong4`, `target_param1`, `target_param2`, `target_type`, `data_flags`, `dataint`, `dataint2`, `dataint3`, `dataint4`, `x`, `y`, `z`, `o`, `condition_id`, `comments`) VALUES (723306, 0, 4, 46, 256, 2, 0, 0, 0, 0, 0, 0, 0, 0, 0, 0, 0, 0, 0, 0, 'Taskmaster Fizzule - Remove Immune to Player Flag');
INSERT INTO `creature_ai_scripts` (`id`, `delay`, `command`, `datalong`, `datalong2`, `datalong3`, `datalong4`, `target_param1`, `target_param2`, `target_type`, `data_flags`, `dataint`, `dataint2`, `dataint3`, `dataint4`, `x`, `y`, `z`, `o`, `condition_id`, `comments`) VALUES (723306, 0, 22, 0, 0, 0, 0, 0, 0, 0, 0, 0, 0, 0, 0, 0, 0, 0, 0, 0, 'Taskmaster Fizzule - Reset Faction');
INSERT INTO `creature_ai_scripts` (`id`, `delay`, `command`, `datalong`, `datalong2`, `datalong3`, `datalong4`, `target_param1`, `target_param2`, `target_type`, `data_flags`, `dataint`, `dataint2`, `dataint3`, `dataint4`, `x`, `y`, `z`, `o`, `condition_id`, `comments`) VALUES (723306, 0, 44, 0, 0, 0, 0, 0, 0, 0, 0, 0, 0, 0, 0, 0, 0, 0, 0, 0, 'Taskmaster Fizzule - Set Phase to 0');
UPDATE `creature_template` SET `ai_name`='EventAI', `script_name`='' WHERE `entry`=7233;


-- End of migration.
END IF;
END??
delimiter ; 
CALL add_migration();
DROP PROCEDURE IF EXISTS add_migration;
