DROP PROCEDURE IF EXISTS add_migration;
delimiter ??
CREATE PROCEDURE `add_migration`()
BEGIN
DECLARE v INT DEFAULT 1;
SET v = (SELECT COUNT(*) FROM `migrations` WHERE `id`='20210303085717');
IF v=0 THEN
INSERT INTO `migrations` VALUES ('20210303085717');
-- Add your query below.


-- allow serpentbloom gameobject to be interacted with
UPDATE `gameobject_template` SET `flags` = 4 WHERE `entry` = 13891;

-- serpentbloom dropchance should be 100%
UPDATE `gameobject_loot_template` SET `ChanceOrQuestChance`= -100 WHERE `entry` = 2772 AND `item` = 5339;

-- scarlet key should not drop from mobs
DELETE FROM `creature_loot_template` WHERE `item` = 7146;

-- add baron longshore spawns
INSERT INTO `creature` (`guid`, `id`, `map`, `position_x`, `position_y`, `position_z`, `orientation`, `spawntimesecsmin`, `spawntimesecsmax`, `health_percent`, `movement_type`, `wander_distance`, `patch_max`) VALUES
(563, 3467, 1, -1748.23, -3722.06, 14.1211, 4.65315, 413, 413, 100, 1, 3, 10),
(564, 3467, 1, -1707.46, -3817.54, 13.3079, 5.51516, 413, 413, 100, 1, 3, 10);
INSERT INTO `pool_template` (`entry`, `max_limit`, `description`, `patch_max`) VALUES
(110, 1, 'Baron Longshore (3467)', 10);
INSERT INTO `pool_creature` (`guid`, `pool_entry`, `description`) VALUES
(15066, 110, 'Baron Longshore #1'),
(563, 110, 'Baron Longshore #2'),
(564, 110, 'Baron Longshore #3');

-- witherbark bloodling, rotting worm, serpentbloom snake and hazzali parasite should not drop loot
DELETE FROM `creature_loot_template` WHERE `entry` IN (7768, 3680);
UPDATE `creature_template` SET `loot_id` = 0 WHERE `entry` IN (3680, 7768);
UPDATE `creature_template` SET `gold_min` = 0, `gold_max` = 0 WHERE `entry`= 7769;
UPDATE `creature_template` SET `gold_min` = 0, `gold_max` = 0 WHERE `entry`= 10925;

-- correct quest chain for mage's wand (1952)
UPDATE `quest_template` SET `PrevQuestId` = 1947, `NextQuestId` = 1952, `ExclusiveGroup` = -1948 WHERE `entry` = 1948;
UPDATE `quest_template` SET `NextQuestId` = 1952, `ExclusiveGroup` = -1948 WHERE `entry` = 1951;
                                                       
-- peaceblooms should only drop in stacks of 3
UPDATE `gameobject_loot_template` SET `maxcount` = 3 WHERE `entry` = 1415 AND `item` = 2447;
     
-- grim reach should increase the range of drain soul (credit jaywalker15262)
UPDATE `spell_affect` SET `SpellFamilyMask` = 6447547418 WHERE `entry` = 18218; 
UPDATE `spell_affect` SET `SpellFamilyMask` = 6447547418 WHERE `entry` = 18219;

-- marsh flesheater and bloodscalp berserker should not flee at low hp
DELETE FROM `creature_ai_scripts` WHERE `id` IN (59702, 75102);
DELETE FROM `creature_ai_events` WHERE `id` IN (59702, 75102);

-- fix waypoint order causing db error
DELETE FROM `creature_movement` WHERE `id` = 7656;
INSERT INTO `creature_movement` (`id`, `point`, `position_x`, `position_y`, `position_z`, `orientation`, `waittime`, `wander_distance`, `script_id`) VALUES
(7656, 1, -600.043, -4342.45, 37.8159, 100, 0, 0, 0),
(7656, 2, -599.399, -4324.38, 37.5988, 100, 0, 0, 0),
(7656, 3, -599.657, -4312.29, 37.5986, 100, 0, 0, 0),
(7656, 4, -599.869, -4298.37, 37.811, 100, 0, 0, 0),
(7656, 5, -599.768, -4307.47, 37.5992, 100, 0, 0, 0),
(7656, 6, -599.445, -4319.6, 37.5986, 100, 0, 0, 0),
(7656, 7, -599.705, -4334.79, 37.5988, 100, 0, 0, 0),
(7656, 8, -600.446, -4349.94, 38.131, 100, 0, 0, 0),
(7656, 9, -600.588, -4362.75, 38.8676, 100, 0, 0, 0),
(7656, 10, -601.845, -4378.2, 39.9664, 100, 0, 0, 0),
(7656, 11, -601.612, -4395.27, 42.6652, 100, 0, 0, 0),
(7656, 12, -600.024, -4410.47, 43.5231, 100, 0, 0, 0),
(7656, 13, -594.057, -4427.35, 42.4307, 100, 0, 0, 0),
(7656, 14, -579.457, -4457.44, 41.9763, 100, 0, 0, 0),
(7656, 15, -573.993, -4468.27, 42.2239, 100, 0, 0, 0),
(7656, 16, -570.217, -4476.48, 42.5183, 100, 0, 0, 0),
(7656, 17, -569.013, -4485.33, 42.566, 100, 0, 0, 0),
(7656, 18, -570.17, -4497.38, 42.5664, 100, 0, 0, 0),
(7656, 19, -578.906, -4511.47, 42.5098, 100, 0, 0, 0),
(7656, 20, -581.195, -4514.85, 42.4688, 100, 0, 0, 0),
(7656, 21, -572.172, -4501.6, 42.5659, 100, 0, 0, 0),
(7656, 22, -569.257, -4490.21, 42.5659, 100, 0, 0, 0),
(7656, 23, -569.142, -4481.09, 42.566, 100, 0, 0, 0),
(7656, 24, -571.964, -4472.59, 42.4032, 100, 0, 0, 0),
(7656, 25, -578.171, -4460.08, 41.9867, 100, 0, 0, 0),
(7656, 26, -583.786, -4448.55, 41.618, 100, 0, 0, 0),
(7656, 27, -589.919, -4434.83, 42.0238, 100, 0, 0, 0),
(7656, 28, -597.115, -4418.48, 43.1092, 100, 0, 0, 0),
(7656, 29, -600.253, -4403.03, 43.6641, 100, 0, 0, 0),
(7656, 30, -601.071, -4387.19, 41.4481, 100, 0, 0, 0),
(7656, 31, -600.667, -4370, 39.3044, 100, 0, 0, 0),
(7656, 32, -600.132, -4356.39, 38.4777, 100, 0, 0, 0);

-- defias miners should not roam
UPDATE `creature` SET `movement_type` = 0, `wander_distance` = 0 WHERE `guid` IN (79134, 79129, 79131);

-- misc felwood creature waypoints (credits cmangos)
-- irontree wanderer waypoints
UPDATE `creature` SET `position_x` = 6247.7353515625, `position_y` = -1428.4263916015625, `position_z` = 372.848388671875, `orientation` = 6.010545730590820312, `wander_distance` = 0, `movement_type` = 2 WHERE (`guid` = 40404);
INSERT INTO `creature_movement` (`id`, `point`, `position_x`, `position_y`, `position_z`, `orientation`, `waittime`, `script_id`) VALUES
(40404, 1, 6277.28759765625, -1430.1320800781250, 371.479583740234375, 100, 0, 0),
(40404, 2, 6311.31640625000, -1418.3690185546875, 370.920410156250000, 100, 0, 0),
(40404, 3, 6347.72119140625, -1406.9296875000000, 370.226470947265625, 100, 0, 0),
(40404, 4, 6381.65722656250, -1397.1453857421875, 372.732025146484375, 100, 0, 0),
(40404, 5, 6400.54980468750, -1368.8554687500000, 375.349548339843750, 100, 0, 0),
(40404, 6, 6403.59326171875, -1338.7124023437500, 376.245666503906250, 100, 0, 0),
(40404, 7, 6406.61816406250, -1302.8376464843750, 379.275238037109375, 100, 0, 0),
(40404, 8, 6391.43310546875, -1276.8995361328125, 377.708160400390625, 100, 0, 0),
(40404, 9, 6374.75195312500, -1255.0067138671875, 377.691345214843750, 100, 0, 0),
(40404, 10, 6358.87353515625, -1264.5504150390625, 376.368957519531250, 100, 0, 0),
(40404, 11, 6338.12207031250, -1282.9842529296875, 375.423400878906250, 100, 0, 0),
(40404, 12, 6320.03808593750, -1295.4453125000000, 374.089752197265625, 100, 0, 0),
(40404, 13, 6314.09765625000, -1322.1077880859375, 372.734619140625000, 100, 0, 0),
(40404, 14, 6307.93359375000, -1342.6029052734375, 371.820892333984375, 100, 0, 0),
(40404, 15, 6309.79248046875, -1366.9682617187500, 370.690643310546875, 100, 0, 0),
(40404, 16, 6291.48486328125, -1391.0362548828125, 370.601470947265625, 100, 0, 0),
(40404, 17, 6264.08251953125, -1403.0227050781250, 370.785949707031250, 100, 0, 0),
(40404, 18, 6246.17626953125, -1400.0662841796875, 371.182312011718750, 100, 0, 0),
(40404, 19, 6224.86523437500, -1381.3502197265625, 372.770599365234375, 100, 0, 0),
(40404, 20, 6208.11962890625, -1352.8569335937500, 373.663421630859375, 100, 0, 0),
(40404, 21, 6205.57324218750, -1319.9863281250000, 375.186035156250000, 100, 0, 0),
(40404, 22, 6183.48535156250, -1310.5046386718750, 376.180816650390625, 100, 0, 0),
(40404, 23, 6177.60986328125, -1341.6523437500000, 378.402801513671875, 100, 0, 0),
(40404, 24, 6191.50341796875, -1356.6282958984375, 376.490203857421875, 100, 0, 0),
(40404, 25, 6213.85595703125, -1388.9290771484375, 376.022064208984375, 100, 0, 0),
(40404, 26, 6216.53857421875, -1417.7324218750000, 376.061096191406250, 100, 0, 0),
(40404, 27, 6227.54150390625, -1422.9505615234375, 374.079040527343750, 100, 0, 0),
(40404, 28, 6251.54248046875, -1429.4932861328125, 372.512756347656250, 100, 0, 0);

-- irontree wanderer waypoints
UPDATE `creature` SET `position_x` = 6222.74951171875, `position_y` = -1036.6822509765625, `position_z` = 384.851654052734375, `orientation` = 2.659259796142578125, `wander_distance` = 0, `movement_type` = 2 WHERE (`guid` = 40372);
INSERT INTO `creature_movement` (`id`, `point`, `position_x`, `position_y`, `position_z`, `orientation`, `waittime`, `script_id`) VALUES
(40372, 1, 6217.42626953125, -1033.8941650390625, 385.736602783203125, 100, 0, 0),
(40372, 2, 6187.26708984375, -1031.9556884765625, 388.043365478515625, 100, 0, 0),
(40372, 3, 6167.78417968750, -1037.4129638671875, 386.164489746093750, 100, 0, 0),
(40372, 4, 6157.58447265625, -1051.5733642578125, 384.522247314453125, 100, 0, 0),
(40372, 5, 6202.52539062500, -1056.6060791015625, 384.030426025390625, 100, 0, 0),
(40372, 6, 6228.21435546875, -1064.7117919921875, 379.415924072265625, 100, 0, 0),
(40372, 7, 6243.53857421875, -1087.5267333984375, 372.002227783203125, 100, 0, 0),
(40372, 8, 6272.58203125000, -1119.2292480468750, 371.723785400390625, 100, 0, 0),
(40372, 9, 6286.56591796875, -1147.2218017578125, 372.018707275390625, 100, 0, 0),
(40372, 10, 6277.05761718750, -1122.4117431640625, 371.157257080078125, 100, 0, 0),
(40372, 11, 6267.55273437500, -1095.6461181640625, 372.742553710937500, 100, 0, 0),
(40372, 12, 6274.65039062500, -1072.2760009765625, 373.657592773437500, 100, 0, 0),
(40372, 13, 6252.39550781250, -1050.0996093750000, 377.647216796875000, 100, 0, 0);

-- irontree wanderer waypoints
UPDATE `creature` SET `position_x` = 6351.22607421875, `position_y` = -1158.6322021484375, `position_z` = 378.2080078125, `orientation` = 2.893534421920776367, `wander_distance` = 0, `movement_type` = 2 WHERE (`guid` = 39403);
INSERT INTO `creature_movement` (`id`, `point`, `position_x`, `position_y`, `position_z`, `orientation`, `waittime`, `script_id`) VALUES
(39403, 1, 6320.44824218750, -1157.2048339843750, 373.125823974609375, 100, 0, 0),
(39403, 2, 6304.79101562500, -1155.1674804687500, 371.797943115234375, 100, 0, 0),
(39403, 3, 6285.91503906250, -1146.1176757812500, 372.093902587890625, 100, 0, 0),
(39403, 4, 6274.42871093750, -1116.3331298828125, 371.968658447265625, 100, 0, 0),
(39403, 5, 6268.65820312500, -1094.7922363281250, 372.844848632812500, 100, 0, 0),
(39403, 6, 6277.39794921875, -1126.2410888671875, 370.757232666015625, 100, 0, 0),
(39403, 7, 6288.44921875000, -1150.2950439453125, 371.896759033203125, 100, 0, 0),
(39403, 8, 6307.35937500000, -1170.0670166015625, 371.379669189453125, 100, 0, 0),
(39403, 9, 6322.74023437500, -1179.8054199218750, 372.975372314453125, 100, 0, 0),
(39403, 10, 6338.28515625000, -1181.4447021484375, 375.020660400390625, 100, 0, 0),
(39403, 11, 6351.60937500000, -1169.3515625000000, 377.832183837890625, 100, 0, 0),
(39403, 12, 6375.59716796875, -1172.3223876953125, 382.908447265625000, 100, 0, 0),
(39403, 13, 6408.65185546875, -1183.0606689453125, 388.671295166015625, 100, 0, 0),
(39403, 14, 6398.22900390625, -1172.9368896484375, 387.525390625000000, 100, 0, 0),
(39403, 15, 6373.68603515625, -1162.7875976562500, 383.029968261718750, 100, 0, 0),
(39403, 16, 6347.18652343750, -1157.6191406250000, 377.427490234375000, 100, 0, 0);

-- withered protector waypoints
DELETE FROM `creature_movement` WHERE `id` = 39489;
UPDATE `creature` SET `position_x` = 6177.00244140625, `position_y` = -1322.4649658203125, `position_z` = 376.745574951171875, `orientation` = 5.712565422058105468, `wander_distance` = 0, `movement_type` = 2 WHERE (`guid` = 39489);
INSERT INTO `creature_movement` (`id`, `point`, `position_x`, `position_y`, `position_z`, `orientation`, `waittime`, `script_id`) VALUES
(39489, 1, 6185.15234375000, -1343.7993164062500, 376.725067138671875, 100, 0, 0),
(39489, 2, 6200.32617187500, -1366.7636718750000, 376.234222412109375, 100, 0, 0),
(39489, 3, 6213.58203125000, -1397.3676757812500, 376.786224365234375, 100, 0, 0),
(39489, 4, 6238.82275390625, -1411.6781005859375, 372.249816894531250, 100, 0, 0),
(39489, 5, 6282.92724609375, -1406.5512695312500, 370.638153076171875, 100, 0, 0),
(39489, 6, 6308.92675781250, -1406.5107421875000, 370.295410156250000, 100, 0, 0),
(39489, 7, 6357.76123046875, -1402.5406494140625, 370.944976806640625, 100, 0, 0),
(39489, 8, 6384.75878906250, -1391.9262695312500, 373.277069091796875, 100, 0, 0),
(39489, 9, 6400.02685546875, -1363.8469238281250, 375.462341308593750, 100, 0, 0),
(39489, 10, 6408.86425781250, -1339.6072998046875, 376.620666503906250, 100, 0, 0),
(39489, 11, 6412.35302734375, -1313.6425781250000, 379.793548583984375, 100, 0, 0),
(39489, 12, 6401.00830078125, -1279.1103515625000, 379.081146240234375, 100, 0, 0),
(39489, 13, 6423.06054687500, -1268.1513671875000, 381.727508544921875, 100, 0, 0),
(39489, 14, 6434.93457031250, -1250.8417968750000, 385.468994140625000, 100, 0, 0),
(39489, 15, 6442.62841796875, -1225.7047119140625, 390.610412597656250, 100, 0, 0),
(39489, 16, 6436.43652343750, -1204.0917968750000, 392.225036621093750, 100, 0, 0),
(39489, 17, 6417.09570312500, -1190.0581054687500, 389.607818603515625, 100, 0, 0),
(39489, 18, 6398.51123046875, -1175.3861083984375, 387.424316406250000, 100, 0, 0),
(39489, 19, 6371.35644531250, -1160.4316406250000, 382.567321777343750, 100, 0, 0),
(39489, 20, 6341.42480468750, -1165.9105224609375, 375.960937500000000, 100, 0, 0),
(39489, 21, 6309.83740234375, -1170.1279296875000, 371.677032470703125, 100, 0, 0),
(39489, 22, 6292.17626953125, -1151.8521728515625, 371.908599853515625, 100, 0, 0),
(39489, 23, 6275.60986328125, -1129.2808837890625, 370.881866455078125, 100, 0, 0),
(39489, 24, 6268.55273437500, -1107.7753906250000, 371.973052978515625, 100, 0, 0),
(39489, 25, 6255.55175781250, -1078.3288574218750, 374.155670166015625, 100, 0, 0),
(39489, 26, 6235.97705078125, -1054.8540039062500, 380.147094726562500, 100, 0, 0),
(39489, 27, 6208.46093750000, -1035.8273925781250, 386.205352783203125, 100, 0, 0),
(39489, 28, 6181.56445312500, -1042.8249511718750, 385.762756347656250, 100, 0, 0),
(39489, 29, 6160.69287109375, -1056.0562744140625, 385.035186767578125, 100, 0, 0),
(39489, 30, 6151.48144531250, -1069.3056640625000, 386.799530029296875, 100, 0, 0),
(39489, 31, 6137.63525390625, -1090.0291748046875, 378.229827880859375, 100, 0, 0),
(39489, 32, 6124.49414062500, -1103.0477294921875, 378.807159423828125, 100, 0, 0),
(39489, 33, 6101.35400390625, -1113.0875244140625, 381.406036376953125, 100, 0, 0),
(39489, 34, 6079.76611328125, -1119.2377929687500, 383.916290283203125, 100, 0, 0),
(39489, 35, 6047.43066406250, -1141.6207275390625, 380.805419921875000, 100, 0, 0),
(39489, 36, 6022.50488281250, -1147.5133056640625, 380.637664794921875, 100, 0, 0),
(39489, 37, 6000.32568359375, -1154.6774902343750, 382.454803466796875, 100, 0, 0),
(39489, 38, 5998.59960937500, -1180.6269531250000, 377.405456542968750, 100, 0, 0),
(39489, 39, 6012.37695312500, -1203.8945312500000, 375.344726562500000, 100, 0, 0),
(39489, 40, 5998.61328125000, -1180.6386718750000, 377.405456542968750, 100, 0, 0),
(39489, 41, 6000.31445312500, -1154.6894531250000, 382.554046630859375, 100, 0, 0),
(39489, 42, 6022.50488281250, -1147.5133056640625, 380.637664794921875, 100, 0, 0),
(39489, 43, 6047.43066406250, -1141.6207275390625, 380.805419921875000, 100, 0, 0),
(39489, 44, 6079.76611328125, -1119.2377929687500, 383.916290283203125, 100, 0, 0),
(39489, 45, 6101.35400390625, -1113.0875244140625, 381.406036376953125, 100, 0, 0),
(39489, 46, 6124.49414062500, -1103.0477294921875, 378.807159423828125, 100, 0, 0),
(39489, 47, 6137.63525390625, -1090.0291748046875, 378.229827880859375, 100, 0, 0),
(39489, 48, 6151.48144531250, -1069.3056640625000, 386.799530029296875, 100, 0, 0),
(39489, 49, 6160.62207031250, -1056.1816406250000, 385.022247314453125, 100, 0, 0),
(39489, 50, 6181.56445312500, -1042.8249511718750, 385.762756347656250, 100, 0, 0),
(39489, 51, 6208.46093750000, -1035.8273925781250, 386.205352783203125, 100, 0, 0),
(39489, 52, 6235.97705078125, -1054.8540039062500, 380.147094726562500, 100, 0, 0),
(39489, 53, 6255.55175781250, -1078.3288574218750, 374.155670166015625, 100, 0, 0),
(39489, 54, 6268.55273437500, -1107.7753906250000, 371.973052978515625, 100, 0, 0),
(39489, 55, 6275.60986328125, -1129.2808837890625, 370.881866455078125, 100, 0, 0),
(39489, 56, 6292.17626953125, -1151.8521728515625, 371.908599853515625, 100, 0, 0),
(39489, 57, 6309.83740234375, -1170.1279296875000, 371.677032470703125, 100, 0, 0),
(39489, 58, 6341.42480468750, -1165.9105224609375, 375.960937500000000, 100, 0, 0),
(39489, 59, 6371.29785156250, -1160.3854980468750, 382.553894042968750, 100, 0, 0),
(39489, 60, 6398.51123046875, -1175.3861083984375, 387.424316406250000, 100, 0, 0),
(39489, 61, 6417.09570312500, -1190.0581054687500, 389.607818603515625, 100, 0, 0),
(39489, 62, 6436.43652343750, -1204.0917968750000, 392.225036621093750, 100, 0, 0),
(39489, 63, 6442.62841796875, -1225.7047119140625, 390.610412597656250, 100, 0, 0),
(39489, 64, 6435.00195312500, -1250.7199707031250, 385.470703125000000, 100, 0, 0),
(39489, 65, 6423.06054687500, -1268.1513671875000, 381.727508544921875, 100, 0, 0),
(39489, 66, 6401.00830078125, -1279.1103515625000, 379.081146240234375, 100, 0, 0),
(39489, 67, 6412.35302734375, -1313.6425781250000, 379.793548583984375, 100, 0, 0),
(39489, 68, 6408.86425781250, -1339.6072998046875, 376.620666503906250, 100, 0, 0),
(39489, 69, 6400.02685546875, -1363.8469238281250, 375.462341308593750, 100, 0, 0),
(39489, 70, 6384.75878906250, -1391.9262695312500, 373.277069091796875, 100, 0, 0),
(39489, 71, 6357.76123046875, -1402.5406494140625, 370.944976806640625, 100, 0, 0),
(39489, 72, 6308.92675781250, -1406.5107421875000, 370.295410156250000, 100, 0, 0),
(39489, 73, 6282.92724609375, -1406.5512695312500, 370.638153076171875, 100, 0, 0),
(39489, 74, 6238.82275390625, -1411.6781005859375, 372.249816894531250, 100, 0, 0),
(39489, 75, 6213.58203125000, -1397.3676757812500, 376.786224365234375, 100, 0, 0),
(39489, 76, 6200.32617187500, -1366.7636718750000, 376.234222412109375, 100, 0, 0),
(39489, 77, 6185.15234375000, -1343.7993164062500, 376.725067138671875, 100, 0, 0),
(39489, 78, 6178.72363281250, -1323.5697021484375, 376.671417236328125, 100, 0, 0);

-- infernal sentry waypoints
UPDATE `creature` SET `position_x` = 5612.81103515625, `position_y` = -699.7501220703125, `position_z` = 344.02288818359375, `orientation` = 1.724764108657836914, `wander_distance` = 0, `movement_type` = 2 WHERE (`guid` = 39716);
INSERT INTO `creature_movement` (`id`, `point`, `position_x`, `position_y`, `position_z`, `orientation`, `waittime`, `script_id`) VALUES
(39716, 1, 5611.21777343750, -682.33380126953125, 343.048278808593750, 100, 0, 0),
(39716, 2, 5603.35253906250, -665.35516357421875, 342.518829345703125, 100, 0, 0),
(39716, 3, 5594.05517578125, -651.81268310546875, 343.268920898437500, 100, 0, 0),
(39716, 4, 5581.98681640625, -645.10424804687500, 344.155151367187500, 100, 0, 0),
(39716, 5, 5556.33496093750, -643.65234375000000, 343.938842773437500, 100, 0, 0),
(39716, 6, 5545.84619140625, -643.51251220703125, 344.999877929687500, 100, 0, 0),
(39716, 7, 5533.26220703125, -639.42370605468750, 346.020568847656250, 100, 0, 0),
(39716, 8, 5524.31494140625, -649.47021484375000, 346.013732910156250, 100, 0, 0),
(39716, 9, 5521.81103515625, -660.44689941406250, 343.919494628906250, 100, 0, 0),
(39716, 10, 5518.46972656250, -667.41687011718750, 344.212585449218750, 100, 0, 0),
(39716, 11, 5522.91259765625, -684.25012207031250, 342.694519042968750, 100, 0, 0),
(39716, 12, 5531.58056640625, -701.45202636718750, 338.325012207031250, 100, 0, 0),
(39716, 13, 5535.43457031250, -713.39483642578125, 340.576629638671875, 100, 0, 0),
(39716, 14, 5554.33447265625, -721.61749267578125, 341.251068115234375, 100, 0, 0),
(39716, 15, 5576.96435546875, -725.52899169921875, 341.345031738281250, 100, 0, 0),
(39716, 16, 5607.78857421875, -731.81591796875000, 341.352294921875000, 100, 0, 0),
(39716, 17, 5612.51660156250, -742.08758544921875, 341.352294921875000, 100, 0, 0),
(39716, 18, 5611.91015625000, -755.62329101562500, 341.718994140625000, 100, 0, 0),
(39716, 19, 5607.65820312500, -768.96679687500000, 344.393005371093750, 100, 0, 0),
(39716, 20, 5593.72265625000, -781.20208740234375, 337.178466796875000, 100, 0, 0),
(39716, 21, 5582.11962890625, -789.13232421875000, 338.653930664062500, 100, 0, 0),
(39716, 22, 5576.75634765625, -793.17187500000000, 344.332885742187500, 100, 0, 0),
(39716, 23, 5560.28369140625, -805.70770263671875, 347.572784423828125, 100, 0, 0),
(39716, 24, 5546.58056640625, -790.70220947265625, 347.902770996093750, 100, 0, 0),
(39716, 25, 5538.34423828125, -776.64727783203125, 346.118103027343750, 100, 0, 0),
(39716, 26, 5526.02490234375, -759.78857421875000, 342.981506347656250, 100, 0, 0),
(39716, 27, 5500.78271484375, -752.68713378906250, 338.267883300781250, 100, 0, 0),
(39716, 28, 5491.79541015625, -750.61413574218750, 335.087188720703125, 100, 0, 0),
(39716, 29, 5470.90673828125, -738.55938720703125, 337.277862548828125, 100, 0, 0),
(39716, 30, 5462.54394531250, -724.53338623046875, 343.084167480468750, 100, 0, 0),
(39716, 31, 5452.41503906250, -700.65606689453125, 343.117980957031250, 100, 0, 0),
(39716, 32, 5455.94238281250, -687.09375000000000, 343.805450439453125, 100, 0, 0),
(39716, 33, 5480.78320312500, -673.29492187500000, 347.544067382812500, 100, 0, 0),
(39716, 34, 5497.20019531250, -673.82507324218750, 346.486938476562500, 100, 0, 0),
(39716, 35, 5508.87109375000, -688.81640625000000, 342.243103027343750, 100, 0, 0),
(39716, 36, 5518.18359375000, -704.43304443359375, 340.368103027343750, 100, 0, 0),
(39716, 37, 5533.98242187500, -715.31225585937500, 340.661834716796875, 100, 0, 0),
(39716, 38, 5554.27343750000, -719.96008300781250, 341.219696044921875, 100, 0, 0),
(39716, 39, 5568.69384765625, -714.23339843750000, 340.600769042968750, 100, 0, 0),
(39716, 40, 5595.24511718750, -709.38085937500000, 342.095031738281250, 100, 0, 0),
(39716, 41, 5612.57031250000, -698.19903564453125, 344.071960449218750, 100, 0, 0);

-- infernal sentry waypoints
UPDATE `creature` SET `position_x` = 5510.49462890625, `position_y` = -966.194580078125, `position_z` = 371.0830078125, `orientation` = 2.849052667617797851, `wander_distance` = 0, `movement_type` = 2 WHERE (`guid` = 40370);
INSERT INTO `creature_movement` (`id`, `point`, `position_x`, `position_y`, `position_z`, `orientation`, `waittime`, `script_id`) VALUES
(40370, 1, 5503.42480468750, -949.95532226562500, 368.177001953125000, 100, 0, 0),
(40370, 2, 5494.42724609375, -924.12286376953125, 363.570465087890625, 100, 0, 0),
(40370, 3, 5490.37646484375, -909.92462158203125, 363.059967041015625, 100, 0, 0),
(40370, 4, 5486.58251953125, -896.00732421875000, 362.732269287109375, 100, 0, 0),
(40370, 5, 5482.11572265625, -874.95654296875000, 363.220672607421875, 100, 0, 0),
(40370, 6, 5489.46484375000, -857.83117675781250, 362.114318847656250, 100, 0, 0),
(40370, 7, 5524.01806640625, -831.06555175781250, 354.150695800781250, 100, 0, 0),
(40370, 8, 5542.88183593750, -815.92230224609375, 353.359893798828125, 100, 0, 0),
(40370, 9, 5534.75341796875, -799.99249267578125, 349.919616699218750, 100, 0, 0),
(40370, 10, 5533.18554687500, -778.03515625000000, 346.387268066406250, 100, 0, 0),
(40370, 11, 5536.12548828125, -761.82214355468750, 343.451141357421875, 100, 0, 0),
(40370, 12, 5539.26416015625, -739.93609619140625, 341.744110107421875, 100, 0, 0),
(40370, 13, 5530.24121093750, -719.13836669921875, 340.743103027343750, 100, 0, 0),
(40370, 14, 5510.55273437500, -701.00299072265625, 340.493103027343750, 100, 0, 0),
(40370, 15, 5507.03710937500, -686.41406250000000, 342.993103027343750, 100, 0, 0),
(40370, 16, 5481.05224609375, -676.71997070312500, 346.721801757812500, 100, 0, 0),
(40370, 17, 5462.32080078125, -689.98980712890625, 342.666778564453125, 100, 0, 0),
(40370, 18, 5447.65478515625, -717.07403564453125, 341.479309082031250, 100, 0, 0),
(40370, 19, 5449.93212890625, -744.34259033203125, 342.538940429687500, 100, 0, 0),
(40370, 20, 5454.21093750000, -763.30126953125000, 347.225708007812500, 100, 0, 0),
(40370, 21, 5458.09423828125, -778.99597167968750, 350.938262939453125, 100, 0, 0),
(40370, 22, 5459.67236328125, -802.65368652343750, 357.804565429687500, 100, 0, 0),
(40370, 23, 5460.83007812500, -820.56964111328125, 362.851196289062500, 100, 0, 0),
(40370, 24, 5460.59472656250, -834.04235839843750, 366.311279296875000, 100, 0, 0),
(40370, 25, 5472.11767578125, -859.37738037109375, 364.661926269531250, 100, 0, 0),
(40370, 26, 5478.08007812500, -883.68096923828125, 363.897796630859375, 100, 0, 0),
(40370, 27, 5484.53222656250, -910.72222900390625, 363.882843017578125, 100, 0, 0),
(40370, 28, 5492.72021484375, -940.34582519531250, 365.442443847656250, 100, 0, 0),
(40370, 29, 5508.80468750000, -965.65820312500000, 370.964233398437500, 100, 0, 0);

-- infernal sentry waypoints
UPDATE `creature` SET `position_x` = 5551.94677734375, `position_y` = -917.33270263671875, `position_z` = 377.82763671875, `orientation` = 4.6117706298828125, `wander_distance` = 0, `movement_type` = 2 WHERE (`guid` = 40176);
INSERT INTO `creature_movement` (`id`, `point`, `position_x`, `position_y`, `position_z`, `orientation`, `waittime`, `script_id`) VALUES
(40176, 1, 5550.12939453125, -942.60729980468750, 377.223968505859375, 100, 0, 0),
(40176, 2, 5557.38476562500, -951.06860351562500, 376.774261474609375, 100, 0, 0),
(40176, 3, 5557.10400390625, -963.96844482421875, 376.285491943359375, 100, 0, 0),
(40176, 4, 5566.70166015625, -971.49847412109375, 375.634704589843750, 100, 0, 0),
(40176, 5, 5575.80859375000, -985.75097656250000, 372.551818847656250, 100, 0, 0),
(40176, 6, 5575.63818359375, -994.41821289062500, 372.901794433593750, 100, 0, 0),
(40176, 7, 5584.99707031250, -1007.7772216796875, 374.794128417968750, 100, 0, 0),
(40176, 8, 5593.73535156250, -1010.7296142578125, 375.104919433593750, 100, 0, 0),
(40176, 9, 5620.04882812500, -1010.4061279296875, 376.703063964843750, 100, 0, 0),
(40176, 10, 5644.63085937500, -1006.4099121093750, 378.397979736328125, 100, 0, 0),
(40176, 11, 5664.43701171875, -993.83789062500000, 379.326202392578125, 100, 0, 0),
(40176, 12, 5673.82910156250, -980.48632812500000, 379.688201904296875, 100, 0, 0),
(40176, 13, 5673.86669921875, -965.85253906250000, 380.227630615234375, 100, 0, 0),
(40176, 14, 5668.80908203125, -949.18762207031250, 379.193939208984375, 100, 0, 0),
(40176, 15, 5669.03710937500, -935.88500976562500, 378.499359130859375, 100, 0, 0),
(40176, 16, 5664.86962890625, -917.75653076171875, 378.531890869140625, 100, 0, 0),
(40176, 17, 5661.69140625000, -883.04309082031250, 378.940673828125000, 100, 0, 0),
(40176, 18, 5668.22021484375, -874.73675537109375, 378.796630859375000, 100, 0, 0),
(40176, 19, 5656.74414062500, -858.68670654296875, 379.378814697265625, 100, 0, 0),
(40176, 20, 5636.57958984375, -848.38995361328125, 378.777496337890625, 100, 0, 0),
(40176, 21, 5618.34033203125, -846.38537597656250, 378.366882324218750, 100, 0, 0),
(40176, 22, 5602.18798828125, -843.93341064453125, 376.489562988281250, 100, 0, 0),
(40176, 23, 5587.24072265625, -848.98260498046875, 378.331146240234375, 100, 0, 0),
(40176, 24, 5582.13574218750, -854.98321533203125, 379.824676513671875, 100, 0, 0),
(40176, 25, 5577.40185546875, -879.30786132812500, 377.163085937500000, 100, 0, 0),
(40176, 26, 5570.31201171875, -899.25567626953125, 378.261230468750000, 100, 0, 0),
(40176, 27, 5559.97021484375, -907.02661132812500, 378.203796386718750, 100, 0, 0),
(40176, 28, 5551.63720703125, -920.39898681640625, 377.914123535156250, 100, 0, 0);

-- infernal sentry waypoints
UPDATE `creature` SET `position_x` = 5693.01416015625, `position_y` = -726.32708740234375, `position_z` = 376.759002685546875, `orientation` = 4.921559333801269531, `wander_distance` = 0, `movement_type` = 2 WHERE (`guid` = 39486);
INSERT INTO `creature_movement` (`id`, `point`, `position_x`, `position_y`, `position_z`, `orientation`, `waittime`, `script_id`) VALUES
(39486, 1, 5682.47167968750, -745.25585937500000, 377.376403808593750, 100, 0, 0),
(39486, 2, 5671.37695312500, -760.92071533203125, 373.176330566406250, 100, 0, 0),
(39486, 3, 5669.99658203125, -779.32452392578125, 373.019042968750000, 100, 0, 0),
(39486, 4, 5665.26025390625, -797.45849609375000, 379.929107666015625, 100, 0, 0),
(39486, 5, 5661.26025390625, -819.67376708984375, 376.263702392578125, 100, 0, 0),
(39486, 6, 5656.24218750000, -833.90301513671875, 377.948028564453125, 100, 0, 0),
(39486, 7, 5657.17675781250, -857.90423583984375, 379.330108642578125, 100, 0, 0),
(39486, 8, 5653.87841796875, -871.68280029296875, 378.878173828125000, 100, 0, 0),
(39486, 9, 5650.34716796875, -899.54333496093750, 376.704467773437500, 100, 0, 0),
(39486, 10, 5662.72412109375, -928.67102050781250, 378.056915283203125, 100, 0, 0),
(39486, 11, 5667.31494140625, -890.80114746093750, 379.170654296875000, 100, 0, 0),
(39486, 12, 5669.29931640625, -858.20019531250000, 378.194244384765625, 100, 0, 0),
(39486, 13, 5682.90527343750, -851.91363525390625, 379.397613525390625, 100, 0, 0),
(39486, 14, 5690.28027343750, -838.49670410156250, 380.132720947265625, 100, 0, 0),
(39486, 15, 5689.85693359375, -802.03613281250000, 382.021270751953125, 100, 0, 0),
(39486, 16, 5703.64257812500, -787.70831298828125, 382.079772949218750, 100, 0, 0),
(39486, 17, 5711.55273437500, -769.34960937500000, 381.604919433593750, 100, 0, 0),
(39486, 18, 5735.09912109375, -766.96112060546875, 383.726715087890625, 100, 0, 0),
(39486, 19, 5752.37988281250, -759.54754638671875, 386.273437500000000, 100, 0, 0),
(39486, 20, 5756.73291015625, -747.83386230468750, 383.677001953125000, 100, 0, 0),
(39486, 21, 5750.39648437500, -731.11907958984375, 380.986389160156250, 100, 0, 0),
(39486, 22, 5730.56005859375, -719.04217529296875, 378.470794677734375, 100, 0, 0),
(39486, 23, 5711.56103515625, -716.31793212890625, 376.761322021484375, 100, 0, 0),
(39486, 24, 5693.67089843750, -729.42089843750000, 376.707153320312500, 100, 0, 0);

-- correct alliance cleansing felwood quest chains 
DELETE FROM `creature_questrelation` WHERE `id` = 9528;
INSERT INTO `creature_questrelation` (`id`, `quest`, `patch_max`) VALUES 
(9528, 4101, 10),
(9528, 5886, 10),
(9528, 4107, 10),
(9528, 5884, 10),
(9528, 4105, 10),
(9528, 5882, 10),
(9528, 4103, 10),
(9528, 5883, 10),
(9528, 4104, 10),
(9528, 5885, 10),
(9528, 4106, 10);

DELETE FROM `creature_involvedrelation` WHERE `id` = 9528;
INSERT INTO `creature_involvedrelation` (`id`, `quest`, `patch_max`) VALUES 
(9528, 4101, 10),
(9528, 5886, 10),
(9528, 4107, 10),
(9528, 5884, 10),
(9528, 4105, 10),
(9528, 5882, 10),
(9528, 4103, 10),
(9528, 5883, 10),
(9528, 4104, 10),
(9528, 5885, 10),
(9528, 4106, 10);

UPDATE `quest_template` SET `PrevQuestId` = 4101 WHERE `entry` IN (5886, 5884, 5882, 5883, 5885);
UPDATE `quest_template` SET `RequiredRaces` = 77 WHERE `entry` IN (4101, 5886, 4107, 5884, 4105, 5882, 4103, 5883, 4104, 5885, 4106);
UPDATE `quest_template` SET `SpecialFlags` = 0 WHERE `entry` IN (5886, 5884, 5882, 5883, 5885);
UPDATE `quest_template` SET `SpecialFlags` = 1 WHERE `entry` IN (4107, 4105, 4103, 4104, 4106);

UPDATE `quest_template` SET `PrevQuestId` = 5886 WHERE `entry` = 4107;
UPDATE `quest_template` SET `PrevQuestId` = 5884 WHERE `entry` = 4105;
UPDATE `quest_template` SET `PrevQuestId` = 5882 WHERE `entry` = 4103;
UPDATE `quest_template` SET `PrevQuestId` = 5883 WHERE `entry` = 4104;
UPDATE `quest_template` SET `PrevQuestId` = 5885 WHERE `entry` = 4106;

-- Correct Horde Cleansing Felwood Quest Chains 
DELETE FROM `creature_questrelation` WHERE `id` = 9529;
INSERT INTO `creature_questrelation` (`id`, `quest`, `patch_max`) VALUES
(9529, 4102, 10),
(9529, 5891, 10),
(9529, 4112, 10),
(9529, 5889, 10),
(9529, 4110, 10),
(9529, 5887, 10),
(9529, 4108, 10),
(9529, 5888, 10),
(9529, 4109, 10),
(9529, 5890, 10),
(9529, 4111, 10);

DELETE FROM `creature_involvedrelation` WHERE `id` = 9529;
INSERT INTO `creature_involvedrelation` (`id`, `quest`, `patch_max`) VALUES
(9529, 4102, 10),
(9529, 5891, 10),
(9529, 4112, 10),
(9529, 5889, 10),
(9529, 4110, 10),
(9529, 5887, 10),
(9529, 4108, 10),
(9529, 5888, 10),
(9529, 4109, 10),
(9529, 5890, 10),
(9529, 4111, 10);

UPDATE `quest_template` SET `PrevQuestId` = 4102 WHERE `entry` IN (5891, 5889, 5887, 5888, 5890);
UPDATE `quest_template` SET `RequiredRaces` = 178 WHERE `entry` IN (4102, 5891, 4112 ,5889, 4110 ,5887, 4108, 5888, 4109, 5890, 4111);
UPDATE `quest_template` SET `SpecialFlags` = 0 WHERE `entry` IN (5891, 5889, 5887, 5888, 5890);
UPDATE `quest_template` SET `SpecialFlags` = 1 WHERE `entry` IN (4112, 4110, 4108, 4109, 4111);

UPDATE `quest_template` SET `PrevQuestId` = 5891 WHERE `entry` = 4112;
UPDATE `quest_template` SET `PrevQuestId` = 5889 WHERE `entry` = 4110;
UPDATE `quest_template` SET `PrevQuestId` = 5887 WHERE `entry` = 4108;
UPDATE `quest_template` SET `PrevQuestId` = 5888 WHERE `entry` = 4109;
UPDATE `quest_template` SET `PrevQuestId` = 5890 WHERE `entry` = 4111;

-- add gazzus spawns (credit cmangos)
UPDATE `creature` SET `position_x` = 1454.1995849609375, `position_y` = -4701.81787109375, `position_z` = -2.62193179130554199, `orientation` = 4.572762489318847656, `wander_distance` = 2, `movement_type` = 1 WHERE (`guid` = 6456);
INSERT INTO `creature` (`guid`, `id`, `map`, `position_x`, `position_y`, `position_z`, `orientation`, `spawntimesecsmin`, `spawntimesecsmax`, `health_percent`, `mana_percent`, `movement_type`, `wander_distance`, `patch_max`) VALUES
(6501, 3204, 1, 1470.4882812500000, -4706.10791015625, 2.220372200012207031, 0.820304751396179199, 300, 300, 100, 100, 1, 2, 10),
(6503, 3204, 1, 1465.775390625, -4683.74462890625, 6.625988483428955078, 5.715672969818115234, 300, 300, 100, 100, 1, 2, 10),
(6502, 3204, 1, 1497.5399169921875, -4744.13720703125, 18.01207923889160156, 6.037305831909179687, 300, 300, 100, 100, 1, 2, 10);
INSERT INTO `pool_template` (`entry`, `max_limit`, `description`, `patch_max`) VALUES
(111, 1, 'Gazz\'uz (3204)', 10);
INSERT INTO `pool_creature` (`guid`, `pool_entry`, `description`) VALUES
(6456, 111, 'Gazz\'uz #1'),
(6501, 111, 'Gazz\'uz #2'),
(6502, 111, 'Gazz\'uz #3'),
(6503, 111, 'Gazz\'uz #4');

-- beached sea creature quests are alliance only
UPDATE `quest_template` SET `RequiredRaces` = 77 WHERE `entry` IN (4732, 4731, 4727, 4725, 4722, 4733, 4730, 4728, 4723);

-- add captain ironhill spawns (credit cmangos)
UPDATE `creature` SET `position_x` = -1302.0343017578125, `position_y` = -1220.4333496093750, `position_z` = 23.04082870483398437, `orientation` = 4.276056766510009765 WHERE (`guid` = 15850);
INSERT INTO `creature` (`guid`, `id`, `map`, `position_x`, `position_y`, `position_z`, `orientation`, `spawntimesecsmin`, `spawntimesecsmax`, `health_percent`, `movement_type`, `wander_distance`, `patch_max`) VALUES
(15938, 2304, 0, -1299.1328125000000, -1254.1907958984375, 32.20761871337890625, 3.019419670104980468, 300, 300, 100, 0, 0, 10),
(16192, 2304, 0, -1307.1950683593750, -1255.8428955078125, 49.98796463012695312, 5.131268024444580078, 300, 300, 100, 0, 0, 10);
INSERT INTO `pool_template` (`entry`, `max_limit`, `description`, `patch_max`) VALUES
(112, 1, 'Captain Ironhill (2304)', 10);
INSERT INTO `pool_creature` (`guid`, `pool_entry`, `description`) VALUES
(15850, 112, 'Captain Ironhill #1'),
(15938, 112, 'Captain Ironhill #2'),
(16192, 112, 'Captain Ironhill #3');

-- add felweaver scornn spawns (credit cmangos)
UPDATE `creature` SET `position_x` = 1492.4405517578125, `position_y` = -4753.36767578125, `position_z` = 21.102783203125, `orientation` = 4.049163818359375 WHERE (`guid` = 12209);
INSERT INTO `creature` (`guid`, `id`, `map`, `position_x`, `position_y`, `position_z`, `orientation`, `spawntimesecsmin`, `spawntimesecsmax`, `health_percent`, `mana_percent`, `movement_type`, `wander_distance`, `patch_max`) VALUES
(12234, 5822, 1, 1470.1867675781250, -4695.2880859375, 6.530092716217041015, 4.153883457183837890, 19800, 19800, 100, 100, 0, 0, 10),
(12235, 5822, 1, 1552.7408447265625, -4767.2910156250, 12.93703556060791015, 3.752457857131958007, 19800, 19800, 100, 100, 0, 0, 10);
INSERT INTO `pool_template` (`entry`, `max_limit`, `description`) VALUES
(113, 1, 'Felweaver Scornn (5822)');
INSERT INTO `pool_creature` (`guid`, `pool_entry`, `description`) VALUES
(12209, 113, 'Felweaver Scornn #1'),
(12234, 113, 'Felweaver Scornn #2'),
(12235, 113, 'Felweaver Scornn #3');

-- add warlord kolkanis spawns (credit cmangos)
UPDATE `creature` SET `position_x` = -918.927978515625, `position_y` = -4494.03173828125, `position_z` = 29.67312431335449218, `orientation` = 3.019419670104980468 WHERE (`guid` = 12260);
INSERT INTO `creature` (`guid`, `id`, `map`, `position_x`, `position_y`, `position_z`, `orientation`, `spawntimesecsmin`, `spawntimesecsmax`, `health_percent`, `mana_percent`, `movement_type`, `wander_distance`, `patch_max`) VALUES
(12268, 5808, 1, -918.928, -4494.03, 29.6457, 3.01942, 9000, 9000, 100, 0, 1, 5, 10),
(12269, 5808, 1, -918.928, -4494.03, 29.6457, 3.01942, 9000, 9000, 100, 0, 1, 5, 10);
INSERT INTO `pool_template` (`entry`, `max_limit`, `description`) VALUES
(114, 1, 'Warlord Kolkanis (5808)');
INSERT INTO `pool_creature` (`guid`, `pool_entry`, `description`) VALUES
(12260, 114, 'Warlord Kolkanis #1'),
(12268, 114, 'Warlord Kolkanis #2'),
(12269, 114, 'Warlord Kolkanis #3');

-- add captain flat tusk spawns (credit cmangos)
UPDATE `creature` SET `position_x` = '432.488067626953125', `position_y` = '-4213.39990234375', `position_z` = '24.5885009765625', `orientation` = '5.288347721099853515' WHERE (`guid` = '12218');
INSERT INTO `creature` (`guid`, `id`, `map`, `position_x`, `position_y`, `position_z`, `orientation`, `spawntimesecsmin`, `spawntimesecsmax`, `health_percent`, `mana_percent`, `movement_type`, `wander_distance`, `patch_max`) VALUES
(12236, 5824, 1, -94.3403, -4010.99, 62.5894, 0.418879, 19800, 19800, 100, 0, 0, 0, 10),
(12270, 5824, 1, -94.3403, -4010.99, 62.5894, 0.418879, 19800, 19800, 100, 0, 0, 0, 10);
INSERT INTO `pool_template` (`entry`, `max_limit`, `description`) VALUES
(115, 1, 'Captain Flat Tusk (5824)');
INSERT INTO `pool_creature` (`guid`, `pool_entry`, `description`) VALUES
(12218, 115, 'Captain Flat Tusk #1'),
(12236, 115, 'Captain Flat Tusk #2'),
(12270, 115, 'Captain Flat Tusk #3');

-- update death flayer waypoints (credit cmangos)
UPDATE `creature` SET `position_x` = 57.4579010009765625, `position_y` = -3894.14501953125, `position_z` = 42.89330291748046875, `orientation` = 0.345735996961593627 WHERE (`guid` = 12322);
DELETE FROM `creature_movement` WHERE `id` = 12322;
INSERT INTO `creature_movement_template` (`entry`, `point`, `position_x`, `position_y`, `position_z`, `orientation`, `waittime`, `script_id`) VALUES
(5823, 1, 65.07552337646484375, -3891.401123046875, 42.94490051269531250, 100, 0, 0),
(5823, 2, 81.17317962646484375, -3871.890625000000, 40.69493103027343750, 100, 0, 0),
(5823, 3, 80.56727600097656250, -3856.362060546875, 38.25765609741210937, 100, 0, 0),
(5823, 4, 72.91992187500000000, -3843.470703125000, 36.55672836303710937, 100, 0, 0),
(5823, 5, 62.25195312500000000, -3826.644042968750, 34.11181640625000000, 100, 0, 0),
(5823, 6, 46.33940887451171875, -3820.664550781250, 33.55175781250000000, 100, 0, 0),
(5823, 7, 11.57313346862792968, -3824.480957031250, 36.66938781738281250, 100, 0, 0),
(5823, 8, -3.29513907432556152, -3833.015136718750, 37.65288543701171875, 100, 0, 0),
(5823, 9, -17.3023014068603515, -3845.180175781250, 38.69577407836914062, 100, 0, 0),
(5823, 10, -38.3168411254882812, -3860.205322265625, 41.14182662963867187, 100, 0, 0),
(5823, 11, -61.2309036254882812, -3872.460449218750, 44.72092819213867187, 100, 0, 0),
(5823, 12, -71.5894088745117187, -3888.749267578125, 48.09724044799804687, 100, 0, 0),
(5823, 13, -80.8196640014648437, -3902.575195312500, 49.21099853515625000, 100, 0, 0),
(5823, 14, -93.3524322509765625, -3915.014892578125, 49.56451416015625000, 100, 0, 0),
(5823, 15, -111.531250000000000, -3923.604736328125, 50.01935958862304687, 100, 0, 0),
(5823, 16, -128.017150878906250, -3926.950439453125, 50.57209396362304687, 100, 0, 0),
(5823, 17, -143.026260375976562, -3926.315917968750, 50.16712951660156250, 100, 0, 0),
(5823, 18, -158.365234375000000, -3912.001953125000, 46.60121154785156250, 100, 0, 0),
(5823, 19, -148.282775878906250, -3875.649414062500, 38.44239807128906250, 100, 0, 0),
(5823, 20, -142.800567626953125, -3867.943603515625, 37.01759338378906250, 100, 0, 0),
(5823, 21, -121.654518127441406, -3861.711914062500, 36.42700958251953125, 100, 0, 0),
(5823, 22, -88.5653228759765625, -3867.879882812500, 41.70856857299804687, 100, 0, 0),
(5823, 23, -55.9652786254882812, -3874.694091796875, 45.40891647338867187, 100, 0, 0),
(5823, 24, -35.9069023132324218, -3881.746582031250, 46.09812545776367187, 100, 0, 0),
(5823, 25, -19.0145397186279296, -3890.513427734375, 46.89764022827148437, 100, 0, 0),
(5823, 26, 4.026475906372070312, -3907.160644531250, 47.02482604980468750, 100, 0, 0),
(5823, 27, 12.82638931274414062, -3916.491455078125, 48.04301452636718750, 100, 0, 0),
(5823, 28, 27.31423568725585937, -3935.136718750000, 46.57892990112304687, 100, 0, 0),
(5823, 29, 47.08398437500000000, -3965.298095703125, 46.42778396606445312, 100, 0, 0),
(5823, 30, 63.23285675048828125, -3977.253417968750, 46.15593338012695312, 100, 0, 0),
(5823, 31, 84.32053375244140625, -3994.955322265625, 46.16251373291015625, 100, 0, 0),
(5823, 32, 97.16275787353515625, -3997.655761718750, 45.95548248291015625, 100, 0, 0),
(5823, 33, 116.3114166259765625, -3998.277343750000, 46.70548248291015625, 100, 0, 0),
(5823, 34, 123.4225234985351562, -3990.478759765625, 47.33048248291015625, 100, 0, 0),
(5823, 35, 129.7697448730468750, -3978.224365234375, 47.83048248291015625, 100, 0, 0),
(5823, 36, 137.7645416259765625, -3958.590332031250, 47.67850875854492187, 100, 0, 0),
(5823, 37, 142.3470001220703125, -3939.542236328125, 46.86112594604492187, 100, 0, 0),
(5823, 38, 134.9121093750000000, -3920.847167968750, 45.52473449707031250, 100, 0, 0),
(5823, 39, 114.2068176269531250, -3909.073730468750, 44.85992431640625000, 100, 0, 0),
(5823, 40, 96.30056762695312500, -3902.334228515625, 44.94886779785156250, 100, 0, 0),
(5823, 41, 73.86263275146484375, -3897.338623046875, 44.04978942871093750, 100, 0, 0),
(5823, 42, 58.60959243774414062, -3901.331298828125, 43.29709243774414062, 100, 0, 0),
(5823, 43, 33.14691925048828125, -3929.218750000000, 45.81315612792968750, 100, 0, 0),
(5823, 44, 25.36414909362792968, -3944.032470703125, 47.06306076049804687, 100, 0, 0),
(5823, 45, 19.25520896911621093, -3958.146728515625, 48.46100997924804687, 100, 0, 0),
(5823, 46, 4.476129055023193359, -3982.073486328125, 52.71961212158203125, 100, 0, 0),
(5823, 47, 4.334200859069824218, -4003.907226562500, 54.24513626098632812, 100, 0, 0),
(5823, 48, 10.59396743774414062, -4028.303955078125, 54.67140579223632812, 100, 0, 0),
(5823, 49, 48.10980987548828125, -4034.240478515625, 50.79973602294921875, 100, 0, 0),
(5823, 50, 53.48611068725585937, -4012.497070312500, 49.42865371704101562, 100, 0, 0),
(5823, 51, 54.23849868774414062, -3987.210937500000, 47.90227127075195312, 100, 0, 0),
(5823, 52, 46.31922912597656250, -3965.171386718750, 46.50419998168945312, 100, 0, 0),
(5823, 53, 29.32964515686035156, -3937.638427734375, 46.33698654174804687, 100, 0, 0),
(5823, 54, 26.06423568725585937, -3909.040771484375, 45.56047058105468750, 100, 0, 0),
(5823, 55, 40.79492187500000000, -3898.705078125000, 43.28938293457031250, 100, 0, 0),
(5823, 56, 52.67296218872070312, -3894.565185546875, 42.69953918457031250, 100, 0, 0);

-- remove duplicate bael dun officer
DELETE FROM `creature` WHERE `guid` = 49109;

-- malgin barleybrew should not have a mug 
UPDATE `creature_equip_template` SET `equipentry2` = 0 WHERE (`entry` = 5848);

-- add geolord mottle spawns (credit cmangos)
UPDATE `creature` SET `position_x` = 424.3211975097656250, `position_y` = -4245.12597656250, `position_z` = 26.34619140625000000, `orientation` = 1.745329260826110839 WHERE (`guid` = 12384);
INSERT INTO `creature` (`guid`, `id`, `map`, `position_x`, `position_y`, `position_z`, `orientation`, `spawntimesecsmin`, `spawntimesecsmax`, `health_percent`, `mana_percent`, `movement_type`, `wander_distance`, `patch_max`) VALUES
(12396, 5826, 1, 29.72135353088378906, -4278.99414062500, 69.91001129150390625, 0.785398185253143310, 9000, 9000, 100, 100, 0, 0, 10),
(12401, 5826, 1, 50.82291793823242187, -4457.18603515625, 48.42325592041015625, 5.585053443908691406, 9000, 9000, 100, 100, 0, 0, 10);
INSERT INTO `pool_template` (`entry`, `max_limit`, `description`) VALUES
(116, 1, 'Geolord Mottle (5826)');
INSERT INTO `pool_creature` (`guid`, `pool_entry`, `description`) VALUES
(12384, 116, 'Geolord Mottle #1'),
(12396, 116, 'Geolord Mottle #2'),
(12401, 116, 'Geolord Mottle #3');

-- add watch commander zalaphil spawns (credit cmangos)
UPDATE `creature` SET `position_x` = -254.435760498046875, `position_y` = -5094.49462890625, `position_z` = 41.23545074462890625, `orientation` = 6.230825424194335937 WHERE (`guid` = 51807);
INSERT INTO `creature` (`guid`, `id`, `map`, `position_x`, `position_y`, `position_z`, `orientation`, `spawntimesecsmin`, `spawntimesecsmax`, `health_percent`, `mana_percent`, `movement_type`, `wander_distance`, `patch_max`) VALUES
(51857, 5809, 1, -272.182525634765625, -5131.390625, 24.23000526428222656, 1.029744267463684082, 9000, 9000, 100, 0, 0, 0, 10);
INSERT INTO `pool_template` (`entry`, `max_limit`, `description`) VALUES
(117, 1, 'Watch Commander Zalaphil (5809)');
INSERT INTO `pool_creature` (`guid`, `pool_entry`, `description`) VALUES
(51807, 117, 'Watch Commander Zalaphil #1'),
(51857, 117, 'Watch Commander Zalaphil #2');

-- update bael modan (credit cmangos) 
DELETE FROM `creature` WHERE (`guid` IN (13625, 13627, 13628));
DELETE FROM `creature_movement` WHERE (`id` IN (13625, 13627, 13628));
UPDATE `creature` SET `position_x` = -4164.09814453125, `position_y` = -2184.436767578125, `position_z` = 50.88274383544921875, `orientation` = 1.102995276451110839, `wander_distance` = 2, `movement_type` = 1 WHERE (`guid` = 13632);

UPDATE `creature` SET `position_x` = -4193.498046875, `position_y` = -2251.51171875, `position_z` = 50.26645660400390625, `orientation` = 2.856313228607177734, `wander_distance` = 0, `movement_type` = 2 WHERE (`guid` = 13626);
INSERT INTO `creature_movement` (`id`, `point`, `position_x`, `position_y`, `position_z`, `orientation`, `waittime`, `script_id`) VALUES
(13626, 1, -4203.45019531250, -2248.584716796875, 51.06007766723632812, 100, 0, 0),
(13626, 2, -4208.38085937500, -2253.393798828125, 51.14381790161132812, 100, 0, 0),
(13626, 3, -4213.02539062500, -2259.718017578125, 50.70485305786132812, 100, 0, 0),
(13626, 4, -4203.08056640625, -2258.138916015625, 50.30812454223632812, 100, 0, 0),
(13626, 5, -4192.51562500000, -2259.002441406250, 50.30812454223632812, 100, 0, 0),
(13626, 6, -4193.12402343750, -2263.806396484375, 50.30812454223632812, 100, 0, 0),
(13626, 7, -4190.20751953125, -2266.534667968750, 50.30812454223632812, 100, 0, 0),
(13626, 8, -4186.53759765625, -2263.625000000000, 50.53908157348632812, 100, 0, 0),
(13626, 9, -4183.00292968750, -2258.449218750000, 51.30202102661132812, 100, 0, 0),
(13626, 10, -4180.30029296875, -2252.317626953125, 50.96730422973632812, 100, 0, 0),
(13626, 11, -4176.35546875000, -2247.747314453125, 51.49220657348632812, 100, 0, 0),
(13626, 12, -4171.22998046875, -2246.861816406250, 53.71632766723632812, 100, 0, 0),
(13626, 13, -4169.69775390625, -2243.066650390625, 53.24318313598632812, 100, 0, 0),
(13626, 14, -4171.19091796875, -2237.548583984375, 51.27101516723632812, 100, 0, 0),
(13626, 15, -4175.46679687500, -2232.956542968750, 51.16577148437500000, 100, 0, 0),
(13626, 16, -4180.91259765625, -2230.237060546875, 51.28613281250000000, 100, 0, 0),
(13626, 17, -4185.01220703125, -2235.498535156250, 50.93312454223632812, 100, 0, 0),
(13626, 18, -4189.84765625000, -2242.639892578125, 50.30812454223632812, 100, 0, 0),
(13626, 19, -4196.87939453125, -2240.571533203125, 50.80910110473632812, 100, 0, 0),
(13626, 20, -4201.49755859375, -2242.374023437500, 51.95241165161132812, 100, 0, 0);

UPDATE `creature` SET `position_x` = -4123.90966796875, `position_y` = -2212.734375, `position_z` = 50.26645660400390625, `orientation` = 2.107886791229248046, `wander_distance` = 0, `movement_type` = 2 WHERE (`guid` = 13630);
INSERT INTO `creature_movement` (`id`, `point`, `position_x`, `position_y`, `position_z`, `orientation`, `waittime`, `script_id`) VALUES
(13630, 1, -4135.22998046875, -2193.776123046875, 50.57714843750000000, 100, 0, 0),
(13630, 2, -4127.55126953125, -2205.399169921875, 50.30812454223632812, 100, 0, 0),
(13630, 3, -4123.60742187500, -2212.479736328125, 50.30812454223632812, 100, 0, 0),
(13630, 4, -4122.98681640625, -2223.702148437500, 50.30812454223632812, 100, 0, 0),
(13630, 5, -4125.26660156250, -2232.490478515625, 50.27785110473632812, 100, 0, 0),
(13630, 6, -4133.66113281250, -2234.236328125000, 51.33542633056640625, 100, 0, 0),
(13630, 7, -4137.54248046875, -2229.218261718750, 51.30810546875000000, 100, 0, 0),
(13630, 8, -4140.74707031250, -2227.054687500000, 51.08740234375000000, 100, 0, 0),
(13630, 9, -4155.07568359375, -2233.984863281250, 52.11545562744140625, 100, 0, 0),
(13630, 10, -4165.56250000000, -2233.082763671875, 51.91064453125000000, 100, 0, 0),
(13630, 11, -4155.07568359375, -2233.984863281250, 52.11545562744140625, 100, 0, 0),
(13630, 12, -4140.74707031250, -2227.054687500000, 51.08740234375000000, 100, 0, 0),
(13630, 13, -4137.54248046875, -2229.218261718750, 51.30810546875000000, 100, 0, 0),
(13630, 14, -4133.66113281250, -2234.236328125000, 51.33542633056640625, 100, 0, 0),
(13630, 15, -4125.26660156250, -2232.490478515625, 50.27785110473632812, 100, 0, 0),
(13630, 16, -4122.98681640625, -2223.702148437500, 50.30812454223632812, 100, 0, 0),
(13630, 17, -4123.60742187500, -2212.479736328125, 50.30812454223632812, 100, 0, 0),
(13630, 18, -4127.55126953125, -2205.399169921875, 50.30812454223632812, 100, 0, 0);

UPDATE `creature` SET `position_x` = -4155.76513671875, `position_y` = -2191.182861328125, `position_z` = 50.26643753051757812, `orientation` = 3.025959968566894531, `wander_distance` = 0, `movement_type` = 2 WHERE (`guid` = 13631);
INSERT INTO `creature_movement` (`id`, `point`, `position_x`, `position_y`, `position_z`, `orientation`, `waittime`, `script_id`) VALUES
(13631, 1, -4155.38769531250, -2184.707031250000, 50.30810546875000000, 100, 0, 0),
(13631, 2, -4150.77783203125, -2181.533447265625, 50.43090820312500000, 100, 0, 0),
(13631, 3, -4145.41113281250, -2181.016113281250, 50.30810546875000000, 100, 0, 0),
(13631, 4, -4143.49218750000, -2173.795410156250, 50.92163085937500000, 100, 0, 0),
(13631, 5, -4138.16650390625, -2169.750732421875, 50.69287109375000000, 100, 0, 0),
(13631, 6, -4129.55224609375, -2173.075439453125, 50.30812454223632812, 100, 0, 0),
(13631, 7, -4125.28125000000, -2178.385986328125, 50.30812454223632812, 100, 0, 0),
(13631, 8, -4124.98828125000, -2187.887939453125, 50.68019485473632812, 100, 0, 0),
(13631, 9, -4127.44824218750, -2197.447265625000, 50.30812454223632812, 100, 0, 0),
(13631, 10, -4131.90722656250, -2204.010986328125, 50.30812454223632812, 100, 0, 0),
(13631, 11, -4142.05810546875, -2205.504394531250, 50.30810546875000000, 100, 0, 0),
(13631, 12, -4149.49560546875, -2203.968017578125, 50.30810546875000000, 100, 0, 0),
(13631, 13, -4155.75683593750, -2197.414550781250, 50.30810546875000000, 100, 0, 0),
(13631, 14, -4158.06884765625, -2190.915283203125, 50.30810546875000000, 100, 0, 0);

UPDATE `creature` SET `position_x` = -4084.24169921875, `position_y` = -2180.932861328125, `position_z` = 50.26651763916015625, `orientation` = 4.688569068908691406, `wander_distance` = 0, `movement_type` = 2 WHERE (`guid` = 13629);
INSERT INTO `creature_movement` (`id`, `point`, `position_x`, `position_y`, `position_z`, `orientation`, `waittime`, `script_id`) VALUES
(13629, 1, -4084.480957031250, -2190.975341796875, 50.69191360473632812, 100, 0, 0),
(13629, 2, -4070.976562500000, -2185.467529296875, 51.05934524536132812, 100, 0, 0),
(13629, 3, -4063.714111328125, -2175.201416015625, 50.90618515014648437, 100, 0, 0),
(13629, 4, -4068.734863281250, -2171.383056640625, 50.55128860473632812, 100, 0, 0),
(13629, 5, -4073.928955078125, -2167.902099609375, 50.49904251098632812, 100, 0, 0),
(13629, 6, -4073.772949218750, -2158.597167968750, 50.55812454223632812, 100, 0, 0),
(13629, 7, -4072.314208984375, -2147.510498046875, 50.30812454223632812, 100, 0, 0),
(13629, 8, -4075.270996093750, -2142.393798828125, 50.18312454223632812, 100, 0, 0),
(13629, 9, -4084.251220703125, -2132.478759765625, 50.78937911987304687, 100, 0, 0),
(13629, 10, -4092.885498046875, -2135.555908203125, 50.43751907348632812, 100, 0, 0),
(13629, 11, -4102.752441406250, -2142.916748046875, 50.61354446411132812, 100, 0, 0),
(13629, 12, -4108.857910156250, -2149.232421875000, 50.33717727661132812, 100, 0, 0),
(13629, 13, -4101.118164062500, -2155.744384765625, 50.48805618286132812, 100, 0, 0),
(13629, 14, -4098.598144531250, -2163.223632812500, 50.91383743286132812, 100, 0, 0),
(13629, 15, -4101.428222656250, -2172.557861328125, 50.30812454223632812, 100, 0, 0),
(13629, 16, -4102.575683593750, -2179.825927734375, 50.19179534912109375, 100, 0, 0),
(13629, 17, -4099.117187500000, -2186.727050781250, 50.98439407348632812, 100, 0, 0);

-- update outer razorfen kraul (credit cmangos) 
UPDATE `creature` SET `position_x` = -4481.76904296875, `position_y` = -1787.5722656250000, `position_z` = 86.19165039062500000, `orientation` = 5.145170211791992187, `wander_distance` = 0, `movement_type` = 2 WHERE (`guid` = 20950);
UPDATE `creature` SET `position_x` = -4488.21679687500, `position_y` = -1766.8800048828125, `position_z` = 86.21407318115234375, `orientation` = 0.795347511768341064, `wander_distance` = 5, `movement_type` = 1 WHERE (`guid` = 20949);
UPDATE `creature` SET `position_x` = -4494.10156250000, `position_y` = -1732.6876220703125, `position_z` = 88.14270019531250000, `orientation` = 2.488449573516845703, `wander_distance` = 5, `movement_type` = 1 WHERE (`guid` = 20951);
UPDATE `creature` SET `position_x` = -4473.34228515625, `position_y` = -1690.7805175781250, `position_z` = 81.75581359863281250, `orientation` = 2.515975475311279296, `wander_distance` = 5, `movement_type` = 1 WHERE (`guid` = 20952);
DELETE FROM `creature_movement` WHERE (`id` IN (20950, 20952));
INSERT INTO `creature_movement` (`id`, `point`, `position_x`, `position_y`, `position_z`, `orientation`, `waittime`, `script_id`) VALUES
(20950, 01, -4481.68945312500, -1772.7467041015625, 86.23331451416015625, 100, 0, 0),
(20950, 02, -4483.07519531250, -1760.8404541015625, 86.23331451416015625, 100, 0, 0),
(20950, 03, -4485.37304687500, -1747.7828369140625, 86.35831451416015625, 100, 0, 0),
(20950, 04, -4484.73046875000, -1736.6651611328125, 86.73331451416015625, 100, 0, 0),
(20950, 05, -4478.11962890625, -1719.3038330078125, 86.72896575927734375, 100, 0, 0),
(20950, 06, -4474.98437500000, -1707.0654296875000, 84.61080169677734375, 100, 0, 0),
(20950, 07, -4472.89062500000, -1699.8334960937500, 83.37590026855468750, 100, 0, 0),
(20950, 08, -4474.98437500000, -1707.0654296875000, 84.61080169677734375, 100, 0, 0),
(20950, 09, -4478.11962890625, -1719.3038330078125, 86.72896575927734375, 100, 0, 0),
(20950, 10, -4484.73046875000, -1736.6651611328125, 86.73331451416015625, 100, 0, 0),
(20950, 11, -4485.37304687500, -1747.7828369140625, 86.35831451416015625, 100, 0, 0),
(20950, 12, -4483.07519531250, -1760.8404541015625, 86.23331451416015625, 100, 0, 0),
(20950, 13, -4481.68945312500, -1772.7467041015625, 86.23331451416015625, 100, 0, 0),
(20950, 14, -4480.81054687500, -1789.6469726562500, 86.23331451416015625, 100, 0, 0);

-- add prospector khazgorm spawns (credit cmangos)                                         
UPDATE `creature` SET `position_x` = -4181.31298828125, `position_y` = -2184.32763671875, `position_z` = 50.26645278930664062, `orientation` = 0.292324692010879516, `wander_distance` = 5, `movement_type` = 1 WHERE (`guid` = 13984);
INSERT INTO `creature` (`guid`, `id`, `map`, `position_x`, `position_y`, `position_z`, `orientation`, `spawntimesecsmin`, `spawntimesecsmax`, `health_percent`, `mana_percent`, `movement_type`, `wander_distance`, `patch_max`) VALUES
(14324, 3392, 1, -4212.91, -2274.4, 50.3081, 3.14864, 240, 240, 100, 100, 1, 5, 10),
(14325, 3392, 1, -4212.91, -2274.4, 50.3081, 3.14864, 240, 240, 100, 100, 1, 5, 10),
(14326, 3392, 1, -4212.91, -2274.4, 50.3081, 3.14864, 240, 240, 100, 100, 1, 5, 10);
INSERT INTO `pool_template` (`entry`, `max_limit`, `description`) VALUES
(118, 1, 'Prospector Khazgorm (3392)');
INSERT INTO `pool_creature` (`guid`, `pool_entry`, `description`) VALUES
(13984, 118, 'Prospector Khazgorm #1'),
(14324, 118, 'Prospector Khazgorm #2'),
(14325, 118, 'Prospector Khazgorm #3'),
(14326, 118, 'Prospector Khazgorm #4');
                                                
--  update quest end script for zanzils mixture and a fools stout (credit cmangos)                       
INSERT INTO gameobject (guid, id, map, position_x, position_y, position_z, orientation, rotation0, rotation1, rotation2, rotation3, spawntimesecsmin, spawntimesecsmax, animprogress, state) VALUES
(6,19897,1,-6233.253,-3857.1125,-58.750053,3.2463472,0,0,-0.9986286,0.052353222,-15,-15,100,1);
UPDATE `broadcast_text` SET `emote_id1` = 5 WHERE `entry` = 1489;
DELETE FROM `quest_end_scripts` WHERE `id`=1119;
INSERT INTO `quest_end_scripts` (`id`, `delay`, `command`, `datalong`, `datalong2`, `datalong3`, `datalong4`, `target_param1`, `target_param2`, `target_type`, `data_flags`, `dataint`, `dataint2`, `dataint3`, `dataint4`, `x`, `y`, `z`, `o`, `condition_id`, `comments`) VALUES (1119, 0, 4, 147, 2, 2, 0, 0, 0, 0, 0, 0, 0, 0, 0, 0, 0, 0, 0, 0, 'Kravel Koalbeard - Modify Flags');
INSERT INTO `quest_end_scripts` (`id`, `delay`, `command`, `datalong`, `datalong2`, `datalong3`, `datalong4`, `target_param1`, `target_param2`, `target_type`, `data_flags`, `dataint`, `dataint2`, `dataint3`, `dataint4`, `x`, `y`, `z`, `o`, `condition_id`, `comments`) VALUES (1119, 1, 9, 6, 15, 0, 0, 0, 0, 0, 0, 0, 0, 0, 0, 0, 0, 0, 0, 0, 'Kravel Koalbeard - Respawn Gobject');
INSERT INTO `quest_end_scripts` (`id`, `delay`, `command`, `datalong`, `datalong2`, `datalong3`, `datalong4`, `target_param1`, `target_param2`, `target_type`, `data_flags`, `dataint`, `dataint2`, `dataint3`, `dataint4`, `x`, `y`, `z`, `o`, `condition_id`, `comments`) VALUES (1119, 2, 35, 1, 0, 0, 0, 0, 0, 0, 0, 0, 0, 0, 0, 0, 0, 0, 4.7017, 0, 'Kravel Koalbeard - Orientation');
INSERT INTO `quest_end_scripts` (`id`, `delay`, `command`, `datalong`, `datalong2`, `datalong3`, `datalong4`, `target_param1`, `target_param2`, `target_type`, `data_flags`, `dataint`, `dataint2`, `dataint3`, `dataint4`, `x`, `y`, `z`, `o`, `condition_id`, `comments`) VALUES (1119, 3, 0, 0, 0, 0, 0, 0, 0, 0, 0, 1489, 0, 0, 0, 0, 0, 0, 0, 0, 'Kravel Koalbeard - Talk');
INSERT INTO `quest_end_scripts` (`id`, `delay`, `command`, `datalong`, `datalong2`, `datalong3`, `datalong4`, `target_param1`, `target_param2`, `target_type`, `data_flags`, `dataint`, `dataint2`, `dataint3`, `dataint4`, `x`, `y`, `z`, `o`, `condition_id`, `comments`) VALUES (1119, 7, 0, 0, 0, 0, 0, 0, 0, 0, 0, 1491, 0, 0, 0, 0, 0, 0, 0, 0, 'Kravel Koalbeard - Talk');
INSERT INTO `quest_end_scripts` (`id`, `delay`, `command`, `datalong`, `datalong2`, `datalong3`, `datalong4`, `target_param1`, `target_param2`, `target_type`, `data_flags`, `dataint`, `dataint2`, `dataint3`, `dataint4`, `x`, `y`, `z`, `o`, `condition_id`, `comments`) VALUES (1119, 11, 28, 8, 0, 0, 0, 0, 0, 0, 0, 0, 0, 0, 0, 0, 0, 0, 0, 0, 'Kravel Koalbeard - Kneel');
INSERT INTO `quest_end_scripts` (`id`, `delay`, `command`, `datalong`, `datalong2`, `datalong3`, `datalong4`, `target_param1`, `target_param2`, `target_type`, `data_flags`, `dataint`, `dataint2`, `dataint3`, `dataint4`, `x`, `y`, `z`, `o`, `condition_id`, `comments`) VALUES (1119, 12, 1, 7, 0, 0, 0, 0, 0, 0, 0, 0, 0, 0, 0, 0, 0, 0, 0, 0, 'Kravel Koalbeard - Emote');
INSERT INTO `quest_end_scripts` (`id`, `delay`, `command`, `datalong`, `datalong2`, `datalong3`, `datalong4`, `target_param1`, `target_param2`, `target_type`, `data_flags`, `dataint`, `dataint2`, `dataint3`, `dataint4`, `x`, `y`, `z`, `o`, `condition_id`, `comments`) VALUES (1119, 15, 0, 0, 0, 0, 0, 0, 0, 0, 0, 1492, 0, 0, 0, 0, 0, 0, 0, 0, 'Kravel Koalbeard - Talk');
INSERT INTO `quest_end_scripts` (`id`, `delay`, `command`, `datalong`, `datalong2`, `datalong3`, `datalong4`, `target_param1`, `target_param2`, `target_type`, `data_flags`, `dataint`, `dataint2`, `dataint3`, `dataint4`, `x`, `y`, `z`, `o`, `condition_id`, `comments`) VALUES (1119, 16, 28, 0, 0, 0, 0, 0, 0, 0, 0, 0, 0, 0, 0, 0, 0, 0, 0, 0, 'Kravel Koalbeard - Stand');
INSERT INTO `quest_end_scripts` (`id`, `delay`, `command`, `datalong`, `datalong2`, `datalong3`, `datalong4`, `target_param1`, `target_param2`, `target_type`, `data_flags`, `dataint`, `dataint2`, `dataint3`, `dataint4`, `x`, `y`, `z`, `o`, `condition_id`, `comments`) VALUES (1119, 18, 35, 1, 0, 0, 0, 0, 0, 0, 0, 0, 0, 0, 0, 0, 0, 0, 0.904, 0, 'Kravel Koalbeard - Orientation');
INSERT INTO `quest_end_scripts` (`id`, `delay`, `command`, `datalong`, `datalong2`, `datalong3`, `datalong4`, `target_param1`, `target_param2`, `target_type`, `data_flags`, `dataint`, `dataint2`, `dataint3`, `dataint4`, `x`, `y`, `z`, `o`, `condition_id`, `comments`) VALUES (1119, 19, 4, 147, 2, 1, 0, 0, 0, 0, 0, 0, 0, 0, 0, 0, 0, 0, 0, 0, 'Kravel Koalbeard - Modify Flags');

-- update quest end script for get the gnomes/goblins drunk (credit cmangos)
DELETE FROM `quest_end_scripts` WHERE `id`=1120;
INSERT INTO `quest_end_scripts` (`id`, `delay`, `command`, `datalong`, `datalong2`, `datalong3`, `datalong4`, `target_param1`, `target_param2`, `target_type`, `data_flags`, `dataint`, `dataint2`, `dataint3`, `dataint4`, `x`, `y`, `z`, `o`, `condition_id`, `comments`) VALUES (1120, 1, 0, 0, 0, 0, 0, 0, 0, 0, 0, 8242, 0, 0, 0, 0, 0, 0, 0, 0, 'Get the Gnomes Drunk - Gnome Pit Boss: Say text 1');
INSERT INTO `quest_end_scripts` (`id`, `delay`, `command`, `datalong`, `datalong2`, `datalong3`, `datalong4`, `target_param1`, `target_param2`, `target_type`, `data_flags`, `dataint`, `dataint2`, `dataint3`, `dataint4`, `x`, `y`, `z`, `o`, `condition_id`, `comments`) VALUES (1120, 1, 1, 22, 0, 0, 0, 0, 0, 0, 0, 0, 0, 0, 0, 0, 0, 0, 0, 0, 'Get the Gnomes Drunk - Gnome Pit Boss: Emote shout');
INSERT INTO `quest_end_scripts` (`id`, `delay`, `command`, `datalong`, `datalong2`, `datalong3`, `datalong4`, `target_param1`, `target_param2`, `target_type`, `data_flags`, `dataint`, `dataint2`, `dataint3`, `dataint4`, `x`, `y`, `z`, `o`, `condition_id`, `comments`) VALUES (1120, 2, 68, 443001, 2, 4430, 100, 0, 0, 0, 0, 0, 0, 0, 0, 0, 0, 0, 0, 0, 'Get the Gnomes Drunk - Gnome Pit Boss: Start Script');
INSERT INTO `generic_scripts` (`id`, `delay`, `command`, `datalong`, `datalong2`, `datalong3`, `datalong4`, `target_param1`, `target_param2`, `target_type`, `data_flags`, `dataint`, `dataint2`, `dataint3`, `dataint4`, `x`, `y`, `z`, `o`, `condition_id`, `comments`) VALUES (443001, 0, 15, 20436, 0, 0, 0, 0, 0, 0, 4, 0, 0, 0, 0, 0, 0, 0, 0, 0, 'Gnome Pit Crewman - Cast Spell');

DELETE FROM `quest_end_scripts` WHERE `id`=1121;
INSERT INTO `quest_end_scripts` (`id`, `delay`, `command`, `datalong`, `datalong2`, `datalong3`, `datalong4`, `target_param1`, `target_param2`, `target_type`, `data_flags`, `dataint`, `dataint2`, `dataint3`, `dataint4`, `x`, `y`, `z`, `o`, `condition_id`, `comments`) VALUES (1121, 1, 0, 0, 0, 0, 0, 0, 0, 0, 0, 8244, 0, 0, 0, 0, 0, 0, 0, 0, 'Get the Goblins Drunk - Goblin Pit Boss: Say text 1');
INSERT INTO `quest_end_scripts` (`id`, `delay`, `command`, `datalong`, `datalong2`, `datalong3`, `datalong4`, `target_param1`, `target_param2`, `target_type`, `data_flags`, `dataint`, `dataint2`, `dataint3`, `dataint4`, `x`, `y`, `z`, `o`, `condition_id`, `comments`) VALUES (1121, 1, 1, 22, 0, 0, 0, 0, 0, 0, 0, 0, 0, 0, 0, 0, 0, 0, 0, 0, 'Get the Goblins Drunk - Goblin Pit Boss: Emote shout');
INSERT INTO `quest_end_scripts` (`id`, `delay`, `command`, `datalong`, `datalong2`, `datalong3`, `datalong4`, `target_param1`, `target_param2`, `target_type`, `data_flags`, `dataint`, `dataint2`, `dataint3`, `dataint4`, `x`, `y`, `z`, `o`, `condition_id`, `comments`) VALUES (1121, 2, 68, 442901, 2, 4429, 100, 0, 0, 0, 0, 0, 0, 0, 0, 0, 0, 0, 0, 0, 'Get the Goblins Drunk - Goblin Pit Boss: Start Script');
INSERT INTO `generic_scripts` (`id`, `delay`, `command`, `datalong`, `datalong2`, `datalong3`, `datalong4`, `target_param1`, `target_param2`, `target_type`, `data_flags`, `dataint`, `dataint2`, `dataint3`, `dataint4`, `x`, `y`, `z`, `o`, `condition_id`, `comments`) VALUES (442901, 0, 15, 20436, 0, 0, 0, 0, 0, 0, 4, 0, 0, 0, 0, 0, 0, 0, 0, 0, 'Goblin Pit Crewman - Cast Spell');

-- add quest end script for wild hearts (credit cmangos)
UPDATE quest_template SET CompleteScript = 429 WHERE entry = 429;
DELETE FROM `quest_end_scripts` WHERE `id`=429;
INSERT INTO `quest_end_scripts` (`id`, `delay`, `command`, `datalong`, `datalong2`, `datalong3`, `datalong4`, `target_param1`, `target_param2`, `target_type`, `data_flags`, `dataint`, `dataint2`, `dataint3`, `dataint4`, `x`, `y`, `z`, `o`, `condition_id`, `comments`) VALUES (429, 0, 4, 147, 2, 2, 0, 0, 0, 0, 0, 0, 0, 0, 0, 0, 0, 0, 0, 0, 'Apothecary Renferrel - Modify Flags');
INSERT INTO `quest_end_scripts` (`id`, `delay`, `command`, `datalong`, `datalong2`, `datalong3`, `datalong4`, `target_param1`, `target_param2`, `target_type`, `data_flags`, `dataint`, `dataint2`, `dataint3`, `dataint4`, `x`, `y`, `z`, `o`, `condition_id`, `comments`) VALUES (429, 1, 1, 69, 0, 0, 0, 0, 0, 0, 0, 0, 0, 0, 0, 0, 0, 0, 0, 0, 'Apothecary Renferrel - Emote');
INSERT INTO `quest_end_scripts` (`id`, `delay`, `command`, `datalong`, `datalong2`, `datalong3`, `datalong4`, `target_param1`, `target_param2`, `target_type`, `data_flags`, `dataint`, `dataint2`, `dataint3`, `dataint4`, `x`, `y`, `z`, `o`, `condition_id`, `comments`) VALUES (429, 1, 0, 0, 0, 0, 0, 0, 0, 0, 0, 885, 0, 0, 0, 0, 0, 0, 0, 0, 'Apothecary Renferrel - Talk');
INSERT INTO `quest_end_scripts` (`id`, `delay`, `command`, `datalong`, `datalong2`, `datalong3`, `datalong4`, `target_param1`, `target_param2`, `target_type`, `data_flags`, `dataint`, `dataint2`, `dataint3`, `dataint4`, `x`, `y`, `z`, `o`, `condition_id`, `comments`) VALUES (429, 4, 1, 0, 0, 0, 0, 0, 0, 0, 0, 0, 0, 0, 0, 0, 0, 0, 0, 0, 'Apothecary Renferrel - Emote');
INSERT INTO `quest_end_scripts` (`id`, `delay`, `command`, `datalong`, `datalong2`, `datalong3`, `datalong4`, `target_param1`, `target_param2`, `target_type`, `data_flags`, `dataint`, `dataint2`, `dataint3`, `dataint4`, `x`, `y`, `z`, `o`, `condition_id`, `comments`) VALUES (429, 4, 4, 147, 2, 1, 0, 0, 0, 0, 0, 0, 0, 0, 0, 0, 0, 0, 0, 0, 'Apothecary Renferrel - Modify Flags');
        
-- add thunderhoof waypoints (credit cmangos)                                              
UPDATE `creature` SET `position_x` = -3781.108642578125, `position_y` = -2250.3291015625, `position_z` = 94.91489410400390625, `orientation` = 5.734158515930175781, `wander_distance` = 0, `movement_type` = 2 WHERE (`guid` = 51816);
INSERT INTO `creature_movement` (`id`, `point`, `position_x`, `position_y`, `position_z`, `orientation`, `waittime`, `script_id`) VALUES
(51816, 1, -3792.325927734375, -2260.285644531250, 94.78058624267578125, 100, 0, 0),
(51816, 2, -3813.645019531250, -2262.702636718750, 93.34143066406250000, 100, 0, 0),
(51816, 3, -3832.201904296875, -2256.459716796875, 92.46569824218750000, 100, 0, 0),
(51816, 4, -3859.398925781250, -2239.671386718750, 91.79166412353515625, 100, 0, 0),
(51816, 5, -3880.206542968750, -2220.759277343750, 91.79166412353515625, 100, 0, 0),
(51816, 6, -3890.324707031250, -2206.001708984375, 91.79166412353515625, 100, 0, 0),
(51816, 7, -3902.713623046875, -2191.166748046875, 91.79166412353515625, 100, 0, 0),
(51816, 8, -3903.133789062500, -2177.943115234375, 91.79166412353515625, 100, 0, 0),
(51816, 9, -3895.265625000000, -2162.526123046875, 91.79166412353515625, 100, 0, 0),
(51816, 10, -3883.121093750000, -2151.811035156250, 92.00455474853515625, 100, 0, 0),
(51816, 11, -3868.286376953125, -2136.597656250000, 91.79166412353515625, 100, 0, 0),
(51816, 12, -3851.045166015625, -2129.421142578125, 92.68114471435546875, 100, 0, 0),
(51816, 13, -3831.576416015625, -2130.750000000000, 94.06637573242187500, 100, 0, 0),
(51816, 14, -3819.925292968750, -2140.717529296875, 94.47117614746093750, 100, 0, 0),
(51816, 15, -3816.847167968750, -2156.544677734375, 93.29978942871093750, 100, 0, 0),
(51816, 16, -3804.540771484375, -2167.815429687500, 92.92478942871093750, 100, 0, 0),
(51816, 17, -3787.793457031250, -2167.976562500000, 92.22254943847656250, 100, 0, 0),
(51816, 18, -3756.042968750000, -2163.241699218750, 93.78185272216796875, 100, 0, 0),
(51816, 19, -3742.011230468750, -2144.953613281250, 92.53185272216796875, 100, 0, 0),
(51816, 20, -3728.623779296875, -2128.708496093750, 91.79166412353515625, 100, 0, 0),
(51816, 21, -3710.000976562500, -2123.084228515625, 91.79166412353515625, 100, 0, 0),
(51816, 22, -3693.897705078125, -2118.963378906250, 92.04166412353515625, 100, 0, 0),
(51816, 23, -3673.593750000000, -2129.744140625000, 94.16666412353515625, 100, 0, 0),
(51816, 24, -3654.648437500000, -2123.298828125000, 92.79164123535156250, 100, 0, 0),
(51816, 25, -3638.110595703125, -2106.608642578125, 91.79164123535156250, 100, 0, 0),
(51816, 26, -3609.668701171875, -2100.000976562500, 91.79164123535156250, 100, 0, 0),
(51816, 27, -3603.750000000000, -2107.124267578125, 91.79164123535156250, 100, 0, 0),
(51816, 28, -3595.620605468750, -2120.910156250000, 91.79267883300781250, 100, 0, 0),
(51816, 29, -3600.372314453125, -2137.854248046875, 91.79164123535156250, 100, 0, 0),
(51816, 30, -3605.434082031250, -2153.881591796875, 92.48036193847656250, 100, 0, 0),
(51816, 31, -3617.372070312500, -2168.232177734375, 92.08431243896484375, 100, 0, 0),
(51816, 32, -3635.576416015625, -2182.967529296875, 93.64598846435546875, 100, 0, 0),
(51816, 33, -3651.693115234375, -2171.966552734375, 94.59447479248046875, 100, 0, 0),
(51816, 34, -3671.702636718750, -2163.182861328125, 94.44113922119140625, 100, 0, 0),
(51816, 35, -3682.671875000000, -2147.189208984375, 93.81613922119140625, 100, 0, 0),
(51816, 36, -3694.044189453125, -2131.903564453125, 92.58487701416015625, 100, 0, 0),
(51816, 37, -3707.935791015625, -2125.964111328125, 91.79166412353515625, 100, 0, 0),
(51816, 38, -3727.015625000000, -2129.058593750000, 91.79166412353515625, 100, 0, 0),
(51816, 39, -3738.470458984375, -2140.059082031250, 92.28185272216796875, 100, 0, 0),
(51816, 40, -3742.173583984375, -2158.618408203125, 93.28014373779296875, 100, 0, 0),
(51816, 41, -3738.810302734375, -2175.373046875000, 93.90856170654296875, 100, 0, 0),
(51816, 42, -3726.388671875000, -2183.781250000000, 92.16666412353515625, 100, 0, 0),
(51816, 43, -3711.709228515625, -2202.077148437500, 91.79166412353515625, 100, 0, 0),
(51816, 44, -3703.219238281250, -2211.883300781250, 91.79166412353515625, 100, 0, 0),
(51816, 45, -3702.579101562500, -2224.395751953125, 91.79166412353515625, 100, 0, 0),
(51816, 46, -3708.665283203125, -2239.017578125000, 92.26920318603515625, 100, 0, 0),
(51816, 47, -3717.141601562500, -2254.637939453125, 92.79166412353515625, 100, 0, 0),
(51816, 48, -3738.862548828125, -2264.393798828125, 91.79166412353515625, 100, 0, 0),
(51816, 49, -3761.487548828125, -2255.792236328125, 93.09268951416015625, 100, 0, 0),
(51816, 50, -3780.075439453125, -2250.961181640625, 94.94611358642578125, 100, 0, 0);
     
-- update quest 2280 quest chain
UPDATE `quest_template` SET `NextQuestId` = 2440 WHERE `entry` = 2280;
        
-- princess moira bronzebeard should only drop loot if her quest chains are complete 
INSERT INTO `conditions` (`condition_entry`, `type`, `value1`, `value2`, `value3`, `value4`, `flags`) VALUES (950, 8, 4004, 0, 0, 0, 0);
INSERT INTO `conditions` (`condition_entry`, `type`, `value1`, `value2`, `value3`, `value4`, `flags`) VALUES (951, 8, 4363, 0, 0, 0, 0);
INSERT INTO `conditions` (`condition_entry`, `type`, `value1`, `value2`, `value3`, `value4`, `flags`) VALUES (952, -2, 950, 951, 0, 0, 0);
DELETE FROM `creature_loot_template` WHERE `entry` = 8929;
DELETE FROM `reference_loot_template` WHERE `entry` = 30224;
INSERT INTO `creature_loot_template` (`entry`, `item`, `ChanceOrQuestChance`, `groupid`, `mincountOrRef`, `maxcount`, `condition_id`, `patch_min`, `patch_max`) VALUES
(8929, 22206, 100, 0, 1, 1, 440, 0, 10),
(8929, 11446, 25, 0, 1, 1, 16, 0, 10),
(8929, 11078, 2, 0, 1, 1, 952, 0, 10),
(8929, 11468, -80, 0, 1, 1, 952, 0, 10),
(8929, 14047, 20, 0, 1, 4, 952, 0, 10),
(8929, 18945, 10, 0, 1, 10, 952, 0, 10),
(8929, 22528, 8, 0, 1, 4, 952, 0, 10),
(8929, 12553, 0, 1, 1, 1, 952, 0, 10),
(8929, 12554, 0, 1, 1, 1, 952, 0, 10),
(8929, 12556, 0, 1, 1, 1, 952, 0, 10),
(8929, 12557, 0, 1, 1, 1, 952, 0, 10);
       
-- update rejolds new brew quest chain
INSERT INTO `creature_questrelation` (`id`, `quest`, `patch_min`, `patch_max`) VALUES
(1378, 415, 0, 10);
UPDATE `quest_template` SET `PrevQuestId` = 0 WHERE `entry`= 415;
UPDATE `quest_template` SET `NextQuestId` = 0, `PrevQuestId` = -415 WHERE `entry` = 315;
UPDATE `quest_template` SET `PrevQuestId` = 415 WHERE `entry` = 413;
                          
-- quest 6382 doesnt have a pre-quest
UPDATE `quest_template` SET `PrevQuestId` = 0 WHERE `entry` = 6382;

-- correct nathanos blightcaller quest chain
INSERT INTO `conditions` (`condition_entry`, `type`, `value1`, `value2`, `value3`, `value4`, `flags`) VALUES (525, 8, 6022, 0, 0, 0, 0);
INSERT INTO `conditions` (`condition_entry`, `type`, `value1`, `value2`, `value3`, `value4`, `flags`) VALUES (526, 8, 6042, 0, 0, 0, 0);
INSERT INTO `conditions` (`condition_entry`, `type`, `value1`, `value2`, `value3`, `value4`, `flags`) VALUES (527, 8, 6133, 0, 0, 0, 0);
INSERT INTO `conditions` (`condition_entry`, `type`, `value1`, `value2`, `value3`, `value4`, `flags`) VALUES (528, -1, 525, 526, 527, 0, 0);
UPDATE `quest_template` SET `PrevQuestId`= 0, `ExclusiveGroup`= 0, `RequiredCondition` = 528 WHERE entry = 6135;
UPDATE `quest_template` SET `PrevQuestId`= 0, `ExclusiveGroup`= 0, `RequiredCondition` = 528 WHERE entry = 6136;
UPDATE `quest_template` SET `ExclusiveGroup`= 0 WHERE `entry` IN (6022, 6042, 6133);
INSERT INTO `conditions` (`condition_entry`, `type`, `value1`, `value2`, `value3`, `value4`, `flags`) VALUES (529, 8, 6135, 0, 0, 0, 0);
INSERT INTO `conditions` (`condition_entry`, `type`, `value1`, `value2`, `value3`, `value4`, `flags`) VALUES (530, 8, 6136, 0, 0, 0, 0);
INSERT INTO `conditions` (`condition_entry`, `type`, `value1`, `value2`, `value3`, `value4`, `flags`) VALUES (531, -1, 529, 530, 0, 0, 0);
UPDATE `quest_template` SET `PrevQuestId`= 0 , `RequiredCondition` = 531 WHERE `entry` = 6163;
UPDATE `quest_template` SET `PrevQuestId`= 0 , `RequiredCondition` = 531 WHERE `entry` = 6144;
                                                    
-- add azzere the skyblade waypoints (credit cmangos)
UPDATE `creature` SET `position_x` = -2718.01220703125, `position_y` = -1919.480224609375, `position_z` = 92.39141845703125, `orientation` = 5.830346584320068359, `wander_distance` = 0, `movement_type` = 2 WHERE (`guid` = 51813);
INSERT INTO `creature_movement_template` (`entry`, `point`, `position_x`, `position_y`, `position_z`, `orientation`, `waittime`, `script_id`) VALUES
(5834, 1, -2706.946533203125, -1928.88671875, 94.92423248291015625, 100, 0, 0),
(5834, 2, -2695.7392578125, -1940.876953125, 97.374176025390625, 100, 0, 0),
(5834, 3, -2682.956787109375, -1955.5443115234375, 98.457672119140625, 100, 0, 0),
(5834, 4, -2665.513427734375, -1979.7335205078125, 98.10567474365234375, 100, 0, 0),
(5834, 5, -2663.70361328125, -2002.6328125, 98.0086212158203125, 100, 0, 0),
(5834, 6, -2664.872314453125, -2023.6334228515625, 98.4654083251953125, 100, 0, 0),
(5834, 7, -2665.704833984375, -2038.8956298828125, 98.3714599609375, 100, 0, 0),
(5834, 8, -2666.359619140625, -2061.752685546875, 98.2720947265625, 100, 0, 0),
(5834, 9, -2657.220703125, -2080.010986328125, 96.6535491943359375, 100, 0, 0),
(5834, 10, -2649.553955078125, -2090.149658203125, 94.9926605224609375, 100, 0, 0),
(5834, 11, -2637.51220703125, -2096.9423828125, 93.3593597412109375, 100, 0, 0),
(5834, 12, -2629.791748046875, -2089.095947265625, 92.40811920166015625, 100, 0, 0),
(5834, 13, -2613.596923828125, -2073.96484375, 92.29166412353515625, 100, 0, 0),
(5834, 14, -2608.218505859375, -2063.141845703125, 91.50748443603515625, 100, 0, 0),
(5834, 15, -2605.2412109375, -2042.7606201171875, 91.79166412353515625, 100, 0, 0),
(5834, 16, -2608.839599609375, -2014.68017578125, 91.79166412353515625, 100, 0, 0),
(5834, 17, -2607.893310546875, -2002.0064697265625, 91.79166412353515625, 100, 0, 0),
(5834, 18, -2607.268310546875, -1982.8775634765625, 91.79166412353515625, 100, 0, 0),
(5834, 19, -2604.784423828125, -1970.359375, 91.80338287353515625, 100, 0, 0),
(5834, 20, -2604.74462890625, -1952.140380859375, 93.60471343994140625, 100, 0, 0),
(5834, 21, -2605.604248046875, -1942.9478759765625, 94.42087554931640625, 100, 0, 0),
(5834, 22, -2620.93505859375, -1924.1536865234375, 97.3622283935546875, 100, 0, 0),
(5834, 23, -2633.033203125, -1911.1500244140625, 96.9115447998046875, 100, 0, 0),
(5834, 24, -2640.478271484375, -1902.7139892578125, 96.14600372314453125, 100, 0, 0),
(5834, 25, -2638.758544921875, -1882.859619140625, 92.93990325927734375, 100, 0, 0),
(5834, 26, -2636.468017578125, -1869.08203125, 91.80367279052734375, 100, 0, 0),
(5834, 27, -2633.1865234375, -1855.0064697265625, 91.79166412353515625, 100, 0, 0),
(5834, 28, -2628.3759765625, -1841.2161865234375, 91.79166412353515625, 100, 0, 0),
(5834, 29, -2614.168701171875, -1825.8828125, 92.61051177978515625, 100, 0, 0),
(5834, 30, -2593.397216796875, -1820.4481201171875, 94.27164459228515625, 100, 0, 0),
(5834, 31, -2570.376220703125, -1824.263671875, 94.66666412353515625, 100, 0, 0),
(5834, 32, -2547.1953125, -1824.150146484375, 93.4726104736328125, 100, 0, 0),
(5834, 33, -2543.994384765625, -1831.7530517578125, 93.7714385986328125, 100, 0, 0),
(5834, 34, -2541.14306640625, -1847.8563232421875, 92.6114654541015625, 100, 0, 0),
(5834, 35, -2541.811767578125, -1853.761474609375, 91.9027252197265625, 100, 0, 0),
(5834, 36, -2550.61376953125, -1869.853271484375, 91.7916412353515625, 100, 0, 0),
(5834, 37, -2563.018310546875, -1877.87353515625, 92.3243560791015625, 100, 0, 0),
(5834, 38, -2573.2919921875, -1883.7862548828125, 92.5416412353515625, 100, 0, 0),
(5834, 39, -2588.375, -1888.5992431640625, 94.5841217041015625, 100, 0, 0),
(5834, 40, -2605.794189453125, -1890.0343017578125, 95.57076263427734375, 100, 0, 0),
(5834, 41, -2626.3271484375, -1882.88525390625, 93.87496185302734375, 100, 0, 0),
(5834, 42, -2635.57763671875, -1880.7276611328125, 92.55367279052734375, 100, 0, 0),
(5834, 43, -2646.370361328125, -1875.3836669921875, 91.91207122802734375, 100, 0, 0),
(5834, 44, -2667.3525390625, -1868.8802490234375, 93.49478912353515625, 100, 0, 0),
(5834, 45, -2689.15673828125, -1876.951416015625, 93.03043365478515625, 100, 0, 0),
(5834, 46, -2712.690185546875, -1893.892333984375, 91.79166412353515625, 100, 0, 0),
(5834, 47, -2721.41064453125, -1909.021240234375, 91.79166412353515625, 100, 0, 0),
(5834, 48, -2717.085693359375, -1919.9310302734375, 92.50821685791015625, 100, 0, 0);
                   
-- add animations to quest 924 the demon seed
UPDATE `gameobject` SET `spawntimesecsmin` = 120, `spawntimesecsmax` = 120 WHERE `id` IN (3523, 3524);
UPDATE `gameobject_template` SET `data3` = 65536, `data5` = 1 WHERE `entry` = 3524;
INSERT INTO `event_scripts` (`id`, `delay`, `command`, `datalong`, `datalong2`, `datalong3`, `datalong4`, `target_param1`, `target_param2`, `target_type`, `data_flags`, `dataint`, `dataint2`, `dataint3`, `dataint4`, `x`, `y`, `z`, `o`, `condition_id`, `comments`) VALUES (510, 1, 13, 0, 0, 0, 0, 3524, 30, 11, 0, 0, 0, 0, 0, 0, 0, 0, 0, 0, 'Activate Demon Seed');
INSERT INTO `event_scripts` (`id`, `delay`, `command`, `datalong`, `datalong2`, `datalong3`, `datalong4`, `target_param1`, `target_param2`, `target_type`, `data_flags`, `dataint`, `dataint2`, `dataint3`, `dataint4`, `x`, `y`, `z`, `o`, `condition_id`, `comments`) VALUES (510, 2, 81, 15128, 0, 0, 0, 0, 0, 0, 0, 0, 0, 0, 0, 0, 0, 0, 0, 0, 'Despawn Circle of Flame');

-- update aean swiftriver waypoints (credit cmangos)                                                
UPDATE `creature` SET `position_x` = -3771.245605468750, `position_y` = -2292.305908203125, `position_z` = 91.79396820068359375, `orientation` = 0.450684577226638793 WHERE (`guid` = 15145);
UPDATE `creature` SET `position_x` = -3768.948486328125, `position_y` = -2294.101562500000, `position_z` = 91.75000000000000000, `orientation` = 1.061248660087585449 WHERE (`guid` = 15169);
UPDATE `creature` SET `position_x` = -3773.825439453125, `position_y` = -2293.109863281250, `position_z` = 91.86315917968750000, `orientation` = 6.260385036468505859 WHERE (`guid` = 17433);
UPDATE `creature` SET `position_x` = -3772.743164062500, `position_y` = -2289.809814453125, `position_z` = 91.89057159423828125, `orientation` = 6.158241271972656250 WHERE (`guid` = 15246);
DELETE FROM `creature_movement` WHERE `id` IN (15145, 15246, 17433, 15169);
INSERT INTO `creature_movement` (`id`, `point`, `position_x`, `position_y`, `position_z`, `orientation`, `waittime`, `script_id`) VALUES
(15145, 1, -3751.908935546875, -2295.319580078125, 92.25113677978515625, 100, 0, 0),
(15145, 2, -3728.701416015625, -2302.146728515625, 93.1031951904296875, 100, 0, 0),
(15145, 3, -3697.91748046875, -2300.805419921875, 91.79166412353515625, 100, 0, 0),
(15145, 4, -3669.00439453125, -2298.87841796875, 92.25162506103515625, 100, 0, 0),
(15145, 5, -3623.796630859375, -2290.186279296875, 91.79166412353515625, 100, 0, 0),
(15145, 6, -3590.56689453125, -2278.340087890625, 91.91666412353515625, 100, 0, 0),
(15145, 7, -3554.699462890625, -2248.84912109375, 92.08975982666015625, 100, 0, 0),
(15145, 8, -3522.823486328125, -2244.828369140625, 93.72478485107421875, 100, 0, 0),
(15145, 9, -3491.28515625, -2230.59814453125, 94.04166412353515625, 100, 0, 0),
(15145, 10, -3460.56640625, -2217.317626953125, 91.79166412353515625, 100, 0, 0),
(15145, 11, -3435.95166015625, -2213.31787109375, 93.07730865478515625, 100, 0, 0),
(15145, 12, -3405.81640625, -2191.85546875, 92.91666412353515625, 100, 0, 0),
(15145, 13, -3363.8798828125, -2172.749267578125, 92.14493560791015625, 100, 0, 0),
(15145, 14, -3345.225341796875, -2150.282470703125, 91.79166412353515625, 100, 0, 0),
(15145, 15, -3322.16650390625, -2131.734375, 91.79166412353515625, 100, 0, 0),
(15145, 16, -3305.1650390625, -2111.802734375, 91.79166412353515625, 100, 0, 0),
(15145, 17, -3278.6083984375, -2080.78564453125, 94.04630279541015625, 100, 0, 0),
(15145, 18, -3242.170166015625, -2070.237548828125, 92.0560760498046875, 100, 0, 0),
(15145, 19, -3208.701171875, -2056.75537109375, 93.351043701171875, 100, 0, 0),
(15145, 20, -3176.364990234375, -2051.111572265625, 91.79166412353515625, 100, 0, 0),
(15145, 21, -3149.0732421875, -2047.3389892578125, 91.90341949462890625, 100, 0, 0),
(15145, 22, -3108.2822265625, -2051.197265625, 91.838592529296875, 100, 0, 0),
(15145, 23, -3075.709228515625, -2052.232666015625, 93.143402099609375, 100, 0, 0),
(15145, 24, -3048.413330078125, -2049.975830078125, 95.99322509765625, 100, 0, 0),
(15145, 25, -3016.362548828125, -2053.618408203125, 95.964630126953125, 100, 0, 0),
(15145, 26, -2973.02197265625, -2051.828857421875, 95.89652252197265625, 100, 0, 0),
(15145, 27, -2937.333740234375, -2032.3836669921875, 96.24015045166015625, 100, 0, 0),
(15145, 28, -2894.971435546875, -2013.21923828125, 92.10196685791015625, 100, 0, 0),
(15145, 29, -2872.032958984375, -1988.573974609375, 92.40152740478515625, 100, 0, 0),
(15145, 30, -2845.76318359375, -1977.2374267578125, 94.19895172119140625, 100, 0, 0),
(15145, 31, -2812.548095703125, -1966.1705322265625, 92.79459381103515625, 100, 0, 0),
(15145, 32, -2777.369384765625, -1948.812255859375, 94.33658599853515625, 100, 0, 0),
(15145, 33, -2746.994140625, -1939.6458740234375, 92.68180084228515625, 100, 0, 0),
(15145, 34, -2723.639404296875, -1940.146728515625, 94.53014373779296875, 100, 0, 0),
(15145, 35, -2687.517578125, -1947.962890625, 98.392974853515625, 100, 0, 0),
(15145, 36, -2663.455078125, -1962.291015625, 98.333221435546875, 100, 0, 0),
(15145, 37, -2643.111572265625, -1980.2882080078125, 98.59151458740234375, 100, 0, 0),
(15145, 38, -2624.8984375, -2019.078125, 95.01725006103515625, 100, 0, 0),
(15145, 39, -2610.833984375, -2047.4586181640625, 91.79166412353515625, 100, 0, 0),
(15145, 40, -2602.2685546875, -2077.70947265625, 93.80435943603515625, 100, 0, 0),
(15145, 41, -2576.877197265625, -2113.450439453125, 91.90274810791015625, 100, 0, 0),
(15145, 42, -2554.398193359375, -2149.177001953125, 91.79166412353515625, 100, 0, 0),
(15145, 43, -2538.8994140625, -2189.130126953125, 95.8233184814453125, 100, 0, 0),
(15145, 44, -2526.2421875, -2211.348876953125, 94.47965240478515625, 100, 0, 0),
(15145, 45, -2507.936279296875, -2244.03076171875, 93.24796295166015625, 100, 0, 0),
(15145, 46, -2482.12646484375, -2281.255126953125, 95.013275146484375, 100, 0, 0),
(15145, 47, -2465.202880859375, -2297.9736328125, 95.31707763671875, 100, 0, 0),
(15145, 48, -2435.555908203125, -2317.309814453125, 93.6182708740234375, 100, 0, 0),
(15145, 49, -2400.37109375, -2328.93896484375, 91.79166412353515625, 100, 0, 0),
(15145, 50, -2359.451171875, -2331.1015625, 94.79166412353515625, 100, 0, 0),
(15145, 51, -2323.62109375, -2319.568115234375, 93.31363677978515625, 100, 0, 0),
(15145, 52, -2303.287353515625, -2305.89013671875, 91.79166412353515625, 100, 0, 0),
(15145, 53, -2266.19140625, -2293.931640625, 94.342041015625, 100, 0, 0),
(15145, 54, -2229.68701171875, -2302.292236328125, 93.79340362548828125, 100, 0, 0),
(15145, 55, -2187.87548828125, -2321.053955078125, 94.66561126708984375, 100, 0, 0),
(15145, 56, -2152.007080078125, -2346.296875, 93.18772125244140625, 100, 0, 0),
(15145, 57, -2128.983642578125, -2370.58154296875, 94.25113677978515625, 100, 0, 0),
(15145, 58, -2101.664306640625, -2395.337646484375, 91.79166412353515625, 100, 0, 0),
(15145, 59, -2061.853759765625, -2406.305419921875, 93.68280029296875, 100, 0, 0),
(15145, 60, -2028.92041015625, -2397.70458984375, 92.41666412353515625, 100, 0, 0),
(15145, 61, -1987.3546142578125, -2374.108642578125, 92.95169830322265625, 100, 0, 0),
(15145, 62, -1958.840087890625, -2351.760009765625, 97.68622589111328125, 100, 0, 0),
(15145, 63, -1921.666259765625, -2318.750244140625, 96.49393463134765625, 100, 0, 0),
(15145, 64, -1903.2818603515625, -2299.149658203125, 92.2547149658203125, 100, 0, 0),
(15145, 65, -1888.59814453125, -2277.751220703125, 94.9646453857421875, 100, 0, 0),
(15145, 66, -1868.7265625, -2251.977294921875, 94.90332794189453125, 100, 0, 0),
(15145, 67, -1848.0325927734375, -2227.5390625, 95.55806732177734375, 100, 0, 0),
(15145, 68, -1824.98486328125, -2207.665771484375, 94.33896636962890625, 100, 0, 0),
(15145, 69, -1809.1058349609375, -2188.78515625, 93.2050628662109375, 100, 0, 0),
(15145, 70, -1788.267333984375, -2172.232177734375, 92.4745941162109375, 100, 0, 0),
(15145, 71, -1757.8280029296875, -2151.964111328125, 91.79166412353515625, 100, 0, 0),
(15145, 72, -1734.7552490234375, -2139.536865234375, 91.79166412353515625, 100, 0, 0),
(15145, 73, -1708.5260009765625, -2127.1240234375, 91.79166412353515625, 100, 0, 0),
(15145, 74, -1688.50634765625, -2110.090576171875, 91.79166412353515625, 100, 0, 0),
(15145, 75, -1664.1651611328125, -2094.061279296875, 92.44181060791015625, 100, 0, 0),
(15145, 76, -1646.9190673828125, -2079.289794921875, 92.10025787353515625, 100, 0, 0),
(15145, 77, -1626.1246337890625, -2055.861572265625, 91.98502349853515625, 100, 0, 0),
(15145, 78, -1608.8443603515625, -2038.478271484375, 92.16666412353515625, 100, 0, 0),
(15145, 79, -1578.359375, -2031.665771484375, 91.20816802978515625, 100, 0, 0),
(15145, 80, -1564.4820556640625, -2043.92236328125, 88.57975006103515625, 100, 0, 0),
(15145, 81, -1554.6727294921875, -2057.455078125, 87.83097076416015625, 100, 0, 0),
(15145, 82, -1542.967529296875, -2080.3642578125, 84.60465240478515625, 100, 0, 0),
(15145, 83, -1536.9735107421875, -2089.5712890625, 83.09244537353515625, 100, 0, 0),
(15145, 84, -1527.52783203125, -2095.174560546875, 82.70063018798828125, 100, 0, 0),
(15145, 85, -1511.8917236328125, -2091.635009765625, 82.70063018798828125, 100, 0, 0),
(15145, 86, -1500.0531005859375, -2084.197998046875, 82.70063018798828125, 100, 0, 0),
(15145, 87, -1487.733642578125, -2068.662841796875, 82.6619415283203125, 100, 0, 0),
(15145, 88, -1462.5047607421875, -2050.395263671875, 82.6619415283203125, 100, 0, 0),
(15145, 89, -1440.286376953125, -2037.0010986328125, 82.6619415283203125, 100, 0, 0),
(15145, 90, -1421.32421875, -2024.517578125, 82.67284393310546875, 100, 0, 0),
(15145, 91, -1415.68212890625, -2008.411865234375, 83.11717987060546875, 100, 0, 0),
(15145, 92, -1402.667236328125, -1987.8328857421875, 82.2480621337890625, 100, 0, 0),
(15145, 93, -1377.8385009765625, -1968.3875732421875, 80.98477935791015625, 100, 0, 0),
(15145, 94, -1357.2498779296875, -1953.984130859375, 80.91983795166015625, 100, 0, 0),
(15145, 95, -1335.638671875, -1942.18017578125, 81.04483795166015625, 100, 0, 0),
(15145, 96, -1318.88916015625, -1933.9332275390625, 81.3098297119140625, 100, 0, 0),
(15145, 97, -1290.2442626953125, -1913.060546875, 81.26566314697265625, 100, 0, 0),
(15145, 98, -1262.9462890625, -1905.3702392578125, 81.98033905029296875, 100, 0, 0),
(15145, 99, -1239.638916015625, -1904.31298828125, 82.32140350341796875, 100, 0, 0),
(15145, 100, -1226.500732421875, -1917.711181640625, 87.87082672119140625, 100, 0, 0),
(15145, 101, -1214.121337890625, -1932.527587890625, 87.86325836181640625, 100, 0, 0),
(15145, 102, -1199.427734375, -1951.4254150390625, 88.406951904296875, 100, 0, 0),
(15145, 103, -1188.502685546875, -1960.488525390625, 88.503387451171875, 100, 0, 0),
(15145, 104, -1186.06494140625, -1978.5533447265625, 91.7146148681640625, 100, 0, 0),
(15145, 105, -1183.592529296875, -2008.271484375, 91.79166412353515625, 100, 0, 0),
(15145, 106, -1210.0377197265625, -2029.8001708984375, 92.18033599853515625, 100, 0, 0),
(15145, 107, -1228.7059326171875, -2050.73291015625, 92.03458404541015625, 100, 0, 0),
(15145, 108, -1260.890380859375, -2060.256591796875, 91.81145477294921875, 100, 0, 0),
(15145, 109, -1276.724853515625, -2063.738037109375, 93.23992919921875, 100, 0, 0),
(15145, 110, -1281.8961181640625, -2083.03515625, 92.283843994140625, 100, 0, 0),
(15145, 111, -1280.148193359375, -2108.79638671875, 91.79166412353515625, 100, 0, 0),
(15145, 112, -1272.90771484375, -2138.439453125, 91.79166412353515625, 100, 0, 0),
(15145, 113, -1264.7603759765625, -2165.8544921875, 91.79166412353515625, 100, 0, 0),
(15145, 114, -1253.296875, -2202.541259765625, 92.66980743408203125, 100, 0, 0),
(15145, 115, -1247.2000732421875, -2240.30810546875, 94.9279937744140625, 100, 0, 0),
(15145, 116, -1244.3653564453125, -2279.59130859375, 92.762359619140625, 100, 0, 0),
(15145, 117, -1246.1943359375, -2309.816650390625, 95.94890594482421875, 100, 0, 0),
(15145, 118, -1247.6722412109375, -2349.2900390625, 95.09883880615234375, 100, 0, 0),
(15145, 119, -1255.5543212890625, -2366.54248046875, 94.18917083740234375, 100, 0, 0),
(15145, 120, -1270.04052734375, -2390.89892578125, 91.91934967041015625, 100, 0, 0),
(15145, 121, -1281.5521240234375, -2410.088134765625, 91.84464263916015625, 100, 0, 0),
(15145, 122, -1294.3258056640625, -2425.829345703125, 95.79166412353515625, 100, 0, 0),
(15145, 123, -1311.0216064453125, -2444.587158203125, 97.69091796875, 100, 0, 0),
(15145, 124, -1332.4031982421875, -2453.552001953125, 96.365234375, 100, 0, 0),
(15145, 125, -1357.6138916015625, -2458.098876953125, 95.8555145263671875, 100, 0, 0),
(15145, 126, -1386.1702880859375, -2464.899658203125, 97.1381378173828125, 100, 0, 0),
(15145, 127, -1421.0775146484375, -2465.193115234375, 97.3223724365234375, 100, 0, 0),
(15145, 128, -1443.91845703125, -2460.58447265625, 95.89075469970703125, 100, 0, 0),
(15145, 129, -1466.5965576171875, -2454.6201171875, 92.07801055908203125, 100, 0, 0),
(15145, 130, -1495.0391845703125, -2446.408447265625, 91.92346954345703125, 100, 0, 0),
(15145, 131, -1516.4996337890625, -2434.029052734375, 93.34759521484375, 100, 0, 0),
(15145, 132, -1529.435546875, -2428.108154296875, 92.79166412353515625, 100, 0, 0),
(15145, 133, -1554.6705322265625, -2423.312744140625, 91.85268402099609375, 100, 0, 0),
(15145, 134, -1574.43896484375, -2422.540771484375, 88.74405670166015625, 100, 0, 0),
(15145, 135, -1590.1900634765625, -2428.714111328125, 87.48111724853515625, 100, 0, 0),
(15145, 136, -1603.07080078125, -2426.216552734375, 87.367095947265625, 100, 0, 0),
(15145, 137, -1619.2769775390625, -2413.2041015625, 85.990875244140625, 100, 0, 0),
(15145, 138, -1633.14794921875, -2399.520751953125, 83.66033935546875, 100, 0, 0),
(15145, 139, -1642.03955078125, -2386.242431640625, 82.93280029296875, 100, 0, 0),
(15145, 140, -1642.109619140625, -2372.40576171875, 83.06634521484375, 100, 0, 0),
(15145, 141, -1646.7083740234375, -2360.62060546875, 84.2030792236328125, 100, 0, 0),
(15145, 142, -1667.626953125, -2358.65234375, 88.7739105224609375, 100, 0, 0),
(15145, 143, -1683.024169921875, -2355.341064453125, 88.7739105224609375, 100, 0, 0),
(15145, 144, -1712.4876708984375, -2352.756591796875, 91.73514556884765625, 100, 0, 0),
(15145, 145, -1749.2222900390625, -2341.019287109375, 93.12076568603515625, 100, 0, 0),
(15145, 146, -1766.7984619140625, -2334.072021484375, 94.7975616455078125, 100, 0, 0),
(15145, 147, -1791.0107421875, -2315.09033203125, 92.258941650390625, 100, 0, 0),
(15145, 148, -1813.2398681640625, -2305.48388671875, 91.92153167724609375, 100, 0, 0),
(15145, 149, -1831.898193359375, -2286.891357421875, 91.727569580078125, 100, 0, 0),
(15145, 150, -1867.8984375, -2287.1015625, 94.2839813232421875, 100, 0, 0),
(15145, 151, -1907.6988525390625, -2303.80224609375, 92.10672760009765625, 100, 0, 0),
(15145, 152, -1924.68994140625, -2324.787841796875, 97.38187408447265625, 100, 0, 0),
(15145, 153, -1947.0465087890625, -2348.97509765625, 96.18524932861328125, 100, 0, 0),
(15145, 154, -1959.972412109375, -2355.465087890625, 98.00580596923828125, 100, 0, 0),
(15145, 155, -1987.140380859375, -2356.71142578125, 95.41263580322265625, 100, 0, 0),
(15145, 156, -2018.66259765625, -2349.80908203125, 92.54166412353515625, 100, 0, 0),
(15145, 157, -2048.80078125, -2347.428466796875, 91.91275787353515625, 100, 0, 0),
(15145, 158, -2088.419677734375, -2349.701416015625, 91.79166412353515625, 100, 0, 0),
(15145, 159, -2117.04248046875, -2350.955810546875, 93.1837921142578125, 100, 0, 0),
(15145, 160, -2145.830810546875, -2343.57421875, 93.55588531494140625, 100, 0, 0),
(15145, 161, -2160.806396484375, -2335.538330078125, 94.33811187744140625, 100, 0, 0),
(15145, 162, -2195.2080078125, -2321.368896484375, 93.62459564208984375, 100, 0, 0),
(15145, 163, -2224.2236328125, -2311.094482421875, 93.52460479736328125, 100, 0, 0),
(15145, 164, -2255.28076171875, -2303.766845703125, 94.48969268798828125, 100, 0, 0),
(15145, 165, -2293.860595703125, -2303.737548828125, 91.85172271728515625, 100, 0, 0),
(15145, 166, -2314.339599609375, -2313.15966796875, 91.93350982666015625, 100, 0, 0),
(15145, 167, -2356.898681640625, -2318.131591796875, 93.65494537353515625, 100, 0, 0),
(15145, 168, -2401.676025390625, -2316.9189453125, 91.79166412353515625, 100, 0, 0),
(15145, 169, -2417.63623046875, -2352.75048828125, 93.05924224853515625, 100, 0, 0),
(15145, 170, -2425.196533203125, -2387.525146484375, 93.37149810791015625, 100, 0, 0),
(15145, 171, -2436.71875, -2412.920654296875, 91.79166412353515625, 100, 0, 0),
(15145, 172, -2456.72705078125, -2436.7275390625, 91.79166412353515625, 100, 0, 0),
(15145, 173, -2505.068359375, -2440.234375, 91.79166412353515625, 100, 0, 0),
(15145, 174, -2523.188232421875, -2420.51708984375, 91.79166412353515625, 100, 0, 0),
(15145, 175, -2532.338623046875, -2396.82470703125, 91.79166412353515625, 100, 0, 0),
(15145, 176, -2547.99755859375, -2361.031494140625, 91.79166412353515625, 100, 0, 0),
(15145, 177, -2560.78759765625, -2339.7177734375, 91.79166412353515625, 100, 0, 0),
(15145, 178, -2589.68310546875, -2316.360595703125, 91.79166412353515625, 100, 0, 0),
(15145, 179, -2623.811279296875, -2292.802001953125, 93.62903594970703125, 100, 0, 0),
(15145, 180, -2655.30419921875, -2272.994873046875, 91.79166412353515625, 100, 0, 0),
(15145, 181, -2676.70703125, -2260.037841796875, 92.16666412353515625, 100, 0, 0),
(15145, 182, -2696.729736328125, -2245.778564453125, 96.23575592041015625, 100, 0, 0),
(15145, 183, -2734.048828125, -2222.833740234375, 92.84357452392578125, 100, 0, 0),
(15145, 184, -2756.024658203125, -2203.921142578125, 96.26691436767578125, 100, 0, 0),
(15145, 185, -2785.28466796875, -2186.94189453125, 95.8925933837890625, 100, 0, 0),
(15145, 186, -2798.67822265625, -2170.518798828125, 95.9887847900390625, 100, 0, 0),
(15145, 187, -2812.651611328125, -2150.277099609375, 95.79308319091796875, 100, 0, 0),
(15145, 188, -2829.420654296875, -2129.898681640625, 95.83634185791015625, 100, 0, 0),
(15145, 189, -2850.494384765625, -2119.56591796875, 95.829010009765625, 100, 0, 0),
(15145, 190, -2879.6572265625, -2105.062744140625, 95.8164520263671875, 100, 0, 0),
(15145, 191, -2896.772705078125, -2090.3056640625, 95.80126190185546875, 100, 0, 0),
(15145, 192, -2913.16845703125, -2074.995361328125, 95.8118133544921875, 100, 0, 0),
(15145, 193, -2930.2431640625, -2059.453125, 95.85805511474609375, 100, 0, 0),
(15145, 194, -2956.042724609375, -2054.53369140625, 96.37796783447265625, 100, 0, 0),
(15145, 195, -2989.494873046875, -2051.997314453125, 95.89652252197265625, 100, 0, 0),
(15145, 196, -3023.868896484375, -2051.675048828125, 95.964630126953125, 100, 0, 0),
(15145, 197, -3046.141357421875, -2051.758056640625, 96.11553955078125, 100, 0, 0),
(15145, 198, -3060.437744140625, -2051.598388671875, 95.17974853515625, 100, 0, 0),
(15145, 199, -3098.662841796875, -2050.415283203125, 92.041107177734375, 100, 0, 0),
(15145, 200, -3121.650390625, -2052.542236328125, 91.713592529296875, 100, 0, 0),
(15145, 201, -3147.301513671875, -2051.94580078125, 92.19931793212890625, 100, 0, 0),
(15145, 202, -3175.706298828125, -2056.1455078125, 91.79166412353515625, 100, 0, 0),
(15145, 203, -3205.832275390625, -2078.739501953125, 94.70951080322265625, 100, 0, 0),
(15145, 204, -3227.90283203125, -2097.834716796875, 92.58451080322265625, 100, 0, 0),
(15145, 205, -3247.61865234375, -2117.35693359375, 93.14919281005859375, 100, 0, 0),
(15145, 206, -3272.85107421875, -2136.64013671875, 91.91983795166015625, 100, 0, 0),
(15145, 207, -3298.4951171875, -2158.553466796875, 93.66983795166015625, 100, 0, 0),
(15145, 208, -3321.00439453125, -2170.155517578125, 92.33365631103515625, 100, 0, 0),
(15145, 209, -3357.76708984375, -2181.818115234375, 92.28629302978515625, 100, 0, 0),
(15145, 210, -3400.911865234375, -2177.88916015625, 92.15396881103515625, 100, 0, 0),
(15145, 211, -3444.3662109375, -2174.286376953125, 91.79166412353515625, 100, 0, 0),
(15145, 212, -3475.083251953125, -2171.15869140625, 94.29343414306640625, 100, 0, 0),
(15145, 213, -3508.685791015625, -2158.666259765625, 91.79166412353515625, 100, 0, 0),
(15145, 214, -3538.495361328125, -2146.970947265625, 95.14981842041015625, 100, 0, 0),
(15145, 215, -3580.49658203125, -2127.44873046875, 92.4455108642578125, 100, 0, 0),
(15145, 216, -3603.776611328125, -2125.05859375, 91.7916412353515625, 100, 0, 0),
(15145, 217, -3641.9384765625, -2122.968017578125, 91.7916412353515625, 100, 0, 0),
(15145, 218, -3676.439208984375, -2114.67578125, 94.18131256103515625, 100, 0, 0),
(15145, 219, -3720.13720703125, -2118.239501953125, 91.79166412353515625, 100, 0, 0),
(15145, 220, -3764.111083984375, -2115.9951171875, 93.28197479248046875, 100, 0, 0),
(15145, 221, -3803.201904296875, -2119.584716796875, 94.205535888671875, 100, 0, 0),
(15145, 222, -3849.943603515625, -2134.3046875, 92.59189605712890625, 100, 0, 0),
(15145, 223, -3871.549072265625, -2155.890869140625, 93.16251373291015625, 100, 0, 0),
(15145, 224, -3870.489501953125, -2182.752197265625, 94.42398834228515625, 100, 0, 0),
(15145, 225, -3867.721435546875, -2220.432861328125, 91.79166412353515625, 100, 0, 0),
(15145, 226, -3830.4970703125, -2247.6513671875, 93.0533447265625, 100, 0, 0),
(15145, 227, -3797.142333984375, -2262.053466796875, 94.44342803955078125, 100, 0, 0),
(15145, 228, -3769.873291015625, -2291.641845703125, 91.79166412353515625, 100, 0, 0);     
           
-- update to yell text for quests 5343 and 5341
DELETE FROM `quest_end_scripts` WHERE `id`=5343;
INSERT INTO `quest_end_scripts` (`id`, `delay`, `command`, `datalong`, `datalong2`, `datalong3`, `datalong4`, `target_param1`, `target_param2`, `target_type`, `data_flags`, `dataint`, `dataint2`, `dataint3`, `dataint4`, `x`, `y`, `z`, `o`, `condition_id`, `comments`) VALUES (5343, 1, 0, 1, 0, 0, 0, 0, 0, 0, 0, 6555, 0, 0, 0, 0, 0, 0, 0, 0, 'Barov Family Fortune - Weldon Barov: Say text 1');
INSERT INTO `quest_end_scripts` (`id`, `delay`, `command`, `datalong`, `datalong2`, `datalong3`, `datalong4`, `target_param1`, `target_param2`, `target_type`, `data_flags`, `dataint`, `dataint2`, `dataint3`, `dataint4`, `x`, `y`, `z`, `o`, `condition_id`, `comments`) VALUES (5343, 1, 1, 11, 0, 0, 0, 0, 0, 0, 0, 0, 0, 0, 0, 0, 0, 0, 0, 0, 'Barov Family Fortune - Weldon Barov: Emote laugh');
DELETE FROM `quest_end_scripts` WHERE `id`=5341;
INSERT INTO `quest_end_scripts` (`id`, `delay`, `command`, `datalong`, `datalong2`, `datalong3`, `datalong4`, `target_param1`, `target_param2`, `target_type`, `data_flags`, `dataint`, `dataint2`, `dataint3`, `dataint4`, `x`, `y`, `z`, `o`, `condition_id`, `comments`) VALUES (5341, 1, 1, 11, 0, 0, 0, 0, 0, 0, 0, 0, 0, 0, 0, 0, 0, 0, 0, 0, 'Barov Family Fortune - Alexi Barov: Emote laugh');
INSERT INTO `quest_end_scripts` (`id`, `delay`, `command`, `datalong`, `datalong2`, `datalong3`, `datalong4`, `target_param1`, `target_param2`, `target_type`, `data_flags`, `dataint`, `dataint2`, `dataint3`, `dataint4`, `x`, `y`, `z`, `o`, `condition_id`, `comments`) VALUES (5341, 1, 0, 1, 0, 0, 0, 0, 0, 0, 0, 6554, 0, 0, 0, 0, 0, 0, 0, 0, 'Barov Family Fortune - Alexi Barov: Say text 1');

-- bael dun excavator should roam
UPDATE `creature` SET `movement_type` = 1, `wander_distance` = 2 WHERE `guid` = 13584;        
                  
-- add missing bael dun excavator spawn
INSERT INTO `creature` (`guid`, `id`, `map`, `position_x`, `position_y`, `position_z`, `orientation`, `spawntimesecsmin`, `spawntimesecsmax`, `health_percent`, `mana_percent`, `movement_type`, `wander_distance`, `patch_max`) VALUES
(13625, 3374, 1, -4137.572265625, -2216.4453125, 50.56214523315429687, 2.365756988525390625, 413, 413, 100, 0, 1, 2, 10);

-- add heggin stonewhisker spawns (credit cmangos)                                         
INSERT INTO `creature` (`guid`, `id`, `map`, `position_x`, `position_y`, `position_z`, `orientation`, `spawntimesecsmin`, `spawntimesecsmax`, `health_percent`, `mana_percent`, `movement_type`, `wander_distance`, `patch_max`) VALUES
(51859, 5847, 1, -4071.817626953125, -2163.270751953125, 50.65045928955078125, 3.089232683181762695, 19800, 19800, 100, 0, 0, 0, 10);
INSERT INTO `pool_template` (`entry`, `max_limit`, `description`) VALUES
(119, 1, 'Heggin Stonewhisker (5847)');
INSERT INTO `pool_creature` (`guid`, `pool_entry`, `description`) VALUES
(51817, 119, 'Heggin Stonewhisker #1'),
(51859, 119, 'Heggin Stonewhisker #2');
 
-- update kagoro unit flags (credit cmangos)
UPDATE `creature_template` SET `unit_flags` = 768 WHERE `entry` = 4972;
 
-- magrin rivermane is not a vendor
DELETE FROM `npc_vendor` WHERE `entry` = 6776;
UPDATE `creature_template` SET `npc_flags` = 2, `vendor_id` = 0 WHERE `entry` = 6776;
                                                
-- add quest start script for 2841
UPDATE `quest_template` SET `StartScript` = 2841 WHERE `entry` = 2841;
INSERT INTO `quest_start_scripts` (`id`, `delay`, `command`, `datalong`, `datalong2`, `datalong3`, `datalong4`, `target_param1`, `target_param2`, `target_type`, `data_flags`, `dataint`, `dataint2`, `dataint3`, `dataint4`, `x`, `y`, `z`, `o`, `condition_id`, `comments`) VALUES (2841, 1, 0, 0, 0, 0, 0, 7968, 0, 9, 3, 3903, 0, 0, 0, 0, 0, 0, 0, 0, 'Sovik - Talk');
          
-- wandering forest walker (credit cmangos)
DELETE FROM `creature_movement` WHERE `id` IN (50797, 50800);
UPDATE `creature` SET `wander_distance` = 0, `movement_type` = 2 WHERE `guid` IN (50797, 50800);
INSERT INTO `creature_movement` (`id`, `point`, `position_x`, `position_y`, `position_z`, `orientation`, `waittime`, `script_id`) VALUES
(50797, 1, -3444.82, 2379.06, 45.5005, 100, 0, 0), 
(50797, 2, -3458.78, 2373.03, 45.8098, 100, 0, 0), 
(50797, 3, -3469.69, 2371.56, 45.8892, 100, 0, 0), 
(50797, 4, -3484.49, 2377.69, 47.635, 100, 0, 0), 
(50797, 5, -3496.57, 2381.58, 49.7376, 100, 0, 0), 
(50797, 6, -3507.98, 2384.39, 51.3419, 100, 0, 0), 
(50797, 7, -3521.67, 2388.07, 54.8263, 100, 0, 0), 
(50797, 8, -3529.99, 2397.72, 58.0181, 100, 0, 0), 
(50797, 9, -3535.48, 2408.73, 60.5075, 100, 0, 0), 
(50797, 10, -3535.84, 2419.78, 61.0249, 100, 0, 0), 
(50797, 11, -3532.04, 2430.7, 59.6588, 100, 0, 0), 
(50797, 12, -3530.96, 2442.69, 57.0554, 100, 0, 0), 
(50797, 13, -3529.74, 2454.1, 58.1828, 100, 0, 0), 
(50797, 14, -3527.28, 2467.21, 60.0334, 100, 0, 0), 
(50797, 15, -3524.18, 2478.36, 58.0303, 100, 0, 0), 
(50797, 16, -3521.19, 2489.55, 54.4044, 100, 0, 0), 
(50797, 17, -3518.54, 2498.1, 52.8315, 100, 0, 0), 
(50797, 18, -3524.2, 2509.05, 56.2128, 100, 0, 0), 
(50797, 19, -3529.73, 2521.3, 60.1471, 100, 0, 0), 
(50797, 20, -3535.93, 2532.47, 68.4802, 100, 0, 0), 
(50797, 21, -3543.88, 2542.95, 73.7734, 100, 0, 0), 
(50797, 22, -3549.28, 2550.57, 75.2648, 100, 0, 0), 
(50797, 23, -3557.02, 2560.98, 75.766, 100, 0, 0), 
(50797, 24, -3561.56, 2567.14, 77.7369, 100, 0, 0), 
(50797, 25, -3558.1, 2576.23, 78.2838, 100, 0, 0), 
(50797, 26, -3554.53, 2582.89, 80.9659, 100, 0, 0), 
(50797, 27, -3550.85, 2591.15, 82.1056, 100, 0, 0), 
(50797, 28, -3547.08, 2599.9, 82.9719, 100, 0, 0), 
(50797, 29, -3536.11, 2606.62, 84.7292, 100, 0, 0), 
(50797, 30, -3527.54, 2611.77, 83.1992, 100, 0, 0), 
(50797, 31, -3514.36, 2619.72, 84.4215, 100, 0, 0), 
(50797, 32, -3503.8, 2626.26, 84.8696, 100, 0, 0), 
(50797, 33, -3503.08, 2636.78, 86.6175, 100, 0, 0), 
(50797, 34, -3500.68, 2659.01, 88.5952, 100, 0, 0), 
(50797, 35, -3500.27, 2669.73, 88.8587, 100, 0, 0), 
(50797, 36, -3502.78, 2682.55, 90.3583, 100, 0, 0), 
(50797, 37, -3504.5, 2691.54, 92.247, 100, 0, 0), 
(50797, 38, -3506.32, 2701.66, 89.7475, 100, 0, 0), 
(50797, 39, -3508.73, 2713.36, 89.4334, 100, 0, 0), 
(50797, 40, -3498.98, 2725.21, 87.2176, 100, 0, 0), 
(50797, 41, -3487.99, 2739.12, 86.183, 100, 0, 0), 
(50797, 42, -3477.21, 2745.45, 85.4622, 100, 0, 0), 
(50797, 43, -3463.57, 2754.1, 81.3744, 100, 0, 0), 
(50797, 44, -3446.35, 2764.6, 78.7236, 100, 0, 0), 
(50797, 45, -3444.84, 2777.39, 79.5474, 100, 0, 0), 
(50797, 46, -3443.24, 2792.24, 82.1922, 100, 0, 0), 
(50797, 47, -3442.17, 2801.51, 84.4853, 100, 0, 0),
(50797, 48, -3437.99, 2809.23, 84.2038, 100, 0, 0),
(50797, 49, -3428.83, 2828.03, 77.7336, 100, 0, 0),
(50797, 50, -3424.59, 2836.66, 79.4498, 100, 0, 0),
(50797, 51, -3419.41, 2846.8, 82.0314, 100, 0, 0),
(50797, 52, -3411.87, 2844.63, 80.5911, 100, 0, 0),
(50797, 53, -3402.33, 2842.44, 81.5253, 100, 0, 0),
(50797, 54, -3389.12, 2839.41, 81.9053, 100, 0, 0),
(50797, 55, -3370.61, 2834.53, 79.8607, 100, 0, 0),
(50797, 56, -3366.7, 2830.79, 77.9628, 100, 0, 0),
(50797, 57, -3361.15, 2825.79, 74.1914, 100, 0, 0),
(50797, 58, -3351.79, 2817.23, 73.1108, 100, 0, 0),
(50797, 59, -3342.45, 2808.62, 69.3829, 100, 0, 0),
(50797, 60, -3335.23, 2801.86, 69.8373, 100, 0, 0),
(50797, 61, -3321.2, 2798.73, 70.9464, 100, 0, 0),
(50797, 62, -3304.03, 2795.11, 68.7138, 100, 0, 0),
(50797, 63, -3287.45, 2790.97, 69.5143, 100, 0, 0),
(50797, 64, -3274.24, 2788.02, 70.4814, 100, 0, 0),
(50797, 65, -3258.02, 2783.66, 71.3382, 100, 0, 0),
(50797, 66, -3258.88, 2771.19, 68.8334, 100, 0, 0),
(50797, 67, -3259.51, 2759.16, 65.4326, 100, 0, 0),
(50797, 68, -3260.1, 2751.91, 65.8245, 100, 0, 0),
(50797, 69, -3271.58, 2753.33, 64.2919, 100, 0, 0),
(50797, 70, -3285.5, 2755.51, 64.8285, 100, 0, 0),
(50797, 71, -3300.08, 2757.48, 65.0401, 100, 0, 0),
(50797, 72, -3317.81, 2762.54, 67.3042, 100, 0, 0),
(50797, 73, -3329.33, 2765.28, 69.7745, 100, 0, 0),
(50797, 74, -3341.64, 2768.7, 70.2338, 100, 0, 0),
(50797, 75, -3356.37, 2760.65, 70.4198, 100, 0, 0),
(50797, 76, -3364.26, 2756.05, 70.9674, 100, 0, 0),
(50797, 77, -3376.76, 2748.58, 68.3061, 100, 0, 0),
(50797, 78, -3375.56, 2736.8, 69.2947, 100, 0, 0),
(50797, 79, -3375.87, 2725.34, 69.02, 100, 0, 0),
(50797, 80, -3376.53, 2715.84, 68.9938, 100, 0, 0),
(50797, 81, -3377.88, 2706.32, 69.2744, 100, 0, 0),
(50797, 82, -3384.62, 2693.74, 68.8684, 100, 0, 0),
(50797, 83, -3393.8, 2678.78, 69.2522, 100, 0, 0),
(50797, 84, -3400.25, 2668.17, 69.7994, 100, 0, 0),
(50797, 85, -3399.01, 2654.05, 68.0771, 100, 0, 0),
(50797, 86, -3398.3, 2642.96, 66.305, 100, 0, 0),
(50797, 87, -3397.52, 2631.31, 66.4574, 100, 0, 0),
(50797, 88, -3396.88, 2621.91, 64.8187, 100, 0, 0),
(50797, 89, -3407.12, 2617.96, 64.5484, 100, 0, 0),
(50797, 90, -3420.72, 2613.31, 67.1953, 100, 0, 0),
(50797, 91, -3437.19, 2607, 70.2352, 100, 0, 0),
(50797, 92, -3447, 2601.79, 73.5314, 100, 0, 0),
(50797, 93, -3460.97, 2594.47, 74.905, 100, 0, 0),
(50797, 94, -3474.21, 2587.57, 75.4839, 100, 0, 0),
(50797, 95, -3488.2, 2580.9, 74.6755, 100, 0, 0),
(50797, 96, -3500.27, 2574.97, 73.9154, 100, 0, 0),
(50797, 97, -3514.13, 2567.85, 73.0168, 100, 0, 0),
(50797, 98, -3519.36, 2557.22, 72.5273, 100, 0, 0),
(50797, 99, -3525.27, 2545.66, 71.3379, 100, 0, 0),
(50797, 100, -3530.4, 2536.31, 68.9001, 100, 0, 0),
(50797, 101, -3523.98, 2529.67, 63.1795, 100, 0, 0),
(50797, 102, -3512.45, 2515.95, 54.6698, 100, 0, 0),
(50797, 103, -3501.15, 2502.53, 55.8038, 100, 0, 0),
(50797, 104, -3484.86, 2507.34, 54.7959, 100, 0, 0),
(50797, 105, -3470.62, 2511.84, 52.2904, 100, 0, 0),
(50797, 106, -3458.54, 2515.4, 47.4927, 100, 0, 0),
(50797, 107, -3458.92, 2511.24, 47.5494, 100, 0, 0),
(50797, 108, -3460.25, 2495.53, 45.7243, 100, 0, 0),
(50797, 109, -3461.31, 2484.86, 44.9693, 100, 0, 0),
(50797, 110, -3463.41, 2467.43, 44.1079, 100, 0, 0),
(50797, 111, -3457.6, 2464.92, 44.4958, 100, 0, 0),
(50797, 112, -3452.61, 2463.37, 42.6844, 100, 0, 0),
(50797, 113, -3440.56, 2459.69, 41.3306, 100, 0, 0),
(50797, 114, -3429.9, 2458.33, 42.1302, 100, 0, 0),
(50797, 115, -3412.94, 2455.6, 39.5677, 100, 0, 0),
(50797, 116, -3399.55, 2454.48, 37.4034, 100, 0, 0),
(50797, 117, -3390.12, 2443.76, 36.5497, 100, 0, 0),
(50797, 118, -3380.03, 2431.9, 34.5727, 100, 0, 0),
(50797, 119, -3371.3, 2421.19, 30.9649, 100, 0, 0),
(50797, 120, -3381.93, 2408.8, 35.3178, 100, 0, 0),
(50797, 121, -3393.44, 2395.62, 36.275, 100, 0, 0),
(50797, 122, -3401.74, 2385.94, 37.9694, 100, 0, 0),
(50797, 123, -3418.06, 2385.54, 40.7661, 100, 0, 0),
(50797, 124, -3431.35, 2383.14, 43.6883, 100, 0, 0),

-- wandering forest walker (credit cmangos)
(50800, 1, -5776.78, 1439.23, 54.5482, 100, 0, 0),
(50800, 2, -5784.15, 1430.67, 52.3479, 100, 0, 0),
(50800, 3, -5776.18, 1439.83, 54.7064, 100, 0, 0),
(50800, 4, -5764.66, 1452.45, 56.3884, 100, 0, 0),
(50800, 5, -5761.62, 1462.35, 56.3677, 100, 0, 0),
(50800, 6, -5756.13, 1477.73, 59.0412, 100, 0, 0),
(50800, 7, -5754.35, 1483.24, 61.0807, 100, 0, 0),
(50800, 8, -5753.79, 1491.52, 63.973, 100, 0, 0),
(50800, 9, -5752.88, 1502.49, 65.3064, 100, 0, 0),
(50800, 10, -5751.65, 1514.94, 67.5228, 100, 0, 0),
(50800, 11, -5746.96, 1524.35, 69.7342, 100, 0, 0),
(50800, 12, -5739.45, 1536.92, 68.5799, 100, 0, 0),
(50800, 13, -5729.43, 1544.22, 69.3286, 100, 0, 0),
(50800, 14, -5713.31, 1555.85, 70.4584, 100, 0, 0),
(50800, 15, -5702.88, 1564.76, 70.119, 100, 0, 0),
(50800, 16, -5685.64, 1579.35, 70.7687, 100, 0, 0),
(50800, 17, -5672.85, 1586.52, 70.3194, 100, 0, 0),
(50800, 18, -5656.92, 1595.69, 72.0251, 100, 0, 0),
(50800, 19, -5649.98, 1601.91, 72.8527, 100, 0, 0),
(50800, 20, -5646.91, 1610.03, 74.4077, 100, 0, 0),
(50800, 21, -5646.43, 1616.16, 75.3892, 100, 0, 0),
(50800, 22, -5638.18, 1622.1, 74.6925, 100, 0, 0),
(50800, 23, -5624.26, 1627.98, 74.3726, 100, 0, 0),
(50800, 24, -5615.39, 1631.91, 76.4659, 100, 0, 0),
(50800, 25, -5604.16, 1638.77, 77.0893, 100, 0, 0),
(50800, 26, -5594.22, 1645.07, 76.9206, 100, 0, 0),
(50800, 27, -5581.36, 1652.68, 74.509, 100, 0, 0),
(50800, 28, -5570.1, 1659.67, 73.72, 100, 0, 0),
(50800, 29, -5560.05, 1665.79, 70.0778, 100, 0, 0),
(50800, 30, -5550.32, 1671.33, 68.7562, 100, 0, 0),
(50800, 31, -5540.88, 1676.64, 64.4473, 100, 0, 0),
(50800, 32, -5529.16, 1668.56, 58.3191, 100, 0, 0),
(50800, 33, -5521.28, 1662.89, 53.7486, 100, 0, 0),
(50800, 34, -5510.41, 1654.99, 54.2182, 100, 0, 0),
(50800, 35, -5502.58, 1644.53, 54.9985, 100, 0, 0),
(50800, 36, -5494.3, 1630.79, 51.9143, 100, 0, 0),
(50800, 37, -5489.58, 1623.4, 49.7064, 100, 0, 0),
(50800, 38, -5480.99, 1614.45, 49.7806, 100, 0, 0),
(50800, 39, -5471.42, 1603.98, 47.8866, 100, 0, 0),
(50800, 40, -5462.27, 1593.63, 46.872, 100, 0, 0),
(50800, 41, -5443.39, 1593.57, 47.402, 100, 0, 0),
(50800, 42, -5425, 1593.22, 44.7333, 100, 0, 0),
(50800, 43, -5414.59, 1600.3, 46.7082, 100, 0, 0),
(50800, 44, -5401.82, 1608.92, 49.8811, 100, 0, 0),
(50800, 45, -5390.14, 1616.95, 50.5814, 100, 0, 0),
(50800, 46, -5377.36, 1619.06, 49.2405, 100, 0, 0),
(50800, 47, -5364.73, 1621.58, 44.9341, 100, 0, 0),
(50800, 48, -5353.55, 1623.16, 45.015, 100, 0, 0),
(50800, 49, -5344.73, 1613.92, 44.2479, 100, 0, 0),
(50800, 50, -5335.44, 1602.95, 44.7351, 100, 0, 0),
(50800, 51, -5325.51, 1591.69, 44.8613, 100, 0, 0),
(50800, 52, -5315.68, 1583.11, 47.7566, 100, 0, 0),
(50800, 53, -5301.31, 1570.46, 52.6908, 100, 0, 0),
(50800, 54, -5294.35, 1571.09, 55.7462, 100, 0, 0),
(50800, 55, -5282.25, 1571.82, 59.2272, 100, 0, 0),
(50800, 56, -5269.39, 1572.5, 59.4731, 100, 0, 0),
(50800, 57, -5253.9, 1572.86, 56.1081, 100, 0, 0),
(50800, 58, -5241.52, 1573.95, 55.7927, 100, 0, 0),
(50800, 59, -5225.26, 1575.43, 53.8311, 100, 0, 0),
(50800, 60, -5211.17, 1577.12, 55.1541, 100, 0, 0),
(50800, 61, -5198.25, 1568.44, 58.0814, 100, 0, 0),
(50800, 62, -5188.7, 1561.75, 59.3931, 100, 0, 0),
(50800, 63, -5180.04, 1555.08, 56.6725, 100, 0, 0),
(50800, 64, -5163.93, 1552.58, 52.4147, 100, 0, 0),
(50800, 65, -5148.42, 1549.72, 52.4295, 100, 0, 0),
(50800, 66, -5138.25, 1560, 56.1287, 100, 0, 0),
(50800, 67, -5132.21, 1566.09, 57.6965, 100, 0, 0),
(50800, 68, -5124.94, 1573.08, 58.1972, 100, 0, 0),
(50800, 69, -5117.85, 1579.98, 59.6402, 100, 0, 0),
(50800, 70, -5112.23, 1588.34, 63.4508, 100, 0, 0),
(50800, 71, -5103.35, 1602.16, 69.2277, 100, 0, 0),
(50800, 72, -5096.95, 1611.92, 71.5742, 100, 0, 0),
(50800, 73, -5084.23, 1612.72, 68.9709, 100, 0, 0),
(50800, 74, -5072.01, 1613.16, 65.4804, 100, 0, 0),
(50800, 75, -5058.03, 1613.65, 67.3236, 100, 0, 0),
(50800, 76, -5071.83, 1613.16, 65.4545, 100, 0, 0),
(50800, 77, -5084.52, 1612.68, 69.0518, 100, 0, 0),
(50800, 78, -5096.92, 1612.07, 71.6041, 100, 0, 0),
(50800, 79, -5103.55, 1602.24, 69.2749, 100, 0, 0),
(50800, 80, -5111.99, 1588.91, 63.7265, 100, 0, 0),
(50800, 81, -5119.05, 1578.6, 59.5855, 100, 0, 0),
(50800, 82, -5127.71, 1570.37, 57.3352, 100, 0, 0),
(50800, 83, -5134.12, 1564.1, 57.4088, 100, 0, 0),
(50800, 84, -5148.62, 1549.54, 52.3784, 100, 0, 0),
(50800, 85, -5163.28, 1552.59, 52.4746, 100, 0, 0),
(50800, 86, -5180.08, 1555.17, 56.6997, 100, 0, 0),
(50800, 87, -5188.34, 1561.55, 59.3843, 100, 0, 0),
(50800, 88, -5197.72, 1568.19, 58.2428, 100, 0, 0),
(50800, 89, -5210.31, 1577.07, 55.2827, 100, 0, 0),
(50800, 90, -5224.9, 1575.58, 53.8302, 100, 0, 0),
(50800, 91, -5244.69, 1573.58, 55.7274, 100, 0, 0),
(50800, 92, -5260.43, 1572.6, 57.4846, 100, 0, 0),
(50800, 93, -5269.01, 1572.78, 59.4934, 100, 0, 0),
(50800, 94, -5282.62, 1571.94, 59.1887, 100, 0, 0),
(50800, 95, -5300.96, 1570.57, 52.8248, 100, 0, 0),
(50800, 96, -5315.57, 1583.1, 47.7644, 100, 0, 0),
(50800, 97, -5326.48, 1592.46, 44.7925, 100, 0, 0),
(50800, 98, -5335.26, 1602.75, 44.7563, 100, 0, 0),
(50800, 99, -5344.67, 1613.86, 44.2415, 100, 0, 0),
(50800, 100, -5353.64, 1623.36, 45.048, 100, 0, 0),
(50800, 101, -5364.7, 1621.63, 44.9242, 100, 0, 0),
(50800, 102, -5376.53, 1619.37, 48.9775, 100, 0, 0),
(50800, 103, -5390.14, 1617.08, 50.5674, 100, 0, 0),
(50800, 104, -5401.03, 1609.55, 50.055, 100, 0, 0),
(50800, 105, -5414.09, 1600.71, 46.9393, 100, 0, 0),
(50800, 106, -5424.65, 1593.17, 44.6516, 100, 0, 0),
(50800, 107, -5443.09, 1593.82, 47.4005, 100, 0, 0),
(50800, 108, -5462.32, 1593.68, 46.875, 100, 0, 0),
(50800, 109, -5476.79, 1610.04, 49.1464, 100, 0, 0),
(50800, 110, -5489.62, 1623.48, 49.7263, 100, 0, 0),
(50800, 111, -5498.4, 1637.46, 53.9742, 100, 0, 0),
(50800, 112, -5502.79, 1645.05, 55.0385, 100, 0, 0),
(50800, 113, -5509.92, 1654.76, 54.3334, 100, 0, 0),
(50800, 114, -5520.73, 1662.75, 53.5821, 100, 0, 0),
(50800, 115, -5529.18, 1668.57, 58.3311, 100, 0, 0),
(50800, 116, -5540.58, 1676.71, 64.368, 100, 0, 0),
(50800, 117, -5550.37, 1671.29, 68.7768, 100, 0, 0),
(50800, 118, -5559.13, 1666.3, 69.8391, 100, 0, 0),
(50800, 119, -5569.92, 1659.97, 73.6833, 100, 0, 0),
(50800, 120, -5580.62, 1653.32, 74.4714, 100, 0, 0),
(50800, 121, -5597.02, 1643.27, 77.2114, 100, 0, 0),
(50800, 122, -5609.89, 1635.32, 76.718, 100, 0, 0),
(50800, 123, -5619.74, 1629.6, 75.0569, 100, 0, 0),
(50800, 124, -5638.34, 1622.06, 74.6897, 100, 0, 0),
(50800, 125, -5646.41, 1616.67, 75.4259, 100, 0, 0),
(50800, 126, -5649.55, 1602.45, 72.9392, 100, 0, 0),
(50800, 127, -5656.7, 1595.77, 72.0126, 100, 0, 0),
(50800, 128, -5673.21, 1586.15, 70.2957, 100, 0, 0),
(50800, 129, -5685.29, 1579.67, 70.7651, 100, 0, 0),
(50800, 130, -5702.72, 1565.01, 70.151, 100, 0, 0),
(50800, 131, -5712.96, 1556.03, 70.4222, 100, 0, 0),
(50800, 132, -5729.33, 1544.27, 69.3338, 100, 0, 0),
(50800, 133, -5738.49, 1537.83, 68.6979, 100, 0, 0),
(50800, 134, -5746.89, 1524.51, 69.7433, 100, 0, 0),
(50800, 135, -5751.8, 1514.77, 67.4633, 100, 0, 0),
(50800, 136, -5752.82, 1503.26, 65.3854, 100, 0, 0),
(50800, 137, -5753.86, 1491.17, 63.8981, 100, 0, 0),
(50800, 138, -5755.84, 1478.37, 59.3043, 100, 0, 0),
(50800, 139, -5761.51, 1462.86, 56.3543, 100, 0, 0),
(50800, 140, -5764.45, 1452.92, 56.425, 100, 0, 0);

-- add quest end script for gizmo for warug (credit cmangos)
UPDATE `quest_template` SET `CompleteScript` = 1371 WHERE `entry` = 1371;
UPDATE `creature_template` SET `faction` = 132 WHERE `entry` = 5723;
DELETE FROM `quest_end_scripts` WHERE `id`=1371;
INSERT INTO `quest_end_scripts` (`id`, `delay`, `command`, `datalong`, `datalong2`, `datalong3`, `datalong4`, `target_param1`, `target_param2`, `target_type`, `data_flags`, `dataint`, `dataint2`, `dataint3`, `dataint4`, `x`, `y`, `z`, `o`, `condition_id`, `comments`) VALUES (1371, 0, 4, 147, 2, 2, 0, 0, 0, 0, 0, 0, 0, 0, 0, 0, 0, 0, 0, 0, 'Warug - Modify Flags');
INSERT INTO `quest_end_scripts` (`id`, `delay`, `command`, `datalong`, `datalong2`, `datalong3`, `datalong4`, `target_param1`, `target_param2`, `target_type`, `data_flags`, `dataint`, `dataint2`, `dataint3`, `dataint4`, `x`, `y`, `z`, `o`, `condition_id`, `comments`) VALUES (1371, 0, 35, 1, 0, 0, 0, 0, 0, 0, 0, 0, 0, 0, 0, 0, 0, 0, 5.4279, 0, 'Warug - Orientation');
INSERT INTO `quest_end_scripts` (`id`, `delay`, `command`, `datalong`, `datalong2`, `datalong3`, `datalong4`, `target_param1`, `target_param2`, `target_type`, `data_flags`, `dataint`, `dataint2`, `dataint3`, `dataint4`, `x`, `y`, `z`, `o`, `condition_id`, `comments`) VALUES (1371, 1, 0, 0, 0, 0, 0, 0, 0, 0, 0, 2045, 0, 0, 0, 0, 0, 0, 0, 0, 'Warug - Talk');
INSERT INTO `quest_end_scripts` (`id`, `delay`, `command`, `datalong`, `datalong2`, `datalong3`, `datalong4`, `target_param1`, `target_param2`, `target_type`, `data_flags`, `dataint`, `dataint2`, `dataint3`, `dataint4`, `x`, `y`, `z`, `o`, `condition_id`, `comments`) VALUES (1371, 2, 10, 5723, 20000, 0, 0, 0, 0, 0, 0, 0, 0, -1, 2, -1587.37, 857.943, 112.216, 2.042, 0, 'Warug - Summon Creature');
INSERT INTO `quest_end_scripts` (`id`, `delay`, `command`, `datalong`, `datalong2`, `datalong3`, `datalong4`, `target_param1`, `target_param2`, `target_type`, `data_flags`, `dataint`, `dataint2`, `dataint3`, `dataint4`, `x`, `y`, `z`, `o`, `condition_id`, `comments`) VALUES (1371, 5, 0, 0, 0, 0, 0, 0, 0, 0, 0, 2047, 0, 0, 0, 0, 0, 0, 0, 0, 'Warug - Talk');
INSERT INTO `quest_end_scripts` (`id`, `delay`, `command`, `datalong`, `datalong2`, `datalong3`, `datalong4`, `target_param1`, `target_param2`, `target_type`, `data_flags`, `dataint`, `dataint2`, `dataint3`, `dataint4`, `x`, `y`, `z`, `o`, `condition_id`, `comments`) VALUES (1371, 7, 1, 35, 0, 0, 0, 0, 0, 0, 0, 0, 0, 0, 0, 0, 0, 0, 0, 0, 'Warug - Emote');
INSERT INTO `quest_end_scripts` (`id`, `delay`, `command`, `datalong`, `datalong2`, `datalong3`, `datalong4`, `target_param1`, `target_param2`, `target_type`, `data_flags`, `dataint`, `dataint2`, `dataint3`, `dataint4`, `x`, `y`, `z`, `o`, `condition_id`, `comments`) VALUES (1371, 8, 15, 8329, 0, 0, 0, 5723, 30, 8, 2, 0, 0, 0, 0, 0, 0, 0, 0, 0, 'Warug - Cast Spell');
INSERT INTO `quest_end_scripts` (`id`, `delay`, `command`, `datalong`, `datalong2`, `datalong3`, `datalong4`, `target_param1`, `target_param2`, `target_type`, `data_flags`, `dataint`, `dataint2`, `dataint3`, `dataint4`, `x`, `y`, `z`, `o`, `condition_id`, `comments`) VALUES (1371, 10, 0, 0, 0, 0, 0, 0, 0, 0, 0, 2046, 0, 0, 0, 0, 0, 0, 0, 0, 'Warug - Talk');
INSERT INTO `quest_end_scripts` (`id`, `delay`, `command`, `datalong`, `datalong2`, `datalong3`, `datalong4`, `target_param1`, `target_param2`, `target_type`, `data_flags`, `dataint`, `dataint2`, `dataint3`, `dataint4`, `x`, `y`, `z`, `o`, `condition_id`, `comments`) VALUES (1371, 13, 35, 1, 0, 0, 0, 0, 0, 0, 0, 0, 0, 0, 0, 0, 0, 0, 0.8726, 0, 'Warug - Orientation');
INSERT INTO `quest_end_scripts` (`id`, `delay`, `command`, `datalong`, `datalong2`, `datalong3`, `datalong4`, `target_param1`, `target_param2`, `target_type`, `data_flags`, `dataint`, `dataint2`, `dataint3`, `dataint4`, `x`, `y`, `z`, `o`, `condition_id`, `comments`) VALUES (1371, 14, 4, 147, 2, 1, 0, 0, 0, 0, 0, 0, 0, 0, 0, 0, 0, 0, 0, 0, 'Warug - Modify Flags');


-- End of migration.
END IF;
END??
delimiter ; 
CALL add_migration();
DROP PROCEDURE IF EXISTS add_migration;
