DROP PROCEDURE IF EXISTS add_migration;
delimiter ??
CREATE PROCEDURE `add_migration`()
BEGIN
DECLARE v INT DEFAULT 1;
SET v = (SELECT COUNT(*) FROM `migrations` WHERE `id`='20210718075814');
IF v=0 THEN
INSERT INTO `migrations` VALUES ('20210718075814');
-- Add your query below.


-- Events list for Bloodscalp Headhunter
UPDATE `creature_template` SET `ai_name`='EventAI', `script_name` = '' WHERE `entry` = 671;
INSERT INTO `creature_ai_scripts` (`id`, `delay`, `command`, `datalong`, `datalong2`, `datalong3`, `datalong4`, `target_param1`, `target_param2`, `target_type`, `data_flags`, `dataint`, `dataint2`, `dataint3`, `dataint4`, `x`, `y`, `z`, `o`, `condition_id`, `comments`) VALUES
(67101, 0, 47, 0, 0, 0, 0, 0, 0, 0, 0, 0, 0, 0, 0, 0, 0, 0, 0, 0, 'Bloodscalp Headhunter - Flee');
INSERT INTO `creature_ai_events` (`id`, `creature_id`, `condition_id`, `event_type`, `event_inverse_phase_mask`, `event_chance`, `event_flags`, `event_param1`, `event_param2`, `event_param3`, `event_param4`, `action1_script`, `action2_script`, `action3_script`, `comment`) VALUES (67101, 671, 0, 2, 0, 100, 0, 15, 0, 0, 0, 67101, 0, 0, 'Bloodscalp Headhunter - Flee at 15% HP');
INSERT INTO `creature_ai_scripts` (`id`, `delay`, `command`, `datalong`, `datalong2`, `datalong3`, `datalong4`, `target_param1`, `target_param2`, `target_type`, `data_flags`, `dataint`, `dataint2`, `dataint3`, `dataint4`, `x`, `y`, `z`, `o`, `condition_id`, `comments`) VALUES
(67102, 0, 15, 8599, 0, 0, 0, 0, 0, 0, 4, 0, 0, 0, 0, 0, 0, 0, 0, 0, 'Bloodscalp Headhunter - Cast Spell Enrage'),
(67102, 0, 0, 0, 0, 0, 0, 0, 0, 0, 0, 7798, 0, 0, 0, 0, 0, 0, 0, 0, 'Bloodscalp Headhunter - Say Text');
INSERT INTO `creature_ai_events` (`id`, `creature_id`, `condition_id`, `event_type`, `event_inverse_phase_mask`, `event_chance`, `event_flags`, `event_param1`, `event_param2`, `event_param3`, `event_param4`, `action1_script`, `action2_script`, `action3_script`, `comment`) VALUES (67102, 671, 0, 2, 0, 100, 0, 30, 0, 0, 0, 67102, 0, 0, 'Bloodscalp Headhunter - Cast Enrage at 30% HP');

-- Events list for Bloodscalp Scout
UPDATE `creature_template` SET `ai_name`='EventAI', `script_name` = '' WHERE `entry` = 588;
INSERT INTO `creature_ai_scripts` (`id`, `delay`, `command`, `datalong`, `datalong2`, `datalong3`, `datalong4`, `target_param1`, `target_param2`, `target_type`, `data_flags`, `dataint`, `dataint2`, `dataint3`, `dataint4`, `x`, `y`, `z`, `o`, `condition_id`, `comments`) VALUES
(58801, 0, 15, 8599, 0, 0, 0, 0, 0, 0, 4, 0, 0, 0, 0, 0, 0, 0, 0, 0, 'Bloodscalp Scout - Cast Spell Enrage'),
(58801, 0, 0, 0, 0, 0, 0, 0, 0, 0, 0, 7798, 0, 0, 0, 0, 0, 0, 0, 0, 'Bloodscalp Scout - Say Text');
INSERT INTO `creature_ai_events` (`id`, `creature_id`, `condition_id`, `event_type`, `event_inverse_phase_mask`, `event_chance`, `event_flags`, `event_param1`, `event_param2`, `event_param3`, `event_param4`, `action1_script`, `action2_script`, `action3_script`, `comment`) VALUES (58801, 588, 0, 2, 0, 100, 0, 30, 0, 0, 0, 58801, 0, 0, 'Bloodscalp Scout - Cast Enrage at 30% HP');

-- Events list for Bloodscalp Witch Doctor
UPDATE `creature_template` SET `ai_name`='EventAI', `script_name` = '' WHERE `entry` = 660;
INSERT INTO `creature_ai_scripts` (`id`, `delay`, `command`, `datalong`, `datalong2`, `datalong3`, `datalong4`, `target_param1`, `target_param2`, `target_type`, `data_flags`, `dataint`, `dataint2`, `dataint3`, `dataint4`, `x`, `y`, `z`, `o`, `condition_id`, `comments`) VALUES
(66001, 0, 15, 5605, 0, 0, 0, 0, 0, 0, 4, 0, 0, 0, 0, 0, 0, 0, 0, 0, 'Bloodscalp Witch Doctor - Cast Spell Healing Ward'),
(66002, 0, 15, 8376, 0, 0, 0, 0, 0, 0, 4, 0, 0, 0, 0, 0, 0, 0, 0, 0, 'Bloodscalp Witch Doctor - Cast Spell Earthgrab Totem');
INSERT INTO `creature_ai_events` (`id`, `creature_id`, `condition_id`, `event_type`, `event_inverse_phase_mask`, `event_chance`, `event_flags`, `event_param1`, `event_param2`, `event_param3`, `event_param4`, `action1_script`, `action2_script`, `action3_script`, `comment`) VALUES (66001, 660, 0, 0, 0, 100, 3, 6500, 15300, 13300, 21700, 66001, 66002, 0, 'Bloodscalp Witch Doctor - Cast Healing Ward or Cast Earthgrab Totem');
INSERT INTO `creature_ai_scripts` (`id`, `delay`, `command`, `datalong`, `datalong2`, `datalong3`, `datalong4`, `target_param1`, `target_param2`, `target_type`, `data_flags`, `dataint`, `dataint2`, `dataint3`, `dataint4`, `x`, `y`, `z`, `o`, `condition_id`, `comments`) VALUES
(66003, 0, 15, 8599, 1, 0, 0, 0, 0, 0, 4, 0, 0, 0, 0, 0, 0, 0, 0, 0, 'Bloodscalp Witch Doctor - Cast Spell Enrage'),
(66003, 0, 0, 0, 0, 0, 0, 0, 0, 0, 0, 7798, 0, 0, 0, 0, 0, 0, 0, 0, 'Bloodscalp Witch Doctor - Say Text');
INSERT INTO `creature_ai_events` (`id`, `creature_id`, `condition_id`, `event_type`, `event_inverse_phase_mask`, `event_chance`, `event_flags`, `event_param1`, `event_param2`, `event_param3`, `event_param4`, `action1_script`, `action2_script`, `action3_script`, `comment`) VALUES (66002, 660, 0, 2, 0, 100, 0, 30, 0, 0, 0, 66003, 0, 0, 'Bloodscalp Witch Doctor - Cast Enrage at 30% HP');

-- Events list for Rot Hide Gladerunner
UPDATE `creature_template` SET `ai_name`='EventAI', `script_name` = '' WHERE `entry` = 1772;
DELETE FROM `creature_ai_events` WHERE `creature_id`=1772;
INSERT INTO `creature_ai_events` (`id`, `creature_id`, `condition_id`, `event_type`, `event_inverse_phase_mask`, `event_chance`, `event_flags`, `event_param1`, `event_param2`, `event_param3`, `event_param4`, `action1_script`, `action2_script`, `action3_script`, `comment`) VALUES (177201, 1772, 0, 4, 0, 15, 0, 0, 0, 0, 0, 177201, 0, 0, 'Rot Hide Gladerunner - Random Say on Aggro');
INSERT INTO `creature_ai_events` (`id`, `creature_id`, `condition_id`, `event_type`, `event_inverse_phase_mask`, `event_chance`, `event_flags`, `event_param1`, `event_param2`, `event_param3`, `event_param4`, `action1_script`, `action2_script`, `action3_script`, `comment`) VALUES (177202, 1772, 0, 6, 0, 20, 0, 0, 0, 0, 0, 177202, 0, 0, 'Rot Hide Gladerunner - Spawn Nightlash on Death');
DELETE FROM `creature_ai_scripts` WHERE `id`=177201;
INSERT INTO `creature_ai_scripts` (`id`, `delay`, `command`, `datalong`, `datalong2`, `datalong3`, `datalong4`, `target_param1`, `target_param2`, `target_type`, `data_flags`, `dataint`, `dataint2`, `dataint3`, `dataint4`, `x`, `y`, `z`, `o`, `condition_id`, `comments`) VALUES (177201, 0, 0, 0, 0, 0, 0, 0, 0, 0, 0, 1871, 1870, 0, 0, 0, 0, 0, 0, 0, 'Rot Hide Gladerunner - Say Text');
DELETE FROM `creature_ai_scripts` WHERE `id`=177202;
INSERT INTO `creature_ai_scripts` (`id`, `delay`, `command`, `datalong`, `datalong2`, `datalong3`, `datalong4`, `target_param1`, `target_param2`, `target_type`, `data_flags`, `dataint`, `dataint2`, `dataint3`, `dataint4`, `x`, `y`, `z`, `o`, `condition_id`, `comments`) VALUES (177202, 0, 10, 1983, 150000, 1, 100, 0, 0, 0, 0, 8, 0, -1, 1, 1073.84, 1543.37, 28.6752, 0.174533, 0, 'Rot Hide Gladerunner - Summon Creature Nightlash');

-- Events list for Rot Hide Mystic
UPDATE `creature_template` SET `ai_name`='EventAI', `script_name` = '' WHERE `entry` = 1773;
DELETE FROM `creature_ai_scripts` WHERE `id` IN (177301, 177302, 177303);
DELETE FROM `creature_ai_events` WHERE `creature_id`=1773;
INSERT INTO `creature_ai_events` (`id`, `creature_id`, `condition_id`, `event_type`, `event_inverse_phase_mask`, `event_chance`, `event_flags`, `event_param1`, `event_param2`, `event_param3`, `event_param4`, `action1_script`, `action2_script`, `action3_script`, `comment`) VALUES (177301, 1773, 0, 6, 0, 20, 0, 0, 0, 0, 0, 177301, 0, 0, 'Rot Hide Mystic - Spawn Nightlash on Death');
DELETE FROM `creature_ai_scripts` WHERE `id`=177301;
INSERT INTO `creature_ai_scripts` (`id`, `delay`, `command`, `datalong`, `datalong2`, `datalong3`, `datalong4`, `target_param1`, `target_param2`, `target_type`, `data_flags`, `dataint`, `dataint2`, `dataint3`, `dataint4`, `x`, `y`, `z`, `o`, `condition_id`, `comments`) VALUES (177301, 0, 10, 1983, 150000, 1, 100, 0, 0, 0, 0, 8, 0, -1, 1, 1073.84, 1543.37, 28.6752, 0.174533, 0, 'Rot Hide Mystic - Summon Creature Nightlash');

-- Events list for Rot Hide Gnoll
UPDATE `creature_template` SET `ai_name`='EventAI', `script_name` = '' WHERE `entry` = 1674;
DELETE FROM `creature_ai_scripts` WHERE `id` IN (167401, 167402, 167403);
DELETE FROM `creature_ai_events` WHERE `creature_id`=1674;
INSERT INTO `creature_ai_scripts` (`id`, `delay`, `command`, `datalong`, `datalong2`, `datalong3`, `datalong4`, `target_param1`, `target_param2`, `target_type`, `data_flags`, `dataint`, `dataint2`, `dataint3`, `dataint4`, `x`, `y`, `z`, `o`, `condition_id`, `comments`) VALUES
(167401, 0, 0, 0, 0, 0, 0, 0, 0, 0, 0, 1871, 1870, 0, 0, 0, 0, 0, 0, 0, 'Rot Hide Gnoll - Say Text');
INSERT INTO `creature_ai_events` (`id`, `creature_id`, `condition_id`, `event_type`, `event_inverse_phase_mask`, `event_chance`, `event_flags`, `event_param1`, `event_param2`, `event_param3`, `event_param4`, `action1_script`, `action2_script`, `action3_script`, `comment`) VALUES (167401, 1674, 0, 4, 0, 15, 0, 0, 0, 0, 0, 167401, 0, 0, 'Rot Hide Gnoll - Random Say on Aggro');
INSERT INTO `creature_ai_scripts` (`id`, `delay`, `command`, `datalong`, `datalong2`, `datalong3`, `datalong4`, `target_param1`, `target_param2`, `target_type`, `data_flags`, `dataint`, `dataint2`, `dataint3`, `dataint4`, `x`, `y`, `z`, `o`, `condition_id`, `comments`) VALUES
(167402, 0, 47, 0, 0, 0, 0, 0, 0, 0, 0, 0, 0, 0, 0, 0, 0, 0, 0, 0, 'Rot Hide Gnoll - Flee');
INSERT INTO `creature_ai_events` (`id`, `creature_id`, `condition_id`, `event_type`, `event_inverse_phase_mask`, `event_chance`, `event_flags`, `event_param1`, `event_param2`, `event_param3`, `event_param4`, `action1_script`, `action2_script`, `action3_script`, `comment`) VALUES (167402, 1674, 0, 2, 0, 100, 0, 15, 0, 0, 0, 167402, 0, 0, 'Rot Hide Gnoll - Flee at 15% HP');

-- Events list for Venture Co. Strip Miner
UPDATE `creature_template` SET `ai_name`='EventAI', `script_name` = '' WHERE `entry` = 674;
INSERT INTO `creature_ai_scripts` (`id`, `delay`, `command`, `datalong`, `datalong2`, `datalong3`, `datalong4`, `target_param1`, `target_param2`, `target_type`, `data_flags`, `dataint`, `dataint2`, `dataint3`, `dataint4`, `x`, `y`, `z`, `o`, `condition_id`, `comments`) VALUES
(67401, 0, 47, 0, 0, 0, 0, 0, 0, 0, 0, 0, 0, 0, 0, 0, 0, 0, 0, 0, 'Venture Co. Strip Miner - Flee');
INSERT INTO `creature_ai_events` (`id`, `creature_id`, `condition_id`, `event_type`, `event_inverse_phase_mask`, `event_chance`, `event_flags`, `event_param1`, `event_param2`, `event_param3`, `event_param4`, `action1_script`, `action2_script`, `action3_script`, `comment`) VALUES (67401, 674, 0, 2, 0, 100, 0, 15, 0, 0, 0, 67401, 0, 0, 'Venture Co. Strip Miner - Flee at 15% HP');
INSERT INTO `creature_ai_scripts` (`id`, `delay`, `command`, `datalong`, `datalong2`, `datalong3`, `datalong4`, `target_param1`, `target_param2`, `target_type`, `data_flags`, `dataint`, `dataint2`, `dataint3`, `dataint4`, `x`, `y`, `z`, `o`, `condition_id`, `comments`) VALUES
(67402, 0, 15, 7978, 0, 0, 0, 0, 0, 1, 0, 0, 0, 0, 0, 0, 0, 0, 0, 0, 'Venture Co. Strip Miner - Cast Spell Throw Dynamite');
INSERT INTO `creature_ai_events` (`id`, `creature_id`, `condition_id`, `event_type`, `event_inverse_phase_mask`, `event_chance`, `event_flags`, `event_param1`, `event_param2`, `event_param3`, `event_param4`, `action1_script`, `action2_script`, `action3_script`, `comment`) VALUES (67402, 674, 0, 9, 0, 100, 1, 5, 30, 12000, 15000, 67402, 0, 0, 'Venture Co. Strip Miner - Cast Throw Dynamite');

-- Events list for Venture Co. Foreman
UPDATE `creature_template` SET`ai_name`='EventAI', `script_name` = '' WHERE `entry` = 675;
INSERT INTO `creature_ai_scripts` (`id`, `delay`, `command`, `datalong`, `datalong2`, `datalong3`, `datalong4`, `target_param1`, `target_param2`, `target_type`, `data_flags`, `dataint`, `dataint2`, `dataint3`, `dataint4`, `x`, `y`, `z`, `o`, `condition_id`, `comments`) VALUES (67501, 0, 0, 0, 0, 0, 0, 0, 0, 0, 0, 306, 0, 0, 0, 0, 0, 0, 0, 0, 'Venture Co. Foreman - Talk - OOC');
INSERT INTO `creature_ai_events` (`id`, `creature_id`, `condition_id`, `event_type`, `event_inverse_phase_mask`, `event_chance`, `event_flags`, `event_param1`, `event_param2`, `event_param3`, `event_param4`, `action1_script`, `action2_script`, `action3_script`, `comment`) VALUES (67501, 675, 0, 1, 0, 100, 1, 10000, 30000, 30000, 45000, 67501, 0, 0, 'Venture Co. Foreman - Talk - OOC');
INSERT INTO `creature_ai_scripts` (`id`, `delay`, `command`, `datalong`, `datalong2`, `datalong3`, `datalong4`, `target_param1`, `target_param2`, `target_type`, `data_flags`, `dataint`, `dataint2`, `dataint3`, `dataint4`, `x`, `y`, `z`, `o`, `condition_id`, `comments`) VALUES
(67502, 0, 47, 0, 0, 0, 0, 0, 0, 0, 0, 0, 0, 0, 0, 0, 0, 0, 0, 0, 'Venture Co. Foreman - Flee');
INSERT INTO `creature_ai_events` (`id`, `creature_id`, `condition_id`, `event_type`, `event_inverse_phase_mask`, `event_chance`, `event_flags`, `event_param1`, `event_param2`, `event_param3`, `event_param4`, `action1_script`, `action2_script`, `action3_script`, `comment`) VALUES (67502, 675, 0, 2, 0, 100, 0, 15, 0, 0, 0, 67502, 0, 0, 'Venture Co. Foreman - Flee at 15% HP');
INSERT INTO `creature_ai_scripts` (`id`, `delay`, `command`, `datalong`, `datalong2`, `datalong3`, `datalong4`, `target_param1`, `target_param2`, `target_type`, `data_flags`, `dataint`, `dataint2`, `dataint3`, `dataint4`, `x`, `y`, `z`, `o`, `condition_id`, `comments`) VALUES
(67503, 0, 15, 8258, 32, 0, 0, 0, 0, 0, 4, 0, 0, 0, 0, 0, 0, 0, 0, 0, 'Venture Co. Foreman - Cast Spell Devotion Aura');
INSERT INTO `creature_ai_events` (`id`, `creature_id`, `condition_id`, `event_type`, `event_inverse_phase_mask`, `event_chance`, `event_flags`, `event_param1`, `event_param2`, `event_param3`, `event_param4`, `action1_script`, `action2_script`, `action3_script`, `comment`) VALUES (67503, 675, 0, 1, 0, 100, 1, 1000, 1000, 240000, 240000, 67503, 0, 0, 'Venture Co. Foreman - Cast Devotion Aura OOC');

-- Events list for Venture Co. Tinkerer
UPDATE `creature_template` SET `ai_name`='EventAI', `script_name` = '' WHERE `entry` = 677;
INSERT INTO `creature_ai_scripts` (`id`, `delay`, `command`, `datalong`, `datalong2`, `datalong3`, `datalong4`, `target_param1`, `target_param2`, `target_type`, `data_flags`, `dataint`, `dataint2`, `dataint3`, `dataint4`, `x`, `y`, `z`, `o`, `condition_id`, `comments`) VALUES
(67701, 0, 15, 20823, 0, 0, 0, 0, 0, 1, 0, 0, 0, 0, 0, 0, 0, 0, 0, 0, 'Venture Co. Tinkerer - Cast Spell Fireball');
INSERT INTO `creature_ai_events` (`id`, `creature_id`, `condition_id`, `event_type`, `event_inverse_phase_mask`, `event_chance`, `event_flags`, `event_param1`, `event_param2`, `event_param3`, `event_param4`, `action1_script`, `action2_script`, `action3_script`, `comment`) VALUES (67701, 677, 0, 9, 0, 100, 1, 8, 40, 5000, 10000, 67701, 0, 0, 'Venture Co. Tinkerer - Cast Fireball');
INSERT INTO `creature_ai_scripts` (`id`, `delay`, `command`, `datalong`, `datalong2`, `datalong3`, `datalong4`, `target_param1`, `target_param2`, `target_type`, `data_flags`, `dataint`, `dataint2`, `dataint3`, `dataint4`, `x`, `y`, `z`, `o`, `condition_id`, `comments`) VALUES
(67702, 0, 47, 0, 0, 0, 0, 0, 0, 0, 0, 0, 0, 0, 0, 0, 0, 0, 0, 0, 'Venture Co. Tinkerer - Flee');
INSERT INTO `creature_ai_events` (`id`, `creature_id`, `condition_id`, `event_type`, `event_inverse_phase_mask`, `event_chance`, `event_flags`, `event_param1`, `event_param2`, `event_param3`, `event_param4`, `action1_script`, `action2_script`, `action3_script`, `comment`) VALUES (67702, 677, 0, 2, 0, 100, 0, 15, 0, 0, 0, 67702, 0, 0, 'Venture Co. Tinkerer - Flee at 15% HP');
INSERT INTO `creature_ai_scripts` (`id`, `delay`, `command`, `datalong`, `datalong2`, `datalong3`, `datalong4`, `target_param1`, `target_param2`, `target_type`, `data_flags`, `dataint`, `dataint2`, `dataint3`, `dataint4`, `x`, `y`, `z`, `o`, `condition_id`, `comments`) VALUES
(67703, 0, 15, 12544, 1, 0, 0, 0, 0, 0, 4, 0, 0, 0, 0, 0, 0, 0, 0, 0, 'Venture Co. Tinkerer - Cast Spell Frost Armor');
INSERT INTO `creature_ai_events` (`id`, `creature_id`, `condition_id`, `event_type`, `event_inverse_phase_mask`, `event_chance`, `event_flags`, `event_param1`, `event_param2`, `event_param3`, `event_param4`, `action1_script`, `action2_script`, `action3_script`, `comment`) VALUES (67703, 677, 0, 27, 0, 100, 1, 12544, 1, 15000, 30000, 67703, 0, 0, 'Venture Co. Tinkerer - Cast Frost Armor on Missing Buff');

-- Events list for Mosh'Ogg Mauler
UPDATE `creature_template` SET `ai_name`='EventAI', `script_name` = '' WHERE `entry` = 678;
INSERT INTO `creature_ai_scripts` (`id`, `delay`, `command`, `datalong`, `datalong2`, `datalong3`, `datalong4`, `target_param1`, `target_param2`, `target_type`, `data_flags`, `dataint`, `dataint2`, `dataint3`, `dataint4`, `x`, `y`, `z`, `o`, `condition_id`, `comments`) VALUES
(67801, 0, 0, 0, 0, 0, 0, 0, 0, 0, 0, 1925, 1926, 1927, 0, 0, 0, 0, 0, 0, 'Mosh\'Ogg Mauler - Say Text');
INSERT INTO `creature_ai_events` (`id`, `creature_id`, `condition_id`, `event_type`, `event_inverse_phase_mask`, `event_chance`, `event_flags`, `event_param1`, `event_param2`, `event_param3`, `event_param4`, `action1_script`, `action2_script`, `action3_script`, `comment`) VALUES (67801, 678, 0, 4, 0, 15, 0, 0, 0, 0, 0, 67801, 0, 0, 'Mosh\'Ogg Mauler - Say on Aggro');

-- Events list for Mosh'Ogg Shaman
UPDATE `creature_template` SET `ai_name`='EventAI', `script_name` = '' WHERE `entry` = 679;
INSERT INTO `creature_ai_scripts` (`id`, `delay`, `command`, `datalong`, `datalong2`, `datalong3`, `datalong4`, `target_param1`, `target_param2`, `target_type`, `data_flags`, `dataint`, `dataint2`, `dataint3`, `dataint4`, `x`, `y`, `z`, `o`, `condition_id`, `comments`) VALUES
(67901, 0, 0, 0, 0, 0, 0, 0, 0, 0, 0, 1925, 1926, 1927, 0, 0, 0, 0, 0, 0, 'Mosh\'Ogg Shaman - Say Text');
INSERT INTO `creature_ai_events` (`id`, `creature_id`, `condition_id`, `event_type`, `event_inverse_phase_mask`, `event_chance`, `event_flags`, `event_param1`, `event_param2`, `event_param3`, `event_param4`, `action1_script`, `action2_script`, `action3_script`, `comment`) VALUES (67901, 679, 0, 4, 0, 15, 0, 0, 0, 0, 0, 67901, 0, 0, 'Mosh\'Ogg Shaman - Say on Aggro');

-- Events list for Mosh'Ogg Lord
UPDATE `creature_template` SET `ai_name`='EventAI', `script_name` = '' WHERE `entry` = 680;
INSERT INTO `creature_ai_scripts` (`id`, `delay`, `command`, `datalong`, `datalong2`, `datalong3`, `datalong4`, `target_param1`, `target_param2`, `target_type`, `data_flags`, `dataint`, `dataint2`, `dataint3`, `dataint4`, `x`, `y`, `z`, `o`, `condition_id`, `comments`) VALUES
(68001, 0, 0, 0, 0, 0, 0, 0, 0, 0, 0, 1925, 1926, 1927, 0, 0, 0, 0, 0, 0, 'Mosh\'Ogg Lord - Say Text');
INSERT INTO `creature_ai_events` (`id`, `creature_id`, `condition_id`, `event_type`, `event_inverse_phase_mask`, `event_chance`, `event_flags`, `event_param1`, `event_param2`, `event_param3`, `event_param4`, `action1_script`, `action2_script`, `action3_script`, `comment`) VALUES (68001, 680, 0, 4, 0, 15, 0, 0, 0, 0, 0, 68001, 0, 0, 'Mosh\'Ogg Lord - Say on Aggro');

-- Events list for Bloodscalp Tiger
UPDATE `creature_template` SET `ai_name`='EventAI', `script_name` = '' WHERE `entry` = 698;
INSERT INTO `creature_ai_scripts` (`id`, `delay`, `command`, `datalong`, `datalong2`, `datalong3`, `datalong4`, `target_param1`, `target_param2`, `target_type`, `data_flags`, `dataint`, `dataint2`, `dataint3`, `dataint4`, `x`, `y`, `z`, `o`, `condition_id`, `comments`) VALUES
(69801, 0, 15, 8599, 0, 0, 0, 0, 0, 0, 4, 0, 0, 0, 0, 0, 0, 0, 0, 0, 'Bloodscalp Tiger - Cast Spell Enrage'),
(69801, 0, 0, 0, 0, 0, 0, 0, 0, 0, 0, 7798, 0, 0, 0, 0, 0, 0, 0, 0, 'Bloodscalp Tiger - Say Text');
INSERT INTO `creature_ai_events` (`id`, `creature_id`, `condition_id`, `event_type`, `event_inverse_phase_mask`, `event_chance`, `event_flags`, `event_param1`, `event_param2`, `event_param3`, `event_param4`, `action1_script`, `action2_script`, `action3_script`, `comment`) VALUES (69801, 698, 0, 2, 0, 100, 0, 30, 0, 0, 0, 69801, 0, 0, 'Bloodscalp Tiger - Cast Enrage at 30% HP');

-- Events list for Bloodscalp Scavenger
UPDATE `creature_template` SET `ai_name`='EventAI' WHERE `entry` = 702;
INSERT INTO `creature_ai_scripts` (`id`, `delay`, `command`, `datalong`, `datalong2`, `datalong3`, `datalong4`, `target_param1`, `target_param2`, `target_type`, `data_flags`, `dataint`, `dataint2`, `dataint3`, `dataint4`, `x`, `y`, `z`, `o`, `condition_id`, `comments`) VALUES (70201, 0, 15, 8599, 0, 0, 0, 0, 0, 0, 4, 0, 0, 0, 0, 0, 0, 0, 0, 0, 'Bloodscalp Scavenger - Cast Spell Enrage');
INSERT INTO `creature_ai_scripts` (`id`, `delay`, `command`, `datalong`, `datalong2`, `datalong3`, `datalong4`, `target_param1`, `target_param2`, `target_type`, `data_flags`, `dataint`, `dataint2`, `dataint3`, `dataint4`, `x`, `y`, `z`, `o`, `condition_id`, `comments`) VALUES (70201, 0, 0, 0, 0, 0, 0, 0, 0, 0, 0, 2384, 0, 0, 0, 0, 0, 0, 0, 0, 'Bloodscalp Scavenger - Say Text');
INSERT INTO `creature_ai_events` (`id`, `creature_id`, `condition_id`, `event_type`, `event_inverse_phase_mask`, `event_chance`, `event_flags`, `event_param1`, `event_param2`, `event_param3`, `event_param4`, `action1_script`, `action2_script`, `action3_script`, `comment`) VALUES (70201, 702, 0, 2, 0, 100, 0, 30, 0, 0, 0, 70201, 0, 0, 'Bloodscalp Scavenger - Cast Enrage at 30% HP');

-- Events list for Mosh'Ogg Warmonger
UPDATE `creature_template` SET `ai_name`='EventAI' WHERE `entry` = 709;
INSERT INTO `creature_ai_scripts` (`id`, `delay`, `command`, `datalong`, `datalong2`, `datalong3`, `datalong4`, `target_param1`, `target_param2`, `target_type`, `data_flags`, `dataint`, `dataint2`, `dataint3`, `dataint4`, `x`, `y`, `z`, `o`, `condition_id`, `comments`) VALUES
(70901, 0, 0, 0, 0, 0, 0, 0, 0, 0, 0, 1925, 1926, 1927, 0, 0, 0, 0, 0, 0, 'Mosh\'Ogg Warmonger - Say Text');
INSERT INTO `creature_ai_events` (`id`, `creature_id`, `condition_id`, `event_type`, `event_inverse_phase_mask`, `event_chance`, `event_flags`, `event_param1`, `event_param2`, `event_param3`, `event_param4`, `action1_script`, `action2_script`, `action3_script`, `comment`) VALUES (70901, 709, 0, 4, 0, 15, 0, 0, 0, 0, 0, 70901, 0, 0, 'Mosh\'Ogg Warmonger - Say on Aggro');

-- Events list for Mosh'Ogg Spellcrafter
UPDATE `creature_template` SET `ai_name`='EventAI' WHERE `entry` = 710;
INSERT INTO `creature_ai_scripts` (`id`, `delay`, `command`, `datalong`, `datalong2`, `datalong3`, `datalong4`, `target_param1`, `target_param2`, `target_type`, `data_flags`, `dataint`, `dataint2`, `dataint3`, `dataint4`, `x`, `y`, `z`, `o`, `condition_id`, `comments`) VALUES
(71001, 0, 0, 0, 0, 0, 0, 0, 0, 0, 0, 1925, 1926, 1927, 0, 0, 0, 0, 0, 0, 'Mosh\'Ogg Spellcrafter - Say Text');
INSERT INTO `creature_ai_events` (`id`, `creature_id`, `condition_id`, `event_type`, `event_inverse_phase_mask`, `event_chance`, `event_flags`, `event_param1`, `event_param2`, `event_param3`, `event_param4`, `action1_script`, `action2_script`, `action3_script`, `comment`) VALUES (71001, 710, 0, 4, 0, 15, 0, 0, 0, 0, 0, 71001, 0, 0, 'Mosh\'Ogg Spellcrafter - Say on Aggro');
INSERT INTO `creature_ai_scripts` (`id`, `delay`, `command`, `datalong`, `datalong2`, `datalong3`, `datalong4`, `target_param1`, `target_param2`, `target_type`, `data_flags`, `dataint`, `dataint2`, `dataint3`, `dataint4`, `x`, `y`, `z`, `o`, `condition_id`, `comments`) VALUES
(71002, 0, 15, 12544, 0, 0, 0, 0, 0, 0, 4, 0, 0, 0, 0, 0, 0, 0, 0, 0, 'Mosh\'Ogg Spellcrafter - Cast Spell Frost Armor');
INSERT INTO `creature_ai_events` (`id`, `creature_id`, `condition_id`, `event_type`, `event_inverse_phase_mask`, `event_chance`, `event_flags`, `event_param1`, `event_param2`, `event_param3`, `event_param4`, `action1_script`, `action2_script`, `action3_script`, `comment`) VALUES (71002, 710, 0, 27, 0, 100, 1, 12544, 1, 15000, 30000, 71002, 0, 0, 'Mosh\'Ogg Spellcrafter - Cast Frost Armor on Missing Buff');

-- Events list for Mosh'Ogg Butcher
UPDATE `creature_template` SET `ai_name`='EventAI' WHERE `entry` = 723;
INSERT INTO `creature_ai_scripts` (`id`, `delay`, `command`, `datalong`, `datalong2`, `datalong3`, `datalong4`, `target_param1`, `target_param2`, `target_type`, `data_flags`, `dataint`, `dataint2`, `dataint3`, `dataint4`, `x`, `y`, `z`, `o`, `condition_id`, `comments`) VALUES
(72301, 0, 0, 0, 0, 0, 0, 0, 0, 0, 0, 1925, 1926, 1927, 0, 0, 0, 0, 0, 0, 'Mosh\'Ogg Butcher - Say Text');
INSERT INTO `creature_ai_events` (`id`, `creature_id`, `condition_id`, `event_type`, `event_inverse_phase_mask`, `event_chance`, `event_flags`, `event_param1`, `event_param2`, `event_param3`, `event_param4`, `action1_script`, `action2_script`, `action3_script`, `comment`) VALUES (72301, 723, 0, 4, 0, 15, 0, 0, 0, 0, 0, 72301, 0, 0, 'Mosh\'Ogg Butcher - Say on Aggro');

-- Events list for Colonel Kurzen
UPDATE `creature_template` SET `ai_name`='EventAI', `script_name` = '' WHERE `entry` = 813;
INSERT INTO `creature_ai_scripts` (`id`, `delay`, `command`, `datalong`, `datalong2`, `datalong3`, `datalong4`, `target_param1`, `target_param2`, `target_type`, `data_flags`, `dataint`, `dataint2`, `dataint3`, `dataint4`, `x`, `y`, `z`, `o`, `condition_id`, `comments`) VALUES
(81301, 0, 44, 1, 1, 0, 0, 0, 0, 0, 0, 0, 0, 0, 0, 0, 0, 0, 0, 0, 'Colonel Kurzen - Increment Phase');
INSERT INTO `creature_ai_events` (`id`, `creature_id`, `condition_id`, `event_type`, `event_inverse_phase_mask`, `event_chance`, `event_flags`, `event_param1`, `event_param2`, `event_param3`, `event_param4`, `action1_script`, `action2_script`, `action3_script`, `comment`) VALUES (81301, 813, 0, 4, 0, 100, 0, 0, 0, 0, 0, 81301, 0, 0, 'Colonel Kurzen - Set Phase 1 on Aggro');
INSERT INTO `creature_ai_scripts` (`id`, `delay`, `command`, `datalong`, `datalong2`, `datalong3`, `datalong4`, `target_param1`, `target_param2`, `target_type`, `data_flags`, `dataint`, `dataint2`, `dataint3`, `dataint4`, `x`, `y`, `z`, `o`, `condition_id`, `comments`) VALUES
(81302, 0, 15, 8817, 0, 0, 0, 0, 0, 1, 0, 0, 0, 0, 0, 0, 0, 0, 0, 0, 'Colonel Kurzen - Cast Spell Smoke Bomb'),
(81302, 0, 44, 2, 1, 0, 0, 0, 0, 0, 0, 0, 0, 0, 0, 0, 0, 0, 0, 0, 'Colonel Kurzen - Increment Phase');
INSERT INTO `creature_ai_events` (`id`, `creature_id`, `condition_id`, `event_type`, `event_inverse_phase_mask`, `event_chance`, `event_flags`, `event_param1`, `event_param2`, `event_param3`, `event_param4`, `action1_script`, `action2_script`, `action3_script`, `comment`) VALUES (81302, 813, 0, 0, 5, 100, 1, 8000, 12000, 18000, 25000, 81302, 0, 0, 'Colonel Kurzen - Cast Smoke Bomb (Phase 1)');
INSERT INTO `creature_ai_scripts` (`id`, `delay`, `command`, `datalong`, `datalong2`, `datalong3`, `datalong4`, `target_param1`, `target_param2`, `target_type`, `data_flags`, `dataint`, `dataint2`, `dataint3`, `dataint4`, `x`, `y`, `z`, `o`, `condition_id`, `comments`) VALUES
(81303, 0, 15, 8818, 2, 0, 0, 0, 0, 1, 0, 0, 0, 0, 0, 0, 0, 0, 0, 0, 'Colonel Kurzen - Cast Spell Garrote'),
(81303, 0, 44, 1, 1, 0, 0, 0, 0, 0, 0, 0, 0, 0, 0, 0, 0, 0, 0, 0, 'Colonel Kurzen - Increment Phase');
INSERT INTO `creature_ai_events` (`id`, `creature_id`, `condition_id`, `event_type`, `event_inverse_phase_mask`, `event_chance`, `event_flags`, `event_param1`, `event_param2`, `event_param3`, `event_param4`, `action1_script`, `action2_script`, `action3_script`, `comment`) VALUES (81303, 813, 0, 27, 3, 100, 1, 8822, 1, 100, 100, 81303, 0, 0, 'Colonel Kurzen - Cast Garrote (Rank 4) on Missing Stealth Buff (Phase 2)');

-- Events list for Mai'Zoth
UPDATE `creature_template` SET `ai_name`='EventAI', `script_name` = '' WHERE `entry` = 818;
INSERT INTO `creature_ai_scripts` (`id`, `delay`, `command`, `datalong`, `datalong2`, `datalong3`, `datalong4`, `target_param1`, `target_param2`, `target_type`, `data_flags`, `dataint`, `dataint2`, `dataint3`, `dataint4`, `x`, `y`, `z`, `o`, `condition_id`, `comments`) VALUES
(81801, 0, 0, 0, 0, 0, 0, 0, 0, 0, 0, 1925, 1926, 1927, 0, 0, 0, 0, 0, 0, 'Mai\'Zoth - Say Text');
INSERT INTO `creature_ai_events` (`id`, `creature_id`, `condition_id`, `event_type`, `event_inverse_phase_mask`, `event_chance`, `event_flags`, `event_param1`, `event_param2`, `event_param3`, `event_param4`, `action1_script`, `action2_script`, `action3_script`, `comment`) VALUES (81801, 818, 0, 4, 0, 15, 0, 0, 0, 0, 0, 81801, 0, 0, 'Mai\'Zoth - Say on Aggro');
INSERT INTO `creature_ai_scripts` (`id`, `delay`, `command`, `datalong`, `datalong2`, `datalong3`, `datalong4`, `target_param1`, `target_param2`, `target_type`, `data_flags`, `dataint`, `dataint2`, `dataint3`, `dataint4`, `x`, `y`, `z`, `o`, `condition_id`, `comments`) VALUES
(81802, 0, 15, 8398, 0, 0, 0, 0, 0, 1, 0, 0, 0, 0, 0, 0, 0, 0, 0, 0, 'Mai\'Zoth - Cast Spell Frostbolt Volley');
INSERT INTO `creature_ai_events` (`id`, `creature_id`, `condition_id`, `event_type`, `event_inverse_phase_mask`, `event_chance`, `event_flags`, `event_param1`, `event_param2`, `event_param3`, `event_param4`, `action1_script`, `action2_script`, `action3_script`, `comment`) VALUES (81802, 818, 0, 9, 0, 100, 1, 0, 30, 6000, 12000, 81802, 0, 0, 'Mai\'Zoth - Cast Frostbolt Volley');

-- Events list for Veyzhak the Cannibal
UPDATE `creature_template` SET `ai_name`='EventAI', `script_name` = '' WHERE `entry` = 5399;
INSERT INTO `creature_ai_scripts` (`id`, `delay`, `command`, `datalong`, `datalong2`, `datalong3`, `datalong4`, `target_param1`, `target_param2`, `target_type`, `data_flags`, `dataint`, `dataint2`, `dataint3`, `dataint4`, `x`, `y`, `z`, `o`, `condition_id`, `comments`) VALUES
(539901, 0, 15, 8599, 0, 0, 0, 0, 0, 0, 4, 0, 0, 0, 0, 0, 0, 0, 0, 0, 'Veyzhak the Cannibal - Cast Spell Enrage'),
(539901, 0, 0, 0, 0, 0, 0, 0, 0, 0, 0, 7798, 0, 0, 0, 0, 0, 0, 0, 0, 'Veyzhak the Cannibal - Say Text');
INSERT INTO `creature_ai_events` (`id`, `creature_id`, `condition_id`, `event_type`, `event_inverse_phase_mask`, `event_chance`, `event_flags`, `event_param1`, `event_param2`, `event_param3`, `event_param4`, `action1_script`, `action2_script`, `action3_script`, `comment`) VALUES (539901, 5399, 0, 2, 0, 100, 0, 30, 0, 0, 0, 539901, 0, 0, 'Veyzhak the Cannibal - Cast Enrage at 30% HP');

-- Events list for Saltscale Tide Lord
UPDATE `creature_template` SET `ai_name`='EventAI', `script_name` = '' WHERE `entry` = 875;
INSERT INTO `creature_ai_scripts` (`id`, `delay`, `command`, `datalong`, `datalong2`, `datalong3`, `datalong4`, `target_param1`, `target_param2`, `target_type`, `data_flags`, `dataint`, `dataint2`, `dataint3`, `dataint4`, `x`, `y`, `z`, `o`, `condition_id`, `comments`) VALUES
(87501, 0, 15, 12544, 32, 0, 0, 0, 0, 0, 4, 0, 0, 0, 0, 0, 0, 0, 0, 0, 'Saltscale Tide Lord - Cast Spell Frost Armor');
INSERT INTO `creature_ai_events` (`id`, `creature_id`, `condition_id`, `event_type`, `event_inverse_phase_mask`, `event_chance`, `event_flags`, `event_param1`, `event_param2`, `event_param3`, `event_param4`, `action1_script`, `action2_script`, `action3_script`, `comment`) VALUES (87501, 875, 0, 1, 0, 100, 1, 1000, 1000, 1800000, 1800000, 87501, 0, 0, 'Saltscale Tide Lord - Cast Frost Armor OOC');
INSERT INTO `creature_ai_scripts` (`id`, `delay`, `command`, `datalong`, `datalong2`, `datalong3`, `datalong4`, `target_param1`, `target_param2`, `target_type`, `data_flags`, `dataint`, `dataint2`, `dataint3`, `dataint4`, `x`, `y`, `z`, `o`, `condition_id`, `comments`) VALUES
(87502, 0, 47, 0, 0, 0, 0, 0, 0, 0, 0, 0, 0, 0, 0, 0, 0, 0, 0, 0, 'Saltscale Tide Lord - Flee');
INSERT INTO `creature_ai_events` (`id`, `creature_id`, `condition_id`, `event_type`, `event_inverse_phase_mask`, `event_chance`, `event_flags`, `event_param1`, `event_param2`, `event_param3`, `event_param4`, `action1_script`, `action2_script`, `action3_script`, `comment`) VALUES (87502, 875, 0, 2, 0, 100, 0, 15, 0, 0, 0, 87502, 0, 0, 'Saltscale Tide Lord - Flee at 15% HP');

-- Events list for Saltscale Forager
UPDATE `creature_template` SET `ai_name`='EventAI', `script_name` = '' WHERE `entry` = 877;
INSERT INTO `creature_ai_scripts` (`id`, `delay`, `command`, `datalong`, `datalong2`, `datalong3`, `datalong4`, `target_param1`, `target_param2`, `target_type`, `data_flags`, `dataint`, `dataint2`, `dataint3`, `dataint4`, `x`, `y`, `z`, `o`, `condition_id`, `comments`) VALUES
(87701, 0, 47, 0, 0, 0, 0, 0, 0, 0, 0, 0, 0, 0, 0, 0, 0, 0, 0, 0, 'Saltscale Forager - Flee');
INSERT INTO `creature_ai_events` (`id`, `creature_id`, `condition_id`, `event_type`, `event_inverse_phase_mask`, `event_chance`, `event_flags`, `event_param1`, `event_param2`, `event_param3`, `event_param4`, `action1_script`, `action2_script`, `action3_script`, `comment`) VALUES (87701, 877, 0, 2, 0, 100, 0, 15, 0, 0, 0, 87701, 0, 0, 'Saltscale Forager - Flee at 15% HP');

-- Events list for Saltscale Hunter
UPDATE `creature_template` SET `ai_name`='EventAI', `script_name` = '' WHERE `entry` = 879;
INSERT INTO `creature_ai_scripts` (`id`, `delay`, `command`, `datalong`, `datalong2`, `datalong3`, `datalong4`, `target_param1`, `target_param2`, `target_type`, `data_flags`, `dataint`, `dataint2`, `dataint3`, `dataint4`, `x`, `y`, `z`, `o`, `condition_id`, `comments`) VALUES
(87901, 0, 47, 0, 0, 0, 0, 0, 0, 0, 0, 0, 0, 0, 0, 0, 0, 0, 0, 0, 'Saltscale Hunter - Flee');
INSERT INTO `creature_ai_events` (`id`, `creature_id`, `condition_id`, `event_type`, `event_inverse_phase_mask`, `event_chance`, `event_flags`, `event_param1`, `event_param2`, `event_param3`, `event_param4`, `action1_script`, `action2_script`, `action3_script`, `comment`) VALUES (87901, 879, 0, 2, 0, 100, 0, 15, 0, 0, 0, 87901, 0, 0, 'Saltscale Hunter - Flee at 15% HP');

-- Events list for Mogh the Undying
UPDATE `creature_template` SET `ai_name`='EventAI', `script_name` = '' WHERE `entry` = 1060;
INSERT INTO `creature_ai_scripts` (`id`, `delay`, `command`, `datalong`, `datalong2`, `datalong3`, `datalong4`, `target_param1`, `target_param2`, `target_type`, `data_flags`, `dataint`, `dataint2`, `dataint3`, `dataint4`, `x`, `y`, `z`, `o`, `condition_id`, `comments`) VALUES
(106001, 0, 15, 20798, 34, 0, 0, 0, 0, 0, 4, 0, 0, 0, 0, 0, 0, 0, 0, 0, 'Mogh the Undying - Cast Spell Demon Skin');
INSERT INTO `creature_ai_events` (`id`, `creature_id`, `condition_id`, `event_type`, `event_inverse_phase_mask`, `event_chance`, `event_flags`, `event_param1`, `event_param2`, `event_param3`, `event_param4`, `action1_script`, `action2_script`, `action3_script`, `comment`) VALUES (106001, 1060, 0, 1, 0, 100, 1, 1000, 1000, 1800000, 1800000, 106001, 0, 0, 'Mogh the Undying - Cast Demon Skin OOC');
INSERT INTO `creature_ai_scripts` (`id`, `delay`, `command`, `datalong`, `datalong2`, `datalong3`, `datalong4`, `target_param1`, `target_param2`, `target_type`, `data_flags`, `dataint`, `dataint2`, `dataint3`, `dataint4`, `x`, `y`, `z`, `o`, `condition_id`, `comments`) VALUES
(106002, 0, 15, 8813, 0, 0, 0, 0, 0, 0, 4, 0, 0, 0, 0, 0, 0, 0, 0, 0, 'Mogh the Undying - Cast Spell Summon Kurzen Mindslave');
INSERT INTO `creature_ai_events` (`id`, `creature_id`, `condition_id`, `event_type`, `event_inverse_phase_mask`, `event_chance`, `event_flags`, `event_param1`, `event_param2`, `event_param3`, `event_param4`, `action1_script`, `action2_script`, `action3_script`, `comment`) VALUES (106002, 1060, 0, 1, 0, 100, 0, 2000, 2000, 0, 0, 106002, 0, 0, 'Mogh the Undying - Cast Summon Kurzen Mindslave OOC');
INSERT INTO `creature_ai_scripts` (`id`, `delay`, `command`, `datalong`, `datalong2`, `datalong3`, `datalong4`, `target_param1`, `target_param2`, `target_type`, `data_flags`, `dataint`, `dataint2`, `dataint3`, `dataint4`, `x`, `y`, `z`, `o`, `condition_id`, `comments`) VALUES
(106003, 0, 56, 0, 0, 0, 0, 0, 0, 0, 0, 0, 0, 0, 0, 0, 0, 0, 0, 0, 'Mogh the Undying - Despawn Guardians');
INSERT INTO `creature_ai_events` (`id`, `creature_id`, `condition_id`, `event_type`, `event_inverse_phase_mask`, `event_chance`, `event_flags`, `event_param1`, `event_param2`, `event_param3`, `event_param4`, `action1_script`, `action2_script`, `action3_script`, `comment`) VALUES (106003, 1060, 0, 7, 0, 100, 0, 0, 0, 0, 0, 106003, 0, 0, 'Mogh the Undying - Despawn Guardians on Evade');
INSERT INTO `creature_ai_scripts` (`id`, `delay`, `command`, `datalong`, `datalong2`, `datalong3`, `datalong4`, `target_param1`, `target_param2`, `target_type`, `data_flags`, `dataint`, `dataint2`, `dataint3`, `dataint4`, `x`, `y`, `z`, `o`, `condition_id`, `comments`) VALUES
(106004, 0, 15, 8809, 0, 0, 0, 0, 0, 1, 0, 0, 0, 0, 0, 0, 0, 0, 0, 0, 'Mogh the Undying - Cast Spell Slave Drain');
INSERT INTO `creature_ai_events` (`id`, `creature_id`, `condition_id`, `event_type`, `event_inverse_phase_mask`, `event_chance`, `event_flags`, `event_param1`, `event_param2`, `event_param3`, `event_param4`, `action1_script`, `action2_script`, `action3_script`, `comment`) VALUES (106004, 1060, 0, 2, 0, 100, 1, 50, 0, 12000, 16000, 106004, 0, 0, 'Mogh the Undying - Cast Slave Drain at 50% HP');

-- Events list for Zanzil the Outcast
UPDATE `creature_template` SET `ai_name`='EventAI', `script_name` = '' WHERE `entry` = 2534;
INSERT INTO `creature_ai_events` (`id`, `creature_id`, `condition_id`, `event_type`, `event_inverse_phase_mask`, `event_chance`, `event_flags`, `event_param1`, `event_param2`, `event_param3`, `event_param4`, `action1_script`, `action2_script`, `action3_script`, `comment`) VALUES (253401, 2534, 0, 0, 0, 100, 2, 1000, 5000, 0, 0, 253401, 253402, 0, 'Zanzil the Outcast - Cast Ward of Zanzil or Lava Sprout Totem');
INSERT INTO `creature_ai_scripts` (`id`, `delay`, `command`, `datalong`, `datalong2`, `datalong3`, `datalong4`, `target_param1`, `target_param2`, `target_type`, `data_flags`, `dataint`, `dataint2`, `dataint3`, `dataint4`, `x`, `y`, `z`, `o`, `condition_id`, `comments`) VALUES (253401, 0, 15, 8832, 0, 0, 0, 0, 0, 0, 4, 0, 0, 0, 0, 0, 0, 0, 0, 0, 'Zanzil the Outcast - Cast Spell Ward of Zanzil');
INSERT INTO `creature_ai_scripts` (`id`, `delay`, `command`, `datalong`, `datalong2`, `datalong3`, `datalong4`, `target_param1`, `target_param2`, `target_type`, `data_flags`, `dataint`, `dataint2`, `dataint3`, `dataint4`, `x`, `y`, `z`, `o`, `condition_id`, `comments`) VALUES (253402, 0, 15, 8264, 0, 0, 0, 0, 0, 0, 4, 0, 0, 0, 0, 0, 0, 0, 0, 0, 'Zanzil the Outcast - Cast Spell Lava Spout Totem');

-- Events list for Witchwing Ambusher
UPDATE `creature_template` SET `ai_name`='EventAI', `script_name` = '' WHERE `entry` = 3279;
INSERT INTO `creature_ai_scripts` (`id`, `delay`, `command`, `datalong`, `datalong2`, `datalong3`, `datalong4`, `target_param1`, `target_param2`, `target_type`, `data_flags`, `dataint`, `dataint2`, `dataint3`, `dataint4`, `x`, `y`, `z`, `o`, `condition_id`, `comments`) VALUES
(327901, 0, 0, 0, 0, 0, 0, 0, 0, 0, 0, 2229, 2230, 2231, 0, 0, 0, 0, 0, 0, 'Witchwing Ambusher - Say Text');
INSERT INTO `creature_ai_events` (`id`, `creature_id`, `condition_id`, `event_type`, `event_inverse_phase_mask`, `event_chance`, `event_flags`, `event_param1`, `event_param2`, `event_param3`, `event_param4`, `action1_script`, `action2_script`, `action3_script`, `comment`) VALUES (327901, 3279, 0, 4, 0, 20, 0, 0, 0, 0, 0, 327901, 0, 0, 'Witchwing Ambusher - Say on Aggro');
INSERT INTO `creature_ai_scripts` (`id`, `delay`, `command`, `datalong`, `datalong2`, `datalong3`, `datalong4`, `target_param1`, `target_param2`, `target_type`, `data_flags`, `dataint`, `dataint2`, `dataint3`, `dataint4`, `x`, `y`, `z`, `o`, `condition_id`, `comments`) VALUES
(327902, 0, 47, 0, 0, 0, 0, 0, 0, 0, 0, 0, 0, 0, 0, 0, 0, 0, 0, 0, 'Witchwing Ambusher - Flee');
INSERT INTO `creature_ai_events` (`id`, `creature_id`, `condition_id`, `event_type`, `event_inverse_phase_mask`, `event_chance`, `event_flags`, `event_param1`, `event_param2`, `event_param3`, `event_param4`, `action1_script`, `action2_script`, `action3_script`, `comment`) VALUES (327902, 3279, 0, 2, 0, 100, 0, 15, 0, 0, 0, 327902, 0, 0, 'Witchwing Ambusher - Flee at 15% HP');

-- Events list for Witchwing Windcaller
UPDATE `creature_template` SET `ai_name`='EventAI', `script_name` = '' WHERE `entry` = 3280;
INSERT INTO `creature_ai_scripts` (`id`, `delay`, `command`, `datalong`, `datalong2`, `datalong3`, `datalong4`, `target_param1`, `target_param2`, `target_type`, `data_flags`, `dataint`, `dataint2`, `dataint3`, `dataint4`, `x`, `y`, `z`, `o`, `condition_id`, `comments`) VALUES
(328001, 0, 0, 0, 0, 0, 0, 0, 0, 0, 0, 2229, 2230, 2231, 0, 0, 0, 0, 0, 0, 'Witchwing Windcaller - Say Text');
INSERT INTO `creature_ai_events` (`id`, `creature_id`, `condition_id`, `event_type`, `event_inverse_phase_mask`, `event_chance`, `event_flags`, `event_param1`, `event_param2`, `event_param3`, `event_param4`, `action1_script`, `action2_script`, `action3_script`, `comment`) VALUES (328001, 3280, 0, 4, 0, 20, 0, 0, 0, 0, 0, 328001, 0, 0, 'Witchwing Windcaller - Say on Aggro');
INSERT INTO `creature_ai_scripts` (`id`, `delay`, `command`, `datalong`, `datalong2`, `datalong3`, `datalong4`, `target_param1`, `target_param2`, `target_type`, `data_flags`, `dataint`, `dataint2`, `dataint3`, `dataint4`, `x`, `y`, `z`, `o`, `condition_id`, `comments`) VALUES
(328002, 0, 47, 0, 0, 0, 0, 0, 0, 0, 0, 0, 0, 0, 0, 0, 0, 0, 0, 0, 'Witchwing Windcaller - Flee');
INSERT INTO `creature_ai_events` (`id`, `creature_id`, `condition_id`, `event_type`, `event_inverse_phase_mask`, `event_chance`, `event_flags`, `event_param1`, `event_param2`, `event_param3`, `event_param4`, `action1_script`, `action2_script`, `action3_script`, `comment`) VALUES (328002, 3280, 0, 2, 0, 100, 0, 15, 0, 0, 0, 328002, 0, 0, 'Witchwing Windcaller - Flee at 15% HP');

-- Events list for War Golem
UPDATE `creature_template` SET `ai_name`='EventAI', `script_name` = '' WHERE `entry` = 2751;
INSERT INTO `creature_ai_scripts` (`id`, `delay`, `command`, `datalong`, `datalong2`, `datalong3`, `datalong4`, `target_param1`, `target_param2`, `target_type`, `data_flags`, `dataint`, `dataint2`, `dataint3`, `dataint4`, `x`, `y`, `z`, `o`, `condition_id`, `comments`) VALUES
(275101, 0, 15, 9576, 0, 0, 0, 0, 0, 0, 4, 0, 0, 0, 0, 0, 0, 0, 0, 0, 'War Golem - Cast Spell Lock Down');
INSERT INTO `creature_ai_events` (`id`, `creature_id`, `condition_id`, `event_type`, `event_inverse_phase_mask`, `event_chance`, `event_flags`, `event_param1`, `event_param2`, `event_param3`, `event_param4`, `action1_script`, `action2_script`, `action3_script`, `comment`) VALUES (275101, 2751, 0, 9, 0, 100, 1, 0, 5, 25000, 28000, 275101, 0, 0, 'War Golem - Cast Lock Down');

-- Events list for Southsea Cannoneer
UPDATE `creature_template` SET `ai_name`='EventAI', `script_name` = '' WHERE `entry` = 3382;
INSERT INTO `creature_ai_scripts` (`id`, `delay`, `command`, `datalong`, `datalong2`, `datalong3`, `datalong4`, `target_param1`, `target_param2`, `target_type`, `data_flags`, `dataint`, `dataint2`, `dataint3`, `dataint4`, `x`, `y`, `z`, `o`, `condition_id`, `comments`) VALUES
(338201, 0, 47, 0, 0, 0, 0, 0, 0, 0, 0, 0, 0, 0, 0, 0, 0, 0, 0, 0, 'Southsea Cannoneer - Flee');
INSERT INTO `creature_ai_events` (`id`, `creature_id`, `condition_id`, `event_type`, `event_inverse_phase_mask`, `event_chance`, `event_flags`, `event_param1`, `event_param2`, `event_param3`, `event_param4`, `action1_script`, `action2_script`, `action3_script`, `comment`) VALUES (338201, 3382, 0, 2, 0, 100, 0, 15, 0, 0, 0, 338201, 0, 0, 'Southsea Cannoneer - Flee at 15% HP');

-- Events list for Southsea Privateer
UPDATE `creature_template` SET `ai_name`='EventAI', `script_name` = '' WHERE `entry` = 3384;
INSERT INTO `creature_ai_scripts` (`id`, `delay`, `command`, `datalong`, `datalong2`, `datalong3`, `datalong4`, `target_param1`, `target_param2`, `target_type`, `data_flags`, `dataint`, `dataint2`, `dataint3`, `dataint4`, `x`, `y`, `z`, `o`, `condition_id`, `comments`) VALUES
(338401, 0, 47, 0, 0, 0, 0, 0, 0, 0, 0, 0, 0, 0, 0, 0, 0, 0, 0, 0, 'Southsea Privateer - Flee');
INSERT INTO `creature_ai_events` (`id`, `creature_id`, `condition_id`, `event_type`, `event_inverse_phase_mask`, `event_chance`, `event_flags`, `event_param1`, `event_param2`, `event_param3`, `event_param4`, `action1_script`, `action2_script`, `action3_script`, `comment`) VALUES (338401, 3384, 0, 2, 0, 100, 0, 15, 0, 0, 0, 338401, 0, 0, 'Southsea Privateer - Flee at 15% HP');

-- Events list for Foreman Cozzle
UPDATE `creature_template` SET `ai_name`='EventAI', `script_name` = '' WHERE `entry` = 4723;
INSERT INTO `creature_ai_scripts` (`id`, `delay`, `command`, `datalong`, `datalong2`, `datalong3`, `datalong4`, `target_param1`, `target_param2`, `target_type`, `data_flags`, `dataint`, `dataint2`, `dataint3`, `dataint4`, `x`, `y`, `z`, `o`, `condition_id`, `comments`) VALUES
(472301, 0, 47, 0, 0, 0, 0, 0, 0, 0, 0, 0, 0, 0, 0, 0, 0, 0, 0, 0, 'Foreman Cozzle - Flee');
INSERT INTO `creature_ai_events` (`id`, `creature_id`, `condition_id`, `event_type`, `event_inverse_phase_mask`, `event_chance`, `event_flags`, `event_param1`, `event_param2`, `event_param3`, `event_param4`, `action1_script`, `action2_script`, `action3_script`, `comment`) VALUES (472301, 4723, 0, 2, 0, 100, 0, 15, 0, 0, 0, 472301, 0, 0, 'Foreman Cozzle - Flee at 15% HP');
INSERT INTO `creature_ai_scripts` (`id`, `delay`, `command`, `datalong`, `datalong2`, `datalong3`, `datalong4`, `target_param1`, `target_param2`, `target_type`, `data_flags`, `dataint`, `dataint2`, `dataint3`, `dataint4`, `x`, `y`, `z`, `o`, `condition_id`, `comments`) VALUES
(472302, 0, 15, 4979, 0, 0, 0, 0, 0, 0, 4, 0, 0, 0, 0, 0, 0, 0, 0, 0, 'Foreman Cozzle - Cast Spell Quick Flame Ward');
INSERT INTO `creature_ai_events` (`id`, `creature_id`, `condition_id`, `event_type`, `event_inverse_phase_mask`, `event_chance`, `event_flags`, `event_param1`, `event_param2`, `event_param3`, `event_param4`, `action1_script`, `action2_script`, `action3_script`, `comment`) VALUES (472302, 4723, 0, 2, 0, 100, 1, 50, 0, 10100, 19800, 472302, 0, 0, 'Foreman Cozzle - Cast Quick Flame Ward at 50% HP');

-- Events list for Blackfathom Oracle
UPDATE `creature_template` SET `ai_name`='EventAI', `script_name` = '' WHERE `entry` = 4803;
INSERT INTO `creature_ai_scripts` (`id`, `delay`, `command`, `datalong`, `datalong2`, `datalong3`, `datalong4`, `target_param1`, `target_param2`, `target_type`, `data_flags`, `dataint`, `dataint2`, `dataint3`, `dataint4`, `x`, `y`, `z`, `o`, `condition_id`, `comments`) VALUES
(480301, 0, 47, 0, 0, 0, 0, 0, 0, 0, 0, 0, 0, 0, 0, 0, 0, 0, 0, 0, 'Blackfathom Oracle - Flee');
INSERT INTO `creature_ai_events` (`id`, `creature_id`, `condition_id`, `event_type`, `event_inverse_phase_mask`, `event_chance`, `event_flags`, `event_param1`, `event_param2`, `event_param3`, `event_param4`, `action1_script`, `action2_script`, `action3_script`, `comment`) VALUES (480301, 4803, 0, 2, 0, 100, 0, 15, 0, 0, 0, 480301, 0, 0, 'Blackfathom Oracle - Flee at 15% HP');
INSERT INTO `creature_ai_scripts` (`id`, `delay`, `command`, `datalong`, `datalong2`, `datalong3`, `datalong4`, `target_param1`, `target_param2`, `target_type`, `data_flags`, `dataint`, `dataint2`, `dataint3`, `dataint4`, `x`, `y`, `z`, `o`, `condition_id`, `comments`) VALUES
(480302, 0, 15, 11986, 0, 0, 0, 0, 0, 0, 0, 0, 0, 0, 0, 0, 0, 0, 0, 0, 'Blackfathom Oracle - Cast Spell Healing Wave');
INSERT INTO `creature_ai_events` (`id`, `creature_id`, `condition_id`, `event_type`, `event_inverse_phase_mask`, `event_chance`, `event_flags`, `event_param1`, `event_param2`, `event_param3`, `event_param4`, `action1_script`, `action2_script`, `action3_script`, `comment`) VALUES (480302, 4803, 0, 14, 0, 100, 1, 280, 40, 18000, 24000, 480302, 0, 0, 'Blackfathom Oracle - Cast Healing Wave on Friendly Missing HP');

-- Events list for Takk the Leaper
UPDATE `creature_template` SET `ai_name`='EventAI', `script_name` = '' WHERE `entry` = 5842;
INSERT INTO `creature_ai_scripts` (`id`, `delay`, `command`, `datalong`, `datalong2`, `datalong3`, `datalong4`, `target_param1`, `target_param2`, `target_type`, `data_flags`, `dataint`, `dataint2`, `dataint3`, `dataint4`, `x`, `y`, `z`, `o`, `condition_id`, `comments`) VALUES
(584201, 0, 15, 6268, 0, 0, 0, 0, 0, 1, 0, 0, 0, 0, 0, 0, 0, 0, 0, 0, 'Takk the Leaper - Cast Spell Rushing Charge');
INSERT INTO `creature_ai_events` (`id`, `creature_id`, `condition_id`, `event_type`, `event_inverse_phase_mask`, `event_chance`, `event_flags`, `event_param1`, `event_param2`, `event_param3`, `event_param4`, `action1_script`, `action2_script`, `action3_script`, `comment`) VALUES (584201, 5842, 0, 4, 0, 100, 0, 0, 0, 0, 0, 584201, 0, 0, 'Takk the Leaper - Cast Rushing Charge');

-- Events list for Captain Gerogg Hammertoe
UPDATE `creature_template` SET `ai_name`='EventAI', `script_name` = '' WHERE `entry` = 5851;
INSERT INTO `creature_ai_scripts` (`id`, `delay`, `command`, `datalong`, `datalong2`, `datalong3`, `datalong4`, `target_param1`, `target_param2`, `target_type`, `data_flags`, `dataint`, `dataint2`, `dataint3`, `dataint4`, `x`, `y`, `z`, `o`, `condition_id`, `comments`) VALUES
(585101, 0, 15, 871, 0, 0, 0, 0, 0, 0, 4, 0, 0, 0, 0, 0, 0, 0, 0, 0, 'Captain Gerogg Hammertoe - Cast Spell Shield Wall');
INSERT INTO `creature_ai_events` (`id`, `creature_id`, `condition_id`, `event_type`, `event_inverse_phase_mask`, `event_chance`, `event_flags`, `event_param1`, `event_param2`, `event_param3`, `event_param4`, `action1_script`, `action2_script`, `action3_script`, `comment`) VALUES (585101, 5851, 0, 2, 0, 100, 1, 30, 0, 30000, 40000, 585101, 0, 0, 'Captain Gerogg Hammertoe - Cast Shield Wall at 30% HP');

-- Events list for Achellios the Banished
UPDATE `creature_template` SET `ai_name`='EventAI', `script_name` = '' WHERE `entry` = 5933;
INSERT INTO `creature_ai_scripts` (`id`, `delay`, `command`, `datalong`, `datalong2`, `datalong3`, `datalong4`, `target_param1`, `target_param2`, `target_type`, `data_flags`, `dataint`, `dataint2`, `dataint3`, `dataint4`, `x`, `y`, `z`, `o`, `condition_id`, `comments`) VALUES
(593301, 0, 15, 9128, 0, 0, 0, 0, 0, 0, 4, 0, 0, 0, 0, 0, 0, 0, 0, 0, 'Achellios the Banished - Cast Spell Battle Shout');
INSERT INTO `creature_ai_events` (`id`, `creature_id`, `condition_id`, `event_type`, `event_inverse_phase_mask`, `event_chance`, `event_flags`, `event_param1`, `event_param2`, `event_param3`, `event_param4`, `action1_script`, `action2_script`, `action3_script`, `comment`) VALUES (593301, 5933, 0, 4, 0, 100, 0, 0, 0, 0, 0, 593301, 0, 0, 'Achellios the Banished - Cast Battle Shout on Aggro');

-- Events list for Vile Sting
UPDATE `creature_template` SET `ai_name`='EventAI', `script_name` = '' WHERE `entry` = 5937;
INSERT INTO `creature_ai_scripts` (`id`, `delay`, `command`, `datalong`, `datalong2`, `datalong3`, `datalong4`, `target_param1`, `target_param2`, `target_type`, `data_flags`, `dataint`, `dataint2`, `dataint3`, `dataint4`, `x`, `y`, `z`, `o`, `condition_id`, `comments`) VALUES
(593701, 0, 15, 8257, 0, 0, 0, 0, 0, 1, 0, 0, 0, 0, 0, 0, 0, 0, 0, 0, 'Vile Sting - Cast Spell Venom Sting');
INSERT INTO `creature_ai_events` (`id`, `creature_id`, `condition_id`, `event_type`, `event_inverse_phase_mask`, `event_chance`, `event_flags`, `event_param1`, `event_param2`, `event_param3`, `event_param4`, `action1_script`, `action2_script`, `action3_script`, `comment`) VALUES (593701, 5937, 0, 28, 0, 100, 1, 8257, 3, 25000, 35000, 593701, 0, 0, 'Vile Sting - Cast Venom Sting on Target Missing Aura Stack');

-- Events list for Kurzen Mindslave
UPDATE `creature_template` SET `ai_name`='EventAI', `script_name` = '' WHERE `entry` = 6366;
INSERT INTO `creature_ai_scripts` (`id`, `delay`, `command`, `datalong`, `datalong2`, `datalong3`, `datalong4`, `target_param1`, `target_param2`, `target_type`, `data_flags`, `dataint`, `dataint2`, `dataint3`, `dataint4`, `x`, `y`, `z`, `o`, `condition_id`, `comments`) VALUES
(636601, 0, 15, 11642, 0, 0, 0, 0, 0, 0, 0, 0, 0, 0, 0, 0, 0, 0, 0, 0, 'Kurzen Mindslave - Cast Spell Heal');
INSERT INTO `creature_ai_events` (`id`, `creature_id`, `condition_id`, `event_type`, `event_inverse_phase_mask`, `event_chance`, `event_flags`, `event_param1`, `event_param2`, `event_param3`, `event_param4`, `action1_script`, `action2_script`, `action3_script`, `comment`) VALUES (636601, 6366, 0, 14, 0, 100, 1, 825, 40, 15300, 22900, 636601, 0, 0, 'Kurzen Mindslave - Cast Heal on Friendly Missing HP');
INSERT INTO `creature_ai_scripts` (`id`, `delay`, `command`, `datalong`, `datalong2`, `datalong3`, `datalong4`, `target_param1`, `target_param2`, `target_type`, `data_flags`, `dataint`, `dataint2`, `dataint3`, `dataint4`, `x`, `y`, `z`, `o`, `condition_id`, `comments`) VALUES
(636602, 0, 15, 7964, 0, 0, 0, 0, 0, 0, 4, 0, 0, 0, 0, 0, 0, 0, 0, 0, 'Kurzen Mindslave - Cast Spell Smoke Bomb'),
(636602, 0, 47, 0, 0, 0, 0, 0, 0, 0, 0, 0, 0, 0, 0, 0, 0, 0, 0, 0, 'Kurzen Mindslave - Flee');
INSERT INTO `creature_ai_events` (`id`, `creature_id`, `condition_id`, `event_type`, `event_inverse_phase_mask`, `event_chance`, `event_flags`, `event_param1`, `event_param2`, `event_param3`, `event_param4`, `action1_script`, `action2_script`, `action3_script`, `comment`) VALUES (636602, 6366, 0, 2, 0, 100, 0, 15, 0, 0, 0, 636602, 0, 0, 'Kurzen Mindslave - Cast Smoke Bomb and Flee at 15% HP');

-- Events list for Digmaster Shovelphlange
UPDATE `creature_template` SET `ai_name`='EventAI', `script_name` = '' WHERE `entry` = 7057;
INSERT INTO `creature_ai_scripts` (`id`, `delay`, `command`, `datalong`, `datalong2`, `datalong3`, `datalong4`, `target_param1`, `target_param2`, `target_type`, `data_flags`, `dataint`, `dataint2`, `dataint3`, `dataint4`, `x`, `y`, `z`, `o`, `condition_id`, `comments`) VALUES
(705701, 0, 15, 7164, 0, 0, 0, 0, 0, 0, 4, 0, 0, 0, 0, 0, 0, 0, 0, 0, 'Digmaster Shovelphlange - Cast Spell Defensive Stance');
INSERT INTO `creature_ai_events` (`id`, `creature_id`, `condition_id`, `event_type`, `event_inverse_phase_mask`, `event_chance`, `event_flags`, `event_param1`, `event_param2`, `event_param3`, `event_param4`, `action1_script`, `action2_script`, `action3_script`, `comment`) VALUES (705701, 7057, 0, 4, 0, 100, 0, 0, 0, 0, 0, 705701, 0, 0, 'Digmaster Shovelphlange - Cast Defensive Stance on Aggro');
INSERT INTO `creature_ai_scripts` (`id`, `delay`, `command`, `datalong`, `datalong2`, `datalong3`, `datalong4`, `target_param1`, `target_param2`, `target_type`, `data_flags`, `dataint`, `dataint2`, `dataint3`, `dataint4`, `x`, `y`, `z`, `o`, `condition_id`, `comments`) VALUES
(705702, 0, 15, 8380, 0, 0, 0, 0, 0, 1, 0, 0, 0, 0, 0, 0, 0, 0, 0, 0, 'Digmaster Shovelphlange - Cast Spell Sunder Armor');
INSERT INTO `creature_ai_events` (`id`, `creature_id`, `condition_id`, `event_type`, `event_inverse_phase_mask`, `event_chance`, `event_flags`, `event_param1`, `event_param2`, `event_param3`, `event_param4`, `action1_script`, `action2_script`, `action3_script`, `comment`) VALUES (705702, 7057, 0, 28, 0, 100, 1, 8380, 5, 10000, 10000, 705702, 0, 0, 'Digmaster Shovelphlange - Cast Sunder Armor on Target Missing Aura Stack');

-- Events list for Frostsaber Huntress
UPDATE `creature_template` SET `ai_name`='EventAI', `script_name` = '' WHERE `entry` = 7433;
INSERT INTO `creature_ai_scripts` (`id`, `delay`, `command`, `datalong`, `datalong2`, `datalong3`, `datalong4`, `target_param1`, `target_param2`, `target_type`, `data_flags`, `dataint`, `dataint2`, `dataint3`, `dataint4`, `x`, `y`, `z`, `o`, `condition_id`, `comments`) VALUES
(743301, 0, 15, 19615, 1, 0, 0, 0, 0, 0, 4, 0, 0, 0, 0, 0, 0, 0, 0, 0, 'Frostsaber Huntress - Cast Spell Enrage'),
(743301, 0, 0, 0, 0, 0, 0, 0, 0, 0, 0, 10645, 0, 0, 0, 0, 0, 0, 0, 0, 'Frostsaber Huntress - Say Text');
INSERT INTO `creature_ai_events` (`id`, `creature_id`, `condition_id`, `event_type`, `event_inverse_phase_mask`, `event_chance`, `event_flags`, `event_param1`, `event_param2`, `event_param3`, `event_param4`, `action1_script`, `action2_script`, `action3_script`, `comment`) VALUES (743301, 7433, 0, 2, 0, 100, 1, 50, 0, 120000, 120000, 743301, 0, 0, 'Frostsaber Huntress - Cast Enrage at 50% HP');

-- Events list for Cobalt Mageweaver
UPDATE `creature_template` SET `ai_name`='EventAI', `script_name` = '' WHERE `entry` = 7437;
INSERT INTO `creature_ai_scripts` (`id`, `delay`, `command`, `datalong`, `datalong2`, `datalong3`, `datalong4`, `target_param1`, `target_param2`, `target_type`, `data_flags`, `dataint`, `dataint2`, `dataint3`, `dataint4`, `x`, `y`, `z`, `o`, `condition_id`, `comments`) VALUES
(743701, 0, 15, 15784, 0, 0, 0, 0, 0, 0, 4, 0, 0, 0, 0, 0, 0, 0, 0, 0, 'Cobalt Mageweaver - Cast Spell Frost Armor');
INSERT INTO `creature_ai_events` (`id`, `creature_id`, `condition_id`, `event_type`, `event_inverse_phase_mask`, `event_chance`, `event_flags`, `event_param1`, `event_param2`, `event_param3`, `event_param4`, `action1_script`, `action2_script`, `action3_script`, `comment`) VALUES (743701, 7437, 0, 27, 0, 100, 1, 15784, 1, 15000, 30000, 743701, 0, 0, 'Cobalt Mageweaver - Cast Frost Armor on Missing Buff');

-- Events list for Winterfall Ursa
UPDATE `creature_template` SET `ai_name`='EventAI', `script_name` = '' WHERE `entry` = 7438;
INSERT INTO `creature_ai_scripts` (`id`, `delay`, `command`, `datalong`, `datalong2`, `datalong3`, `datalong4`, `target_param1`, `target_param2`, `target_type`, `data_flags`, `dataint`, `dataint2`, `dataint3`, `dataint4`, `x`, `y`, `z`, `o`, `condition_id`, `comments`) VALUES
(743801, 0, 15, 17205, 0, 0, 0, 0, 0, 0, 4, 0, 0, 0, 0, 0, 0, 0, 0, 0, 'Winterfall Ursa - Cast Spell Winterfall Firewater');
INSERT INTO `creature_ai_events` (`id`, `creature_id`, `condition_id`, `event_type`, `event_inverse_phase_mask`, `event_chance`, `event_flags`, `event_param1`, `event_param2`, `event_param3`, `event_param4`, `action1_script`, `action2_script`, `action3_script`, `comment`) VALUES (743801, 7438, 0, 1, 0, 100, 1, 0, 10000, 1200000, 1210000, 743801, 0, 0, 'Winterfall Ursa - Cast Winterfall Firewater OOC');

-- Events list for Winterfall Shaman
UPDATE `creature_template` SET `ai_name`='EventAI', `script_name` = '' WHERE `entry` = 7439;
INSERT INTO `creature_ai_scripts` (`id`, `delay`, `command`, `datalong`, `datalong2`, `datalong3`, `datalong4`, `target_param1`, `target_param2`, `target_type`, `data_flags`, `dataint`, `dataint2`, `dataint3`, `dataint4`, `x`, `y`, `z`, `o`, `condition_id`, `comments`) VALUES
(743901, 0, 15, 17205, 0, 0, 0, 0, 0, 0, 4, 0, 0, 0, 0, 0, 0, 0, 0, 0, 'Winterfall Shaman - Cast Spell Winterfall Firewater');
INSERT INTO `creature_ai_events` (`id`, `creature_id`, `condition_id`, `event_type`, `event_inverse_phase_mask`, `event_chance`, `event_flags`, `event_param1`, `event_param2`, `event_param3`, `event_param4`, `action1_script`, `action2_script`, `action3_script`, `comment`) VALUES (743901, 7439, 0, 1, 0, 100, 1, 0, 10000, 1200000, 1210000, 743901, 0, 0, 'Winterfall Shaman - Cast Winterfall Firewater OOC');

-- Events list for Winterfall Den Watcher
UPDATE `creature_template` SET `ai_name`='EventAI', `script_name` = '' WHERE `entry` = 7440;
INSERT INTO `creature_ai_scripts` (`id`, `delay`, `command`, `datalong`, `datalong2`, `datalong3`, `datalong4`, `target_param1`, `target_param2`, `target_type`, `data_flags`, `dataint`, `dataint2`, `dataint3`, `dataint4`, `x`, `y`, `z`, `o`, `condition_id`, `comments`) VALUES
(744001, 0, 15, 17205, 0, 0, 0, 0, 0, 0, 4, 0, 0, 0, 0, 0, 0, 0, 0, 0, 'Winterfall Den Watcher - Cast Spell Winterfall Firewater');
INSERT INTO `creature_ai_events` (`id`, `creature_id`, `condition_id`, `event_type`, `event_inverse_phase_mask`, `event_chance`, `event_flags`, `event_param1`, `event_param2`, `event_param3`, `event_param4`, `action1_script`, `action2_script`, `action3_script`, `comment`) VALUES (744001, 7440, 0, 1, 0, 100, 1, 0, 10000, 1200000, 1210000, 744001, 0, 0, 'Winterfall Den Watcher - Cast Winterfall Firewater OOC');

-- Events list for Winterfall Pathfinder
UPDATE `creature_template` SET `ai_name`='EventAI', `script_name` = '' WHERE `entry` = 7442;
INSERT INTO `creature_ai_scripts` (`id`, `delay`, `command`, `datalong`, `datalong2`, `datalong3`, `datalong4`, `target_param1`, `target_param2`, `target_type`, `data_flags`, `dataint`, `dataint2`, `dataint3`, `dataint4`, `x`, `y`, `z`, `o`, `condition_id`, `comments`) VALUES
(744201, 0, 15, 17205, 0, 0, 0, 0, 0, 0, 4, 0, 0, 0, 0, 0, 0, 0, 0, 0, 'Winterfall Pathfinder - Cast Spell Winterfall Firewater');
INSERT INTO `creature_ai_events` (`id`, `creature_id`, `condition_id`, `event_type`, `event_inverse_phase_mask`, `event_chance`, `event_flags`, `event_param1`, `event_param2`, `event_param3`, `event_param4`, `action1_script`, `action2_script`, `action3_script`, `comment`) VALUES (744201, 7442, 0, 1, 0, 100, 1, 0, 10000, 1200000, 1210000, 744201, 0, 0, 'Winterfall Pathfinder - Cast Winterfall Firewater OOC');

-- Events list for Fledgling Chillwind
UPDATE `creature_template` SET `ai_name`='EventAI', `script_name` = '' WHERE `entry` = 7447;
INSERT INTO `creature_ai_scripts` (`id`, `delay`, `command`, `datalong`, `datalong2`, `datalong3`, `datalong4`, `target_param1`, `target_param2`, `target_type`, `data_flags`, `dataint`, `dataint2`, `dataint3`, `dataint4`, `x`, `y`, `z`, `o`, `condition_id`, `comments`) VALUES
(744701, 0, 15, 16552, 0, 0, 0, 0, 0, 1, 0, 0, 0, 0, 0, 0, 0, 0, 0, 0, 'Fledgling Chillwind - Cast Spell Venom Spit');
INSERT INTO `creature_ai_events` (`id`, `creature_id`, `condition_id`, `event_type`, `event_inverse_phase_mask`, `event_chance`, `event_flags`, `event_param1`, `event_param2`, `event_param3`, `event_param4`, `action1_script`, `action2_script`, `action3_script`, `comment`) VALUES (744701, 7447, 0, 28, 0, 100, 1, 16552, 3, 7000, 10000, 744701, 0, 0, 'Fledgling Chillwind - Cast Venom Spit on Target Missing Aura Stack');

-- Events list for Chillwind Ravager
UPDATE `creature_template` SET `ai_name`='EventAI', `script_name` = '', `auras`='15849' WHERE `entry` = 7449;
INSERT INTO `creature_ai_scripts` (`id`, `delay`, `command`, `datalong`, `datalong2`, `datalong3`, `datalong4`, `target_param1`, `target_param2`, `target_type`, `data_flags`, `dataint`, `dataint2`, `dataint3`, `dataint4`, `x`, `y`, `z`, `o`, `condition_id`, `comments`) VALUES
(744901, 0, 15, 8599, 0, 0, 0, 0, 0, 0, 4, 0, 0, 0, 0, 0, 0, 0, 0, 0, 'Chillwind Ravager - Cast Spell Enrage'),
(744901, 0, 0, 0, 0, 0, 0, 0, 0, 0, 0, 7798, 0, 0, 0, 0, 0, 0, 0, 0, 'Chillwind Ravager - Say Text');
INSERT INTO `creature_ai_events` (`id`, `creature_id`, `condition_id`, `event_type`, `event_inverse_phase_mask`, `event_chance`, `event_flags`, `event_param1`, `event_param2`, `event_param3`, `event_param4`, `action1_script`, `action2_script`, `action3_script`, `comment`) VALUES (744901, 7449, 0, 2, 0, 100, 0, 25, 0, 0, 0, 744901, 0, 0, 'Chillwind Ravager - Cast Enrage at 25% HP');

-- Events list for Ragged Owlbeast
UPDATE `creature_template` SET `ai_name`='EventAI', `script_name` = '' WHERE `entry` = 7450;
INSERT INTO `creature_ai_scripts` (`id`, `delay`, `command`, `datalong`, `datalong2`, `datalong3`, `datalong4`, `target_param1`, `target_param2`, `target_type`, `data_flags`, `dataint`, `dataint2`, `dataint3`, `dataint4`, `x`, `y`, `z`, `o`, `condition_id`, `comments`) VALUES
(745001, 0, 15, 15848, 32, 0, 0, 0, 0, 1, 0, 0, 0, 0, 0, 0, 0, 0, 0, 0, 'Ragged Owlbeast - Cast Spell Festering Rash');
INSERT INTO `creature_ai_events` (`id`, `creature_id`, `condition_id`, `event_type`, `event_inverse_phase_mask`, `event_chance`, `event_flags`, `event_param1`, `event_param2`, `event_param3`, `event_param4`, `action1_script`, `action2_script`, `action3_script`, `comment`) VALUES (745001, 7450, 0, 9, 0, 100, 1, 0, 5, 3000, 6000, 745001, 0, 0, 'Ragged Owlbeast - Cast Festering Rash');

-- Events list for Raging Owlbeast
UPDATE `creature_template` SET `ai_name`='EventAI', `script_name` = '' WHERE `entry` = 7451;
INSERT INTO `creature_ai_scripts` (`id`, `delay`, `command`, `datalong`, `datalong2`, `datalong3`, `datalong4`, `target_param1`, `target_param2`, `target_type`, `data_flags`, `dataint`, `dataint2`, `dataint3`, `dataint4`, `x`, `y`, `z`, `o`, `condition_id`, `comments`) VALUES
(745101, 0, 15, 8599, 0, 0, 0, 0, 0, 0, 4, 0, 0, 0, 0, 0, 0, 0, 0, 0, 'Raging Owlbeast - Cast Spell Enrage'),
(745101, 0, 0, 0, 0, 0, 0, 0, 0, 0, 0, 7798, 0, 0, 0, 0, 0, 0, 0, 0, 'Raging Owlbeast - Say Text');
INSERT INTO `creature_ai_events` (`id`, `creature_id`, `condition_id`, `event_type`, `event_inverse_phase_mask`, `event_chance`, `event_flags`, `event_param1`, `event_param2`, `event_param3`, `event_param4`, `action1_script`, `action2_script`, `action3_script`, `comment`) VALUES (745101, 7451, 0, 2, 0, 100, 0, 30, 0, 0, 0, 745101, 0, 0, 'Raging Owlbeast - Cast Enrage at 30% HP');

-- Events list for Berserk Owlbeast
UPDATE `creature_template` SET `ai_name`='EventAI', `script_name` = '' WHERE `entry` = 7454;
INSERT INTO `creature_ai_scripts` (`id`, `delay`, `command`, `datalong`, `datalong2`, `datalong3`, `datalong4`, `target_param1`, `target_param2`, `target_type`, `data_flags`, `dataint`, `dataint2`, `dataint3`, `dataint4`, `x`, `y`, `z`, `o`, `condition_id`, `comments`) VALUES
(745401, 0, 15, 8599, 0, 0, 0, 0, 0, 0, 4, 0, 0, 0, 0, 0, 0, 0, 0, 0, 'Berserk Owlbeast - Cast Spell Enrage'),
(745401, 0, 0, 0, 0, 0, 0, 0, 0, 0, 0, 7798, 0, 0, 0, 0, 0, 0, 0, 0, 'Berserk Owlbeast - Say Text');
INSERT INTO `creature_ai_events` (`id`, `creature_id`, `condition_id`, `event_type`, `event_inverse_phase_mask`, `event_chance`, `event_flags`, `event_param1`, `event_param2`, `event_param3`, `event_param4`, `action1_script`, `action2_script`, `action3_script`, `comment`) VALUES (745401, 7454, 0, 2, 0, 100, 0, 30, 0, 0, 0, 745401, 0, 0, 'Berserk Owlbeast - Cast Enrage at 30% HP');

-- Events list for Winterspring Screecher
UPDATE `creature_template` SET `ai_name`='EventAI', `script_name` = '' WHERE `entry` = 7456;
INSERT INTO `creature_ai_scripts` (`id`, `delay`, `command`, `datalong`, `datalong2`, `datalong3`, `datalong4`, `target_param1`, `target_param2`, `target_type`, `data_flags`, `dataint`, `dataint2`, `dataint3`, `dataint4`, `x`, `y`, `z`, `o`, `condition_id`, `comments`) VALUES
(745601, 0, 15, 3589, 0, 0, 0, 0, 0, 1, 0, 0, 0, 0, 0, 0, 0, 0, 0, 0, 'Winterspring Screecher - Cast Spell Deafening Screech');
INSERT INTO `creature_ai_events` (`id`, `creature_id`, `condition_id`, `event_type`, `event_inverse_phase_mask`, `event_chance`, `event_flags`, `event_param1`, `event_param2`, `event_param3`, `event_param4`, `action1_script`, `action2_script`, `action3_script`, `comment`) VALUES (745601, 7456, 0, 9, 0, 100, 1, 0, 10, 13000, 16000, 745601, 0, 0, 'Winterspring Screecher - Cast Deafening Screech');

-- Events list for Ice Thistle Matriarch
UPDATE `creature_template` SET `ai_name`='EventAI', `script_name` = '' WHERE `entry` = 7459;
INSERT INTO `creature_ai_scripts` (`id`, `delay`, `command`, `datalong`, `datalong2`, `datalong3`, `datalong4`, `target_param1`, `target_param2`, `target_type`, `data_flags`, `dataint`, `dataint2`, `dataint3`, `dataint4`, `x`, `y`, `z`, `o`, `condition_id`, `comments`) VALUES
(745901, 0, 15, 6268, 0, 0, 0, 0, 0, 0, 4, 0, 0, 0, 0, 0, 0, 0, 0, 0, 'Ice Thistle Matriarch - Cast Spell Rushing Charge');
INSERT INTO `creature_ai_events` (`id`, `creature_id`, `condition_id`, `event_type`, `event_inverse_phase_mask`, `event_chance`, `event_flags`, `event_param1`, `event_param2`, `event_param3`, `event_param4`, `action1_script`, `action2_script`, `action3_script`, `comment`) VALUES (745901, 7459, 0, 9, 0, 100, 0, 0, 15, 0, 0, 745901, 0, 0, 'Ice Thistle Patriarch - Cast Rushing Charge');

-- Events list for Hederine Slayer
UPDATE `creature_template` SET `ai_name`='EventAI', `script_name` = '' WHERE `entry` = 7463;
INSERT INTO `creature_ai_scripts` (`id`, `delay`, `command`, `datalong`, `datalong2`, `datalong3`, `datalong4`, `target_param1`, `target_param2`, `target_type`, `data_flags`, `dataint`, `dataint2`, `dataint3`, `dataint4`, `x`, `y`, `z`, `o`, `condition_id`, `comments`) VALUES
(746301, 0, 15, 7160, 0, 0, 0, 0, 0, 1, 0, 0, 0, 0, 0, 0, 0, 0, 0, 0, 'Hederine Slayer - Cast Spell Execute');
INSERT INTO `creature_ai_events` (`id`, `creature_id`, `condition_id`, `event_type`, `event_inverse_phase_mask`, `event_chance`, `event_flags`, `event_param1`, `event_param2`, `event_param3`, `event_param4`, `action1_script`, `action2_script`, `action3_script`, `comment`) VALUES (746301, 7463, 0, 12, 0, 100, 1, 20, 0, 30000, 30000, 746301, 0, 0, 'Hederine Slayer - Cast Execute when Target HP at 20%');
INSERT INTO `creature_ai_scripts` (`id`, `delay`, `command`, `datalong`, `datalong2`, `datalong3`, `datalong4`, `target_param1`, `target_param2`, `target_type`, `data_flags`, `dataint`, `dataint2`, `dataint3`, `dataint4`, `x`, `y`, `z`, `o`, `condition_id`, `comments`) VALUES
(746302, 0, 15, 15284, 0, 0, 0, 0, 0, 1, 0, 0, 0, 0, 0, 0, 0, 0, 0, 0, 'Hederine Slayer - Cast Spell Cleave'),
(746303, 0, 15, 16856, 0, 0, 0, 0, 0, 1, 0, 0, 0, 0, 0, 0, 0, 0, 0, 0, 'Hederine Slayer - Cast Spell Mortal Strike');
INSERT INTO `creature_ai_events` (`id`, `creature_id`, `condition_id`, `event_type`, `event_inverse_phase_mask`, `event_chance`, `event_flags`, `event_param1`, `event_param2`, `event_param3`, `event_param4`, `action1_script`, `action2_script`, `action3_script`, `comment`) VALUES (746302, 7463, 0, 9, 0, 100, 3, 0, 5, 8000, 12000, 746302, 746303, 0, 'Hederine Slayer - Random Cast Cleave or Mortal Strike');

-- Events list for Anvilrage Guardsman
UPDATE `creature_template` SET `ai_name`='EventAI', `script_name` = '' WHERE `entry` = 8891;
INSERT INTO `creature_ai_scripts` (`id`, `delay`, `command`, `datalong`, `datalong2`, `datalong3`, `datalong4`, `target_param1`, `target_param2`, `target_type`, `data_flags`, `dataint`, `dataint2`, `dataint3`, `dataint4`, `x`, `y`, `z`, `o`, `condition_id`, `comments`) VALUES
(889101, 0, 47, 0, 0, 0, 0, 0, 0, 0, 0, 0, 0, 0, 0, 0, 0, 0, 0, 0, 'Anvilrage Guardsman - Flee');
INSERT INTO `creature_ai_events` (`id`, `creature_id`, `condition_id`, `event_type`, `event_inverse_phase_mask`, `event_chance`, `event_flags`, `event_param1`, `event_param2`, `event_param3`, `event_param4`, `action1_script`, `action2_script`, `action3_script`, `comment`) VALUES (889101, 8891, 0, 2, 0, 100, 0, 15, 0, 0, 0, 889101, 0, 0, 'Anvilrage Guardsman - Flee at 15% HP');

-- Events list for Doomforge Craftsman
UPDATE `creature_template` SET `ai_name`='EventAI', `script_name` = '' WHERE `entry` = 8897;
INSERT INTO `creature_ai_scripts` (`id`, `delay`, `command`, `datalong`, `datalong2`, `datalong3`, `datalong4`, `target_param1`, `target_param2`, `target_type`, `data_flags`, `dataint`, `dataint2`, `dataint3`, `dataint4`, `x`, `y`, `z`, `o`, `condition_id`, `comments`) VALUES
(889701, 0, 47, 0, 0, 0, 0, 0, 0, 0, 0, 0, 0, 0, 0, 0, 0, 0, 0, 0, 'Doomforge Craftsman - Flee');
INSERT INTO `creature_ai_events` (`id`, `creature_id`, `condition_id`, `event_type`, `event_inverse_phase_mask`, `event_chance`, `event_flags`, `event_param1`, `event_param2`, `event_param3`, `event_param4`, `action1_script`, `action2_script`, `action3_script`, `comment`) VALUES (889701, 8897, 0, 2, 0, 100, 0, 15, 0, 0, 0, 889701, 0, 0, 'Doomforge Craftsman - Flee at 15% HP');
INSERT INTO `creature_ai_scripts` (`id`, `delay`, `command`, `datalong`, `datalong2`, `datalong3`, `datalong4`, `target_param1`, `target_param2`, `target_type`, `data_flags`, `dataint`, `dataint2`, `dataint3`, `dataint4`, `x`, `y`, `z`, `o`, `condition_id`, `comments`) VALUES
(889702, 0, 15, 9143, 0, 0, 0, 0, 0, 1, 0, 0, 0, 0, 0, 0, 0, 0, 0, 0, 'Doomforge Craftsman - Cast Spell Bomb');
INSERT INTO `creature_ai_events` (`id`, `creature_id`, `condition_id`, `event_type`, `event_inverse_phase_mask`, `event_chance`, `event_flags`, `event_param1`, `event_param2`, `event_param3`, `event_param4`, `action1_script`, `action2_script`, `action3_script`, `comment`) VALUES (889702, 8897, 0, 9, 0, 100, 1, 5, 30, 2300, 3900, 889702, 0, 0, 'Doomforge Craftsman - Cast Bomb');

-- Events list for Doomforge Arcanasmith
UPDATE `creature_template` SET `ai_name`='EventAI', `script_name` = '' WHERE `entry` = 8900;
INSERT INTO `creature_ai_scripts` (`id`, `delay`, `command`, `datalong`, `datalong2`, `datalong3`, `datalong4`, `target_param1`, `target_param2`, `target_type`, `data_flags`, `dataint`, `dataint2`, `dataint3`, `dataint4`, `x`, `y`, `z`, `o`, `condition_id`, `comments`) VALUES
(890001, 0, 47, 0, 0, 0, 0, 0, 0, 0, 0, 0, 0, 0, 0, 0, 0, 0, 0, 0, 'Doomforge Arcanasmith - Flee');
INSERT INTO `creature_ai_events` (`id`, `creature_id`, `condition_id`, `event_type`, `event_inverse_phase_mask`, `event_chance`, `event_flags`, `event_param1`, `event_param2`, `event_param3`, `event_param4`, `action1_script`, `action2_script`, `action3_script`, `comment`) VALUES (890001, 8900, 0, 2, 0, 100, 0, 15, 0, 0, 0, 890001, 0, 0, 'Doomforge Arcanasmith - Flee at 15% HP');

-- Events list for Twilight's Hammer Torturer
UPDATE `creature_template` SET `ai_name`='EventAI', `script_name` = '', `auras`='13616' WHERE `entry` = 8912;
INSERT INTO `creature_ai_scripts` (`id`, `delay`, `command`, `datalong`, `datalong2`, `datalong3`, `datalong4`, `target_param1`, `target_param2`, `target_type`, `data_flags`, `dataint`, `dataint2`, `dataint3`, `dataint4`, `x`, `y`, `z`, `o`, `condition_id`, `comments`) VALUES
(891201, 0, 47, 0, 0, 0, 0, 0, 0, 0, 0, 0, 0, 0, 0, 0, 0, 0, 0, 0, 'Twilight\'s Hammer Torturer - Flee');
INSERT INTO `creature_ai_events` (`id`, `creature_id`, `condition_id`, `event_type`, `event_inverse_phase_mask`, `event_chance`, `event_flags`, `event_param1`, `event_param2`, `event_param3`, `event_param4`, `action1_script`, `action2_script`, `action3_script`, `comment`) VALUES (891201, 8912, 0, 2, 0, 100, 0, 15, 0, 0, 0, 891201, 0, 0, 'Twilight\'s Hammer Torturer - Flee at 15% HP');

-- Events list for Twilight Bodyguard
UPDATE `creature_template` SET `ai_name`='EventAI', `script_name` = '' WHERE `entry` = 8914;
INSERT INTO `creature_ai_scripts` (`id`, `delay`, `command`, `datalong`, `datalong2`, `datalong3`, `datalong4`, `target_param1`, `target_param2`, `target_type`, `data_flags`, `dataint`, `dataint2`, `dataint3`, `dataint4`, `x`, `y`, `z`, `o`, `condition_id`, `comments`) VALUES
(891401, 0, 47, 0, 0, 0, 0, 0, 0, 0, 0, 0, 0, 0, 0, 0, 0, 0, 0, 0, 'Twilight Bodyguard - Flee');
INSERT INTO `creature_ai_events` (`id`, `creature_id`, `condition_id`, `event_type`, `event_inverse_phase_mask`, `event_chance`, `event_flags`, `event_param1`, `event_param2`, `event_param3`, `event_param4`, `action1_script`, `action2_script`, `action3_script`, `comment`) VALUES (891401, 8914, 0, 2, 0, 100, 0, 15, 0, 0, 0, 891401, 0, 0, 'Twilight Emissary - Flee at 15% HP');
INSERT INTO `creature_ai_scripts` (`id`, `delay`, `command`, `datalong`, `datalong2`, `datalong3`, `datalong4`, `target_param1`, `target_param2`, `target_type`, `data_flags`, `dataint`, `dataint2`, `dataint3`, `dataint4`, `x`, `y`, `z`, `o`, `condition_id`, `comments`) VALUES
(891402, 0, 15, 13903, 1, 0, 0, 0, 0, 0, 0, 0, 0, 0, 0, 0, 0, 0, 0, 0, 'Twilight Bodyguard - Cast Spell Seal of Sacrifice');
INSERT INTO `creature_ai_events` (`id`, `creature_id`, `condition_id`, `event_type`, `event_inverse_phase_mask`, `event_chance`, `event_flags`, `event_param1`, `event_param2`, `event_param3`, `event_param4`, `action1_script`, `action2_script`, `action3_script`, `comment`) VALUES (891402, 8914, 0, 14, 0, 100, 0, 3500, 40, 0, 0, 891402, 0, 0, 'Twilight Bodyguard - Cast Seal of Sacrifice on Friendly Missing HP');

-- Events list for Shadowforge Flame Keeper
UPDATE `creature_template` SET `ai_name`='EventAI', `script_name` = '' WHERE `entry` = 9956;
INSERT INTO `creature_ai_scripts` (`id`, `delay`, `command`, `datalong`, `datalong2`, `datalong3`, `datalong4`, `target_param1`, `target_param2`, `target_type`, `data_flags`, `dataint`, `dataint2`, `dataint3`, `dataint4`, `x`, `y`, `z`, `o`, `condition_id`, `comments`) VALUES
(995601, 0, 15, 9128, 0, 0, 0, 0, 0, 0, 4, 0, 0, 0, 0, 0, 0, 0, 0, 0, 'Shadowforge Flame Keeper - Cast Spell Battle Shout');
INSERT INTO `creature_ai_events` (`id`, `creature_id`, `condition_id`, `event_type`, `event_inverse_phase_mask`, `event_chance`, `event_flags`, `event_param1`, `event_param2`, `event_param3`, `event_param4`, `action1_script`, `action2_script`, `action3_script`, `comment`) VALUES (995601, 9956, 0, 4, 0, 100, 0, 0, 0, 0, 0, 995601, 0, 0, 'Shadowforge Flame Keeper - Cast Battle Shout on Aggro');

-- Events list for Ribbly's Crony
UPDATE `creature_template` SET `ai_name`='', `script_name` = '', `auras`='13299' WHERE `entry` = 10043;

-- Events list for Cobalt Whelp
UPDATE `creature_template` SET `ai_name`='EventAI', `script_name` = '' WHERE `entry` = 10659;
INSERT INTO `creature_ai_scripts` (`id`, `delay`, `command`, `datalong`, `datalong2`, `datalong3`, `datalong4`, `target_param1`, `target_param2`, `target_type`, `data_flags`, `dataint`, `dataint2`, `dataint3`, `dataint4`, `x`, `y`, `z`, `o`, `condition_id`, `comments`) VALUES
(1065901, 0, 15, 13443, 0, 0, 0, 0, 0, 1, 0, 0, 0, 0, 0, 0, 0, 0, 0, 0, 'Cobalt Whelp - Cast Spell Rend'),
(1065902, 0, 15, 15089, 0, 0, 0, 0, 0, 1, 0, 0, 0, 0, 0, 0, 0, 0, 0, 0, 'Cobalt Whelp - Cast Spell Frost Shock');
INSERT INTO `creature_ai_events` (`id`, `creature_id`, `condition_id`, `event_type`, `event_inverse_phase_mask`, `event_chance`, `event_flags`, `event_param1`, `event_param2`, `event_param3`, `event_param4`, `action1_script`, `action2_script`, `action3_script`, `comment`) VALUES (1065901, 10659, 0, 0, 0, 100, 3, 3000, 3000, 15000, 20000, 1065901, 1065902, 0, 'Cobalt Whelp - Random Cast Rend or Frost Shock');

-- Events list for Scalding Elemental
UPDATE `creature_template` SET `ai_name`='EventAI', `script_name` = '' WHERE `entry` = 10756;
INSERT INTO `creature_ai_scripts` (`id`, `delay`, `command`, `datalong`, `datalong2`, `datalong3`, `datalong4`, `target_param1`, `target_param2`, `target_type`, `data_flags`, `dataint`, `dataint2`, `dataint3`, `dataint4`, `x`, `y`, `z`, `o`, `condition_id`, `comments`) VALUES
(1075601, 0, 15, 17276, 1, 0, 0, 0, 0, 4, 0, 0, 0, 0, 0, 0, 0, 0, 0, 0, 'Scalding Elemental - Cast Spell Scald');
INSERT INTO `creature_ai_events` (`id`, `creature_id`, `condition_id`, `event_type`, `event_inverse_phase_mask`, `event_chance`, `event_flags`, `event_param1`, `event_param2`, `event_param3`, `event_param4`, `action1_script`, `action2_script`, `action3_script`, `comment`) VALUES (1075601, 10756, 0, 9, 0, 100, 1, 0, 20, 15000, 18000, 1075601, 0, 0, 'Scalding Elemental - Cast Scald');

-- Events list for Boiling Elemental
UPDATE `creature_template` SET `ai_name`='EventAI', `script_name` = '' WHERE `entry` = 10757;
INSERT INTO `creature_ai_scripts` (`id`, `delay`, `command`, `datalong`, `datalong2`, `datalong3`, `datalong4`, `target_param1`, `target_param2`, `target_type`, `data_flags`, `dataint`, `dataint2`, `dataint3`, `dataint4`, `x`, `y`, `z`, `o`, `condition_id`, `comments`) VALUES
(1075701, 0, 15, 11983, 1, 0, 0, 0, 0, 0, 4, 0, 0, 0, 0, 0, 0, 0, 0, 0, 'Boiling Elemental - Cast Spell Steam Jet');
INSERT INTO `creature_ai_events` (`id`, `creature_id`, `condition_id`, `event_type`, `event_inverse_phase_mask`, `event_chance`, `event_flags`, `event_param1`, `event_param2`, `event_param3`, `event_param4`, `action1_script`, `action2_script`, `action3_script`, `comment`) VALUES (1075701, 10757, 0, 9, 0, 100, 1, 0, 5, 12000, 15000, 1075701, 0, 0, 'Boiling Elemental - Cast Steam Jet');

-- Events list for Brumeran
UPDATE `creature_template` SET `ai_name`='EventAI', `script_name` = '' WHERE `entry` = 10807;
INSERT INTO `creature_ai_scripts` (`id`, `delay`, `command`, `datalong`, `datalong2`, `datalong3`, `datalong4`, `target_param1`, `target_param2`, `target_type`, `data_flags`, `dataint`, `dataint2`, `dataint3`, `dataint4`, `x`, `y`, `z`, `o`, `condition_id`, `comments`) VALUES
(1080701, 0, 15, 8599, 1, 0, 0, 0, 0, 0, 4, 0, 0, 0, 0, 0, 0, 0, 0, 0, 'Brumeran - Cast Spell Enrage'),
(1080701, 0, 0, 0, 0, 0, 0, 0, 0, 0, 0, 10645, 0, 0, 0, 0, 0, 0, 0, 0, 'Brumeran - Say Text');
INSERT INTO `creature_ai_events` (`id`, `creature_id`, `condition_id`, `event_type`, `event_inverse_phase_mask`, `event_chance`, `event_flags`, `event_param1`, `event_param2`, `event_param3`, `event_param4`, `action1_script`, `action2_script`, `action3_script`, `comment`) VALUES (1080701, 10807, 0, 2, 0, 100, 1, 20, 0, 120000, 120000, 1080701, 0, 0, 'Brumeran - Cast Enrage at 20% HP');

-- Events list for Hakkari Shadowcaster
UPDATE `creature_template` SET `ai_name`='EventAI', `script_name` = '' WHERE `entry` = 11338;
INSERT INTO `creature_ai_scripts` (`id`, `delay`, `command`, `datalong`, `datalong2`, `datalong3`, `datalong4`, `target_param1`, `target_param2`, `target_type`, `data_flags`, `dataint`, `dataint2`, `dataint3`, `dataint4`, `x`, `y`, `z`, `o`, `condition_id`, `comments`) VALUES
(1133801, 0, 15, 22947, 0, 0, 0, 0, 0, 0, 0, 0, 0, 0, 0, 0, 0, 0, 0, 0, 'Hakkari Shadowcaster - Cast Spell Mana Burn');
INSERT INTO `creature_ai_events` (`id`, `creature_id`, `condition_id`, `event_type`, `event_inverse_phase_mask`, `event_chance`, `event_flags`, `event_param1`, `event_param2`, `event_param3`, `event_param4`, `action1_script`, `action2_script`, `action3_script`, `comment`) VALUES (1133801, 11338, 0, 8, 0, 75, 1, 0, 127, 5000, 8000, 1133801, 0, 0, 'Hakkari Shadowcaster - Cast Mana Burn on Spellhit');
INSERT INTO `creature_ai_scripts` (`id`, `delay`, `command`, `datalong`, `datalong2`, `datalong3`, `datalong4`, `target_param1`, `target_param2`, `target_type`, `data_flags`, `dataint`, `dataint2`, `dataint3`, `dataint4`, `x`, `y`, `z`, `o`, `condition_id`, `comments`) VALUES
(1133802, 0, 0, 0, 0, 0, 0, 0, 0, 0, 0, 10438, 10437, 10436, 10435, 0, 0, 0, 0, 0, 'Hakkari Shadowcaster - Say Text');
INSERT INTO `creature_ai_events` (`id`, `creature_id`, `condition_id`, `event_type`, `event_inverse_phase_mask`, `event_chance`, `event_flags`, `event_param1`, `event_param2`, `event_param3`, `event_param4`, `action1_script`, `action2_script`, `action3_script`, `comment`) VALUES (1133802, 11338, 0, 4, 0, 20, 0, 0, 0, 0, 0, 1133802, 0, 0, 'Hakkari Shadowcaster - Random Say on Aggro');

-- Events list for Hakkari Shadow Hunter
UPDATE `creature_template` SET `ai_name`='EventAI', `script_name` = '' WHERE `entry` = 11339;
INSERT INTO `creature_ai_scripts` (`id`, `delay`, `command`, `datalong`, `datalong2`, `datalong3`, `datalong4`, `target_param1`, `target_param2`, `target_type`, `data_flags`, `dataint`, `dataint2`, `dataint3`, `dataint4`, `x`, `y`, `z`, `o`, `condition_id`, `comments`) VALUES
(1133901, 0, 15, 22908, 0, 0, 0, 0, 0, 1, 0, 0, 0, 0, 0, 0, 0, 0, 0, 0, 'Hakkari Shadow Hunter - Cast Spell Volley');
INSERT INTO `creature_ai_events` (`id`, `creature_id`, `condition_id`, `event_type`, `event_inverse_phase_mask`, `event_chance`, `event_flags`, `event_param1`, `event_param2`, `event_param3`, `event_param4`, `action1_script`, `action2_script`, `action3_script`, `comment`) VALUES (1133901, 11339, 0, 9, 0, 100, 1, 5, 30, 65000, 85000, 1133901, 0, 0, 'Hakkari Shadow Hunter - Cast Volley');
INSERT INTO `creature_ai_scripts` (`id`, `delay`, `command`, `datalong`, `datalong2`, `datalong3`, `datalong4`, `target_param1`, `target_param2`, `target_type`, `data_flags`, `dataint`, `dataint2`, `dataint3`, `dataint4`, `x`, `y`, `z`, `o`, `condition_id`, `comments`) VALUES
(1133902, 0, 0, 0, 0, 0, 0, 0, 0, 0, 0, 10438, 10437, 10436, 10435, 0, 0, 0, 0, 0, 'Hakkari Shadow Hunter - Say Text');
INSERT INTO `creature_ai_events` (`id`, `creature_id`, `condition_id`, `event_type`, `event_inverse_phase_mask`, `event_chance`, `event_flags`, `event_param1`, `event_param2`, `event_param3`, `event_param4`, `action1_script`, `action2_script`, `action3_script`, `comment`) VALUES (1133902, 11339, 0, 4, 0, 20, 0, 0, 0, 0, 0, 1133902, 0, 0, 'Hakkari Shadow Hunter - Random Say on Aggro');

-- Events list for Hakkari Oracle
UPDATE `creature_template` SET `ai_name`='EventAI', `script_name` = '' WHERE `entry` = 11346;
INSERT INTO `creature_ai_scripts` (`id`, `delay`, `command`, `datalong`, `datalong2`, `datalong3`, `datalong4`, `target_param1`, `target_param2`, `target_type`, `data_flags`, `dataint`, `dataint2`, `dataint3`, `dataint4`, `x`, `y`, `z`, `o`, `condition_id`, `comments`) VALUES
(1134601, 0, 15, 15982, 0, 0, 0, 0, 0, 0, 0, 0, 0, 0, 0, 0, 0, 0, 0, 0, 'Hakkari Oracle - Cast Spell Healing Wave');
INSERT INTO `creature_ai_events` (`id`, `creature_id`, `condition_id`, `event_type`, `event_inverse_phase_mask`, `event_chance`, `event_flags`, `event_param1`, `event_param2`, `event_param3`, `event_param4`, `action1_script`, `action2_script`, `action3_script`, `comment`) VALUES (1134601, 11346, 0, 14, 0, 100, 1, 4500, 30, 15000, 25000, 1134601, 0, 0, 'Hakkari Oracle - Cast Healing Wave on friendly lost about 70% health');

-- Events list for Bloodseeker Bat
UPDATE `creature_template` SET `ai_name`='EventAI', `script_name` = '' WHERE `entry` = 11368;
DELETE FROM `creature_ai_events` WHERE `creature_id`=11368;
INSERT INTO `creature_ai_scripts` (`id`, `delay`, `command`, `datalong`, `datalong2`, `datalong3`, `datalong4`, `target_param1`, `target_param2`, `target_type`, `data_flags`, `dataint`, `dataint2`, `dataint3`, `dataint4`, `x`, `y`, `z`, `o`, `condition_id`, `comments`) VALUES
(1136801, 0, 15, 24023, 0, 0, 0, 0, 0, 1, 0, 0, 0, 0, 0, 0, 0, 0, 0, 0, 'Bloodseeker Bat - Cast Spell Charge');
INSERT INTO `creature_ai_events` (`id`, `creature_id`, `condition_id`, `event_type`, `event_inverse_phase_mask`, `event_chance`, `event_flags`, `event_param1`, `event_param2`, `event_param3`, `event_param4`, `action1_script`, `action2_script`, `action3_script`, `comment`) VALUES (1136801, 11368, 0, 4, 0, 100, 0, 0, 0, 0, 0, 1136801, 0, 0, 'Bloodseeker Bat - Cast Charge on Aggro');

-- Events list for Gurubashi Champion
UPDATE `creature_template` SET `ai_name`='EventAI', `script_name` = '' WHERE `entry` = 11356;
INSERT INTO `creature_ai_scripts` (`id`, `delay`, `command`, `datalong`, `datalong2`, `datalong3`, `datalong4`, `target_param1`, `target_param2`, `target_type`, `data_flags`, `dataint`, `dataint2`, `dataint3`, `dataint4`, `x`, `y`, `z`, `o`, `condition_id`, `comments`) VALUES
(1135601, 0, 0, 0, 0, 0, 0, 0, 0, 0, 0, 10435, 10434, 1908, 1909, 0, 0, 0, 0, 0, 'Gurubashi Champion - Say Text');
INSERT INTO `creature_ai_events` (`id`, `creature_id`, `condition_id`, `event_type`, `event_inverse_phase_mask`, `event_chance`, `event_flags`, `event_param1`, `event_param2`, `event_param3`, `event_param4`, `action1_script`, `action2_script`, `action3_script`, `comment`) VALUES (1135601, 11356, 0, 4, 0, 15, 0, 0, 0, 0, 0, 1135601, 0, 0, 'Gurubashi Champion - Say on Aggro');

-- Events list for High Priestess Hai'watna
UPDATE `creature_template` SET `ai_name`='EventAI', `script_name` = '' WHERE `entry` = 11383;
INSERT INTO `creature_ai_scripts` (`id`, `delay`, `command`, `datalong`, `datalong2`, `datalong3`, `datalong4`, `target_param1`, `target_param2`, `target_type`, `data_flags`, `dataint`, `dataint2`, `dataint3`, `dataint4`, `x`, `y`, `z`, `o`, `condition_id`, `comments`) VALUES
(1138301, 0, 15, 15982, 0, 0, 0, 0, 0, 0, 0, 0, 0, 0, 0, 0, 0, 0, 0, 0, 'High Priestess Hai\'watna - Cast Spell Healing Wave');
INSERT INTO `creature_ai_events` (`id`, `creature_id`, `condition_id`, `event_type`, `event_inverse_phase_mask`, `event_chance`, `event_flags`, `event_param1`, `event_param2`, `event_param3`, `event_param4`, `action1_script`, `action2_script`, `action3_script`, `comment`) VALUES (1138301, 11383, 0, 14, 0, 100, 1, 1000, 40, 10000, 20000, 1138301, 0, 0, 'High Priestess Hai\'watna - Cast Healing Wave on Friendly Missing HP');

-- Events list for Witherbark Speaker
UPDATE `creature_template` SET `ai_name`='EventAI', `script_name` = '' WHERE `entry` = 11388;
INSERT INTO `creature_ai_scripts` (`id`, `delay`, `command`, `datalong`, `datalong2`, `datalong3`, `datalong4`, `target_param1`, `target_param2`, `target_type`, `data_flags`, `dataint`, `dataint2`, `dataint3`, `dataint4`, `x`, `y`, `z`, `o`, `condition_id`, `comments`) VALUES
(1138801, 0, 15, 12492, 0, 0, 0, 0, 0, 0, 4, 0, 0, 0, 0, 0, 0, 0, 0, 0, 'Witherbark Speaker - Cast Spell Healing Wave');
INSERT INTO `creature_ai_events` (`id`, `creature_id`, `condition_id`, `event_type`, `event_inverse_phase_mask`, `event_chance`, `event_flags`, `event_param1`, `event_param2`, `event_param3`, `event_param4`, `action1_script`, `action2_script`, `action3_script`, `comment`) VALUES (1138801, 11388, 0, 2, 0, 100, 1, 50, 0, 15000, 20000, 1138801, 0, 0, 'Witherbark Speaker - Cast Healing Wave at 50% HP');

-- Events list for Hive'Zora Wasp
UPDATE `creature_template` SET `ai_name`='EventAI', `script_name` = '' WHERE `entry` = 11727;
INSERT INTO `creature_ai_scripts` (`id`, `delay`, `command`, `datalong`, `datalong2`, `datalong3`, `datalong4`, `target_param1`, `target_param2`, `target_type`, `data_flags`, `dataint`, `dataint2`, `dataint3`, `dataint4`, `x`, `y`, `z`, `o`, `condition_id`, `comments`) VALUES
(1172701, 0, 44, 1, 1, 0, 0, 0, 0, 0, 0, 0, 0, 0, 0, 0, 0, 0, 0, 0, 'Hive\'Zora Wasp - Increment Phase');
INSERT INTO `creature_ai_events` (`id`, `creature_id`, `condition_id`, `event_type`, `event_inverse_phase_mask`, `event_chance`, `event_flags`, `event_param1`, `event_param2`, `event_param3`, `event_param4`, `action1_script`, `action2_script`, `action3_script`, `comment`) VALUES (1172701, 11727, 0, 4, 0, 100, 0, 0, 0, 0, 0, 1172701, 0, 0, 'Hive\'Zora Wasp - Set Phase 1 on Aggro');
INSERT INTO `creature_ai_scripts` (`id`, `delay`, `command`, `datalong`, `datalong2`, `datalong3`, `datalong4`, `target_param1`, `target_param2`, `target_type`, `data_flags`, `dataint`, `dataint2`, `dataint3`, `dataint4`, `x`, `y`, `z`, `o`, `condition_id`, `comments`) VALUES
(1172702, 0, 15, 19448, 0, 0, 0, 0, 0, 1, 0, 0, 0, 0, 0, 0, 0, 0, 0, 0, 'Hive\'Zora Wasp - Cast Spell Poison');
INSERT INTO `creature_ai_events` (`id`, `creature_id`, `condition_id`, `event_type`, `event_inverse_phase_mask`, `event_chance`, `event_flags`, `event_param1`, `event_param2`, `event_param3`, `event_param4`, `action1_script`, `action2_script`, `action3_script`, `comment`) VALUES (1172702, 11727, 0, 9, 5, 100, 1, 0, 5, 7000, 11000, 1172702, 0, 0, 'Hive\'Zora Wasp - Cast Poison (Phase 1)');
INSERT INTO `creature_ai_scripts` (`id`, `delay`, `command`, `datalong`, `datalong2`, `datalong3`, `datalong4`, `target_param1`, `target_param2`, `target_type`, `data_flags`, `dataint`, `dataint2`, `dataint3`, `dataint4`, `x`, `y`, `z`, `o`, `condition_id`, `comments`) VALUES
(1172703, 0, 44, 2, 1, 0, 0, 0, 0, 0, 0, 0, 0, 0, 0, 0, 0, 0, 0, 0, 'Hive\'Zora Wasp - Increment Phase');
INSERT INTO `creature_ai_events` (`id`, `creature_id`, `condition_id`, `event_type`, `event_inverse_phase_mask`, `event_chance`, `event_flags`, `event_param1`, `event_param2`, `event_param3`, `event_param4`, `action1_script`, `action2_script`, `action3_script`, `comment`) VALUES (1172703, 11727, 0, 24, 5, 100, 1, 19448, 10, 5000, 5000, 1172703, 0, 0, 'Hive\'Zora Wasp - Set Phase 2 on Target Max Poison Aura Stack (Phase 1)');
INSERT INTO `creature_ai_scripts` (`id`, `delay`, `command`, `datalong`, `datalong2`, `datalong3`, `datalong4`, `target_param1`, `target_param2`, `target_type`, `data_flags`, `dataint`, `dataint2`, `dataint3`, `dataint4`, `x`, `y`, `z`, `o`, `condition_id`, `comments`) VALUES
(1172704, 0, 44, 1, 1, 0, 0, 0, 0, 0, 0, 0, 0, 0, 0, 0, 0, 0, 0, 0, 'Hive\'Zora Wasp - Increment Phase');
INSERT INTO `creature_ai_events` (`id`, `creature_id`, `condition_id`, `event_type`, `event_inverse_phase_mask`, `event_chance`, `event_flags`, `event_param1`, `event_param2`, `event_param3`, `event_param4`, `action1_script`, `action2_script`, `action3_script`, `comment`) VALUES (1172704, 11727, 0, 28, 3, 100, 1, 19448, 1, 5000, 5000, 1172704, 0, 0, 'Hive\'Zora Wasp - Set Phase 1 on Target Missing Poison Aura Stack (Phase 2)');
INSERT INTO `creature_ai_scripts` (`id`, `delay`, `command`, `datalong`, `datalong2`, `datalong3`, `datalong4`, `target_param1`, `target_param2`, `target_type`, `data_flags`, `dataint`, `dataint2`, `dataint3`, `dataint4`, `x`, `y`, `z`, `o`, `condition_id`, `comments`) VALUES
(1172705, 0, 44, 0, 2, 0, 0, 0, 0, 0, 0, 0, 0, 0, 0, 0, 0, 0, 0, 0, 'Hive\'Zora Wasp - Decrement Phase');
INSERT INTO `creature_ai_events` (`id`, `creature_id`, `condition_id`, `event_type`, `event_inverse_phase_mask`, `event_chance`, `event_flags`, `event_param1`, `event_param2`, `event_param3`, `event_param4`, `action1_script`, `action2_script`, `action3_script`, `comment`) VALUES (1172705, 11727, 0, 7, 0, 100, 0, 0, 0, 0, 0, 1172705, 0, 0, 'Hive\'Zora Wasp - Set Phase to 0 on Evade');

-- Events list for Scalebeard
UPDATE `creature_template` SET `ai_name`='EventAI', `script_name` = '' WHERE `entry` = 13896;
INSERT INTO `creature_ai_scripts` (`id`, `delay`, `command`, `datalong`, `datalong2`, `datalong3`, `datalong4`, `target_param1`, `target_param2`, `target_type`, `data_flags`, `dataint`, `dataint2`, `dataint3`, `dataint4`, `x`, `y`, `z`, `o`, `condition_id`, `comments`) VALUES
(1389601, 0, 15, 7938, 0, 0, 0, 0, 0, 1, 0, 0, 0, 0, 0, 0, 0, 0, 0, 0, 'Scalebeard - Cast Spell Fatal Bite');
INSERT INTO `creature_ai_events` (`id`, `creature_id`, `condition_id`, `event_type`, `event_inverse_phase_mask`, `event_chance`, `event_flags`, `event_param1`, `event_param2`, `event_param3`, `event_param4`, `action1_script`, `action2_script`, `action3_script`, `comment`) VALUES (1389601, 13896, 0, 12, 0, 100, 1, 20, 0, 10000, 14000, 1389601, 0, 0, 'Scalebeard - Cast Fatal Bite at Target 20% HP');

-- Events list for The Ongar
UPDATE `creature_template` SET `ai_name`='EventAI', `script_name` = '' WHERE `entry` = 14345;
INSERT INTO `creature_ai_scripts` (`id`, `delay`, `command`, `datalong`, `datalong2`, `datalong3`, `datalong4`, `target_param1`, `target_param2`, `target_type`, `data_flags`, `dataint`, `dataint2`, `dataint3`, `dataint4`, `x`, `y`, `z`, `o`, `condition_id`, `comments`) VALUES
(1434501, 0, 15, 3335, 0, 0, 0, 0, 0, 1, 0, 0, 0, 0, 0, 0, 0, 0, 0, 0, 'The Ongar - Cast Spell Dark Sludge');
INSERT INTO `creature_ai_events` (`id`, `creature_id`, `condition_id`, `event_type`, `event_inverse_phase_mask`, `event_chance`, `event_flags`, `event_param1`, `event_param2`, `event_param3`, `event_param4`, `action1_script`, `action2_script`, `action3_script`, `comment`) VALUES (1434501, 14345, 0, 9, 0, 100, 1, 0, 5, 180000, 180000, 1434501, 0, 0, 'The Ongar - Cast Dark Sludge');

-- Events list for Huntress Skymane
UPDATE `creature_template` SET `ai_name`='EventAI', `script_name` = '' WHERE `entry` = 14378;
INSERT INTO `creature_ai_scripts` (`id`, `delay`, `command`, `datalong`, `datalong2`, `datalong3`, `datalong4`, `target_param1`, `target_param2`, `target_type`, `data_flags`, `dataint`, `dataint2`, `dataint3`, `dataint4`, `x`, `y`, `z`, `o`, `condition_id`, `comments`) VALUES
(1437801, 0, 15, 15572, 0, 0, 0, 0, 0, 1, 0, 0, 0, 0, 0, 0, 0, 0, 0, 0, 'Huntress Skymane - Cast Spell Sunder Armor');
INSERT INTO `creature_ai_events` (`id`, `creature_id`, `condition_id`, `event_type`, `event_inverse_phase_mask`, `event_chance`, `event_flags`, `event_param1`, `event_param2`, `event_param3`, `event_param4`, `action1_script`, `action2_script`, `action3_script`, `comment`) VALUES (1437801, 14378, 0, 28, 0, 100, 1, 15572, 5, 5000, 9000, 1437801, 0, 0, 'Huntress Skymane - Cast Sunder Armor on Target Missing Sunder Armor Aura Stack');

-- Events list for Huntress Ravenoak
UPDATE `creature_template` SET `ai_name`='EventAI', `script_name` = '' WHERE `entry` = 14379;
INSERT INTO `creature_ai_scripts` (`id`, `delay`, `command`, `datalong`, `datalong2`, `datalong3`, `datalong4`, `target_param1`, `target_param2`, `target_type`, `data_flags`, `dataint`, `dataint2`, `dataint3`, `dataint4`, `x`, `y`, `z`, `o`, `condition_id`, `comments`) VALUES
(1437901, 0, 15, 15572, 0, 0, 0, 0, 0, 1, 0, 0, 0, 0, 0, 0, 0, 0, 0, 0, 'Huntress Ravenoak - Cast Spell Sunder Armor');
INSERT INTO `creature_ai_events` (`id`, `creature_id`, `condition_id`, `event_type`, `event_inverse_phase_mask`, `event_chance`, `event_flags`, `event_param1`, `event_param2`, `event_param3`, `event_param4`, `action1_script`, `action2_script`, `action3_script`, `comment`) VALUES (1437901, 14379, 0, 28, 0, 100, 1, 15572, 5, 5000, 9000, 1437901, 0, 0, 'Huntress Ravenoak - Cast Sunder Armor on Target Missing Sunder Armor Aura Stack');

-- Events list for Huntress Leafrunner
UPDATE `creature_template` SET `ai_name`='EventAI', `script_name` = '' WHERE `entry` = 14380;
INSERT INTO `creature_ai_scripts` (`id`, `delay`, `command`, `datalong`, `datalong2`, `datalong3`, `datalong4`, `target_param1`, `target_param2`, `target_type`, `data_flags`, `dataint`, `dataint2`, `dataint3`, `dataint4`, `x`, `y`, `z`, `o`, `condition_id`, `comments`) VALUES
(1438001, 0, 15, 15572, 0, 0, 0, 0, 0, 1, 0, 0, 0, 0, 0, 0, 0, 0, 0, 0, 'Huntress Leafrunner - Cast Spell Sunder Armor');
INSERT INTO `creature_ai_events` (`id`, `creature_id`, `condition_id`, `event_type`, `event_inverse_phase_mask`, `event_chance`, `event_flags`, `event_param1`, `event_param2`, `event_param3`, `event_param4`, `action1_script`, `action2_script`, `action3_script`, `comment`) VALUES (1438001, 14380, 0, 28, 0, 100, 1, 15572, 5, 5000, 9000, 1438001, 0, 0, 'Huntress Leafrunner - Cast Sunder Armor on Target Missing Sunder Armor Aura Stack');

-- Events list for Harb Foulmountain
UPDATE `creature_template` SET `ai_name`='EventAI', `script_name` = '' WHERE `entry` = 14426;
INSERT INTO `creature_ai_scripts` (`id`, `delay`, `command`, `datalong`, `datalong2`, `datalong3`, `datalong4`, `target_param1`, `target_param2`, `target_type`, `data_flags`, `dataint`, `dataint2`, `dataint3`, `dataint4`, `x`, `y`, `z`, `o`, `condition_id`, `comments`) VALUES
(1442601, 0, 47, 0, 0, 0, 0, 0, 0, 0, 0, 0, 0, 0, 0, 0, 0, 0, 0, 0, 'Harb Foulmountain - Flee');
INSERT INTO `creature_ai_events` (`id`, `creature_id`, `condition_id`, `event_type`, `event_inverse_phase_mask`, `event_chance`, `event_flags`, `event_param1`, `event_param2`, `event_param3`, `event_param4`, `action1_script`, `action2_script`, `action3_script`, `comment`) VALUES (1442601, 14426, 0, 2, 0, 100, 0, 15, 0, 0, 0, 1442601, 0, 0, 'Harb Foulmountain - Flee at 15% HP');

-- Events list for Gibblesnik
UPDATE `creature_template` SET `ai_name`='EventAI', `script_name` = '' WHERE `entry` = 14427;
INSERT INTO `creature_ai_scripts` (`id`, `delay`, `command`, `datalong`, `datalong2`, `datalong3`, `datalong4`, `target_param1`, `target_param2`, `target_type`, `data_flags`, `dataint`, `dataint2`, `dataint3`, `dataint4`, `x`, `y`, `z`, `o`, `condition_id`, `comments`) VALUES
(1442701, 0, 15, 11971, 0, 0, 0, 0, 0, 1, 0, 0, 0, 0, 0, 0, 0, 0, 0, 0, 'Gibblesnik - Cast Spell Sunder Armor');
INSERT INTO `creature_ai_events` (`id`, `creature_id`, `condition_id`, `event_type`, `event_inverse_phase_mask`, `event_chance`, `event_flags`, `event_param1`, `event_param2`, `event_param3`, `event_param4`, `action1_script`, `action2_script`, `action3_script`, `comment`) VALUES (1442701, 14427, 0, 28, 0, 100, 1, 11971, 5, 5000, 9000, 1442701, 0, 0, 'Gibblesnik - Cast Sunder Armor on Target Missing Sunder Armor Aura Stack');

-- Events list for Krellack
UPDATE `creature_template` SET `ai_name`='EventAI', `script_name` = '' WHERE `entry` = 14476;
INSERT INTO `creature_ai_scripts` (`id`, `delay`, `command`, `datalong`, `datalong2`, `datalong3`, `datalong4`, `target_param1`, `target_param2`, `target_type`, `data_flags`, `dataint`, `dataint2`, `dataint3`, `dataint4`, `x`, `y`, `z`, `o`, `condition_id`, `comments`) VALUES
(1447601, 0, 15, 17170, 0, 0, 0, 0, 0, 1, 0, 0, 0, 0, 0, 0, 0, 0, 0, 0, 'Krellack - Cast Spell Fatal Sting');
INSERT INTO `creature_ai_events` (`id`, `creature_id`, `condition_id`, `event_type`, `event_inverse_phase_mask`, `event_chance`, `event_flags`, `event_param1`, `event_param2`, `event_param3`, `event_param4`, `action1_script`, `action2_script`, `action3_script`, `comment`) VALUES (1447601, 14476, 0, 2, 0, 100, 0, 15, 0, 0, 0, 1447601, 0, 0, 'Krellack - Cast Fatal Sting at 15% HP');

-- Events list for Kurmokk
UPDATE `creature_template` SET `ai_name`='EventAI', `script_name` = '' WHERE `entry` = 14491;
INSERT INTO `creature_ai_scripts` (`id`, `delay`, `command`, `datalong`, `datalong2`, `datalong3`, `datalong4`, `target_param1`, `target_param2`, `target_type`, `data_flags`, `dataint`, `dataint2`, `dataint3`, `dataint4`, `x`, `y`, `z`, `o`, `condition_id`, `comments`) VALUES
(1449101, 0, 15, 8599, 0, 0, 0, 0, 0, 0, 4, 0, 0, 0, 0, 0, 0, 0, 0, 0, 'Kurmokk - Cast Spell Enrage'),
(1449101, 0, 0, 0, 0, 0, 0, 0, 0, 0, 0, 7798, 0, 0, 0, 0, 0, 0, 0, 0, 'Kurmokk - Say Text');
INSERT INTO `creature_ai_events` (`id`, `creature_id`, `condition_id`, `event_type`, `event_inverse_phase_mask`, `event_chance`, `event_flags`, `event_param1`, `event_param2`, `event_param3`, `event_param4`, `action1_script`, `action2_script`, `action3_script`, `comment`) VALUES (1449101, 14491, 0, 2, 0, 100, 1, 20, 0, 180000, 180000, 1449101, 0, 0, 'Kurmokk - Cast Enrage at 20% HP');

-- Events list for Razzashi Raptor
UPDATE `creature_template` SET `ai_name`='EventAI', `script_name` = '' WHERE `entry` = 14821;
INSERT INTO `creature_ai_scripts` (`id`, `delay`, `command`, `datalong`, `datalong2`, `datalong3`, `datalong4`, `target_param1`, `target_param2`, `target_type`, `data_flags`, `dataint`, `dataint2`, `dataint3`, `dataint4`, `x`, `y`, `z`, `o`, `condition_id`, `comments`) VALUES
(1482101, 0, 15, 8599, 1, 0, 0, 0, 0, 0, 4, 0, 0, 0, 0, 0, 0, 0, 0, 0, 'Razzashi Raptor - Cast Spell Enrage'),
(1482101, 0, 0, 0, 0, 0, 0, 0, 0, 0, 0, 7798, 0, 0, 0, 0, 0, 0, 0, 0, 'Razzashi Raptor - Say Text');
INSERT INTO `creature_ai_events` (`id`, `creature_id`, `condition_id`, `event_type`, `event_inverse_phase_mask`, `event_chance`, `event_flags`, `event_param1`, `event_param2`, `event_param3`, `event_param4`, `action1_script`, `action2_script`, `action3_script`, `comment`) VALUES (1482101, 14821, 0, 2, 0, 100, 0, 30, 0, 0, 0, 1482101, 0, 0, 'Razzashi Raptor - Cast Enrage at 30% HP');

-- Add passive aura for Twilight Flamereaver
UPDATE `creature_template` SET `ai_name`='', `script_name` = '', `auras`='15733' WHERE `entry` = 15201;

-- Events list for Twilight Marauder
UPDATE `creature_template` SET `ai_name`='EventAI', `script_name` = '' WHERE `entry` = 15542;
INSERT INTO `creature_ai_events` (`id`, `creature_id`, `condition_id`, `event_type`, `event_inverse_phase_mask`, `event_chance`, `event_flags`, `event_param1`, `event_param2`, `event_param3`, `event_param4`, `action1_script`, `action2_script`, `action3_script`, `comment`) VALUES (1554201, 15542, 0, 2, 0, 100, 0, 20, 0, 0, 0, 1554201, 0, 0, 'Twilight Marauder - Cast Enrage at 20% HP');
INSERT INTO `creature_ai_scripts` (`id`, `delay`, `command`, `datalong`, `datalong2`, `datalong3`, `datalong4`, `target_param1`, `target_param2`, `target_type`, `data_flags`, `dataint`, `dataint2`, `dataint3`, `dataint4`, `x`, `y`, `z`, `o`, `condition_id`, `comments`) VALUES (1554201, 0, 0, 0, 0, 0, 0, 0, 0, 0, 0, 10645, 0, 0, 0, 0, 0, 0, 0, 0, 'Twilight Marauder - Say Text');
INSERT INTO `creature_ai_scripts` (`id`, `delay`, `command`, `datalong`, `datalong2`, `datalong3`, `datalong4`, `target_param1`, `target_param2`, `target_type`, `data_flags`, `dataint`, `dataint2`, `dataint3`, `dataint4`, `x`, `y`, `z`, `o`, `condition_id`, `comments`) VALUES (1554201, 0, 15, 8599, 1, 0, 0, 0, 0, 0, 4, 0, 0, 0, 0, 0, 0, 0, 0, 0, 'Twilight Marauder - Cast Spell Enrage');

-- Events list for Tiny Snowman
UPDATE `creature_template` SET `ai_name`='EventAI', `script_name` = '' WHERE `entry` = 15710;
INSERT INTO `creature_ai_scripts` (`id`, `delay`, `command`, `datalong`, `datalong2`, `datalong3`, `datalong4`, `target_param1`, `target_param2`, `target_type`, `data_flags`, `dataint`, `dataint2`, `dataint3`, `dataint4`, `x`, `y`, `z`, `o`, `condition_id`, `comments`) VALUES
(1571001, 0, 1, 94, 0, 0, 0, 0, 0, 0, 0, 0, 0, 0, 0, 0, 0, 0, 0, 0, 'Tiny Snowman - Emote');
INSERT INTO `creature_ai_events` (`id`, `creature_id`, `condition_id`, `event_type`, `event_inverse_phase_mask`, `event_chance`, `event_flags`, `event_param1`, `event_param2`, `event_param3`, `event_param4`, `action1_script`, `action2_script`, `action3_script`, `comment`) VALUES (1571001, 15710, 0, 22, 0, 100, 1, 34, 0, 0, 0, 1571001, 0, 0, 'Tiny Snowman - Dance on receive dance emote');
INSERT INTO `creature_ai_scripts` (`id`, `delay`, `command`, `datalong`, `datalong2`, `datalong3`, `datalong4`, `target_param1`, `target_param2`, `target_type`, `data_flags`, `dataint`, `dataint2`, `dataint3`, `dataint4`, `x`, `y`, `z`, `o`, `condition_id`, `comments`) VALUES
(1571002, 0, 1, 3, 0, 0, 0, 0, 0, 0, 0, 0, 0, 0, 0, 0, 0, 0, 0, 0, 'Tiny Snowman - Emote');
INSERT INTO `creature_ai_events` (`id`, `creature_id`, `condition_id`, `event_type`, `event_inverse_phase_mask`, `event_chance`, `event_flags`, `event_param1`, `event_param2`, `event_param3`, `event_param4`, `action1_script`, `action2_script`, `action3_script`, `comment`) VALUES (1571002, 15710, 0, 22, 0, 100, 1, 101, 0, 0, 0, 1571002, 0, 0, 'Tiny Snowman - Wave on receive wave emote');
INSERT INTO `creature_ai_scripts` (`id`, `delay`, `command`, `datalong`, `datalong2`, `datalong3`, `datalong4`, `target_param1`, `target_param2`, `target_type`, `data_flags`, `dataint`, `dataint2`, `dataint3`, `dataint4`, `x`, `y`, `z`, `o`, `condition_id`, `comments`) VALUES
(1571003, 0, 1, 1, 0, 0, 0, 0, 0, 0, 0, 0, 0, 0, 0, 0, 0, 0, 0, 0, 'Tiny Snowman - Emote');
INSERT INTO `creature_ai_events` (`id`, `creature_id`, `condition_id`, `event_type`, `event_inverse_phase_mask`, `event_chance`, `event_flags`, `event_param1`, `event_param2`, `event_param3`, `event_param4`, `action1_script`, `action2_script`, `action3_script`, `comment`) VALUES (1571003, 15710, 0, 22, 0, 100, 1, 93, 0, 0, 0, 1571003, 0, 0, 'Tiny Snowman - Talk on receive talk emote');
INSERT INTO `creature_ai_scripts` (`id`, `delay`, `command`, `datalong`, `datalong2`, `datalong3`, `datalong4`, `target_param1`, `target_param2`, `target_type`, `data_flags`, `dataint`, `dataint2`, `dataint3`, `dataint4`, `x`, `y`, `z`, `o`, `condition_id`, `comments`) VALUES
(1571004, 0, 1, 5, 0, 0, 0, 0, 0, 0, 0, 0, 0, 0, 0, 0, 0, 0, 0, 0, 'Tiny Snowman - Emote');
INSERT INTO `creature_ai_events` (`id`, `creature_id`, `condition_id`, `event_type`, `event_inverse_phase_mask`, `event_chance`, `event_flags`, `event_param1`, `event_param2`, `event_param3`, `event_param4`, `action1_script`, `action2_script`, `action3_script`, `comment`) VALUES (1571004, 15710, 0, 22, 0, 100, 1, 94, 0, 0, 0, 1571004, 0, 0, 'Tiny Snowman - Talk Exclamation on receive talkex emote');

-- Events list for Horde Silithyst Sentinel
UPDATE `creature_template` SET `ai_name`='EventAI', `script_name` = '' WHERE `entry` = 17766;
INSERT INTO `creature_ai_scripts` (`id`, `delay`, `command`, `datalong`, `datalong2`, `datalong3`, `datalong4`, `target_param1`, `target_param2`, `target_type`, `data_flags`, `dataint`, `dataint2`, `dataint3`, `dataint4`, `x`, `y`, `z`, `o`, `condition_id`, `comments`) VALUES
(1776601, 0, 15, 18396, 0, 0, 0, 0, 0, 1, 0, 0, 0, 0, 0, 0, 0, 0, 0, 0, 'Horde Silithyst Sentinel - Cast Spell Dismounting Blast');
INSERT INTO `creature_ai_events` (`id`, `creature_id`, `condition_id`, `event_type`, `event_inverse_phase_mask`, `event_chance`, `event_flags`, `event_param1`, `event_param2`, `event_param3`, `event_param4`, `action1_script`, `action2_script`, `action3_script`, `comment`) VALUES (1776601, 17766, 0, 4, 0, 100, 0, 0, 30, 0, 0, 1776601, 0, 0, 'Horde Silithyst Sentinel - Cast Dismounting Blast on Aggro');


-- Add Spell Lists
UPDATE `creature_template` SET `script_name` = '' WHERE `entry` IN (667, 1772, 1773, 1940, 1942, 1674, 677, 679, 680, 702, 709, 710, 723, 730, 781, 782, 818, 5399, 875, 877, 879, 978, 1060, 1094, 2534, 2541, 2635, 2749, 3101, 3280, 3382, 3384, 4249, 4723, 4803, 4807, 5256, 5345, 5401, 5851, 5934, 6231, 6494, 7235, 7404, 7433, 7435, 7436, 7437, 7439, 7442, 7448, 7449, 7451, 7453, 7457, 7458, 7460, 7523, 7524, 7895, 8889, 8891, 8897, 8898, 8899, 8900, 8909, 8910, 8912, 8914, 8922, 9596, 9956, 10043, 10196, 10197, 10198, 10201, 10660, 10661, 10684, 10738, 10806, 10807, 11338, 11339, 11346, 11356, 11365, 11371, 11374, 11383, 11388, 11552, 11722, 11729, 11730, 11732, 11734, 11735, 11736, 11737, 11738, 11740, 11741, 11745, 11803, 12458, 12474, 14339, 14378, 14379, 14380, 14426, 14429, 14471, 14472, 14474, 14475, 14477, 14478, 14479, 14488, 14492, 14532, 14821, 15043, 15043, 15068, 15541, 15542, 15685, 17766);

-- Spell list for Bloodscalp Headhunter
UPDATE `creature_template` SET `spell_list_id`=6710 WHERE `entry`=671;
INSERT INTO `creature_spells` (`entry`, `name`, `spellId_1`, `probability_1`, `castTarget_1`, `targetParam1_1`, `targetParam2_1`, `castFlags_1`, `delayInitialMin_1`, `delayInitialMax_1`, `delayRepeatMin_1`, `delayRepeatMax_1`, `scriptId_1`, `spellId_2`, `probability_2`, `castTarget_2`, `targetParam1_2`, `targetParam2_2`, `castFlags_2`, `delayInitialMin_2`, `delayInitialMax_2`, `delayRepeatMin_2`, `delayRepeatMax_2`, `scriptId_2`, `spellId_3`, `probability_3`, `castTarget_3`, `targetParam1_3`, `targetParam2_3`, `castFlags_3`, `delayInitialMin_3`, `delayInitialMax_3`, `delayRepeatMin_3`, `delayRepeatMax_3`, `scriptId_3`, `spellId_4`, `probability_4`, `castTarget_4`, `targetParam1_4`, `targetParam2_4`, `castFlags_4`, `delayInitialMin_4`, `delayInitialMax_4`, `delayRepeatMin_4`, `delayRepeatMax_4`, `scriptId_4`, `spellId_5`, `probability_5`, `castTarget_5`, `targetParam1_5`, `targetParam2_5`, `castFlags_5`, `delayInitialMin_5`, `delayInitialMax_5`, `delayRepeatMin_5`, `delayRepeatMax_5`, `scriptId_5`, `spellId_6`, `probability_6`, `castTarget_6`, `targetParam1_6`, `targetParam2_6`, `castFlags_6`, `delayInitialMin_6`, `delayInitialMax_6`, `delayRepeatMin_6`, `delayRepeatMax_6`, `scriptId_6`, `spellId_7`, `probability_7`, `castTarget_7`, `targetParam1_7`, `targetParam2_7`, `castFlags_7`, `delayInitialMin_7`, `delayInitialMax_7`, `delayRepeatMin_7`, `delayRepeatMax_7`, `scriptId_7`, `spellId_8`, `probability_8`, `castTarget_8`, `targetParam1_8`, `targetParam2_8`, `castFlags_8`, `delayInitialMin_8`, `delayInitialMax_8`, `delayRepeatMin_8`, `delayRepeatMax_8`, `scriptId_8`) VALUES (6710, 'Stranglethorn Vale - Bloodscalp Headhunter', 10277, 100, 1, 0, 0, 8, 0, 0, 2, 3, 0, 0, 100, 1, 0, 0, 0, 0, 0, 0, 0, 0, 0, 100, 1, 0, 0, 0, 0, 0, 0, 0, 0, 0, 100, 1, 0, 0, 0, 0, 0, 0, 0, 0, 0, 100, 1, 0, 0, 0, 0, 0, 0, 0, 0, 0, 100, 1, 0, 0, 0, 0, 0, 0, 0, 0, 0, 100, 1, 0, 0, 0, 0, 0, 0, 0, 0, 0, 100, 1, 0, 0, 0, 0, 0, 0, 0, 0);

-- Spell list for Skullsplitter Warrior
UPDATE `creature_template` SET `spell_list_id`=6670 WHERE `entry`=667;
INSERT INTO `creature_spells` (`entry`, `name`, `spellId_1`, `probability_1`, `castTarget_1`, `targetParam1_1`, `targetParam2_1`, `castFlags_1`, `delayInitialMin_1`, `delayInitialMax_1`, `delayRepeatMin_1`, `delayRepeatMax_1`, `spellId_2`, `probability_2`, `castTarget_2`, `targetParam1_2`, `targetParam2_2`, `castFlags_2`, `delayInitialMin_2`, `delayInitialMax_2`, `delayRepeatMin_2`, `delayRepeatMax_2`) VALUES (6670, 'Stranglethorn Vale - Skullsplitter Warrior', 11972, 100, 1, 0, 0, 257, 0, 0, 15, 20, 3148, 100, 1, 0, 0, 32, 5, 7, 23, 26);

-- Spell list for Rot Hide Gladerunner
UPDATE `creature_template` SET `spell_list_id`=17720 WHERE `entry`=1772;
INSERT INTO `creature_spells` (`entry`, `name`, `spellId_1`, `probability_1`, `castTarget_1`, `targetParam1_1`, `targetParam2_1`, `castFlags_1`, `delayInitialMin_1`, `delayInitialMax_1`, `delayRepeatMin_1`, `delayRepeatMax_1`) VALUES (17720, 'Silverpine Forest - Rot Hide Gladerunner', 3237, 100, 1, 0, 0, 32, 21, 34, 10, 45);

-- Spell list for Rot Hide Gnoll
UPDATE `creature_template` SET `spell_list_id`=16740 WHERE `entry`=1674;
INSERT INTO `creature_spells` (`entry`, `name`, `spellId_1`, `probability_1`, `castTarget_1`, `targetParam1_1`, `targetParam2_1`, `castFlags_1`, `delayInitialMin_1`, `delayInitialMax_1`, `delayRepeatMin_1`, `delayRepeatMax_1`) VALUES (16740, 'Tirisfal Glades - Rot Hide Gnoll', 3237, 100, 1, 0, 0, 32, 7, 21, 30, 45);

-- Spell list for Venture Co. Tinkerer
UPDATE `creature_template` SET `spell_list_id`=6770 WHERE `entry`=677;
INSERT INTO `creature_spells` (`entry`, `name`, `spellId_1`, `probability_1`, `castTarget_1`, `targetParam1_1`, `targetParam2_1`, `castFlags_1`, `delayInitialMin_1`, `delayInitialMax_1`, `delayRepeatMin_1`, `delayRepeatMax_1`) VALUES (6770, 'Stranglethorn Vale - Venture Co. Tinkerer', 7979, 100, 0, 0, 0, 0, 5, 9, 70, 85);

-- Spell list for Mosh'Ogg Shaman
UPDATE `creature_template` SET `spell_list_id`=6790 WHERE `entry`=679;
INSERT INTO `creature_spells` (`entry`, `name`, `spellId_1`, `probability_1`, `castTarget_1`, `targetParam1_1`, `targetParam2_1`, `castFlags_1`, `delayInitialMin_1`, `delayInitialMax_1`, `delayRepeatMin_1`, `delayRepeatMax_1`, `scriptId_1`, `spellId_2`, `probability_2`, `castTarget_2`, `targetParam1_2`, `targetParam2_2`, `castFlags_2`, `delayInitialMin_2`, `delayInitialMax_2`, `delayRepeatMin_2`, `delayRepeatMax_2`, `scriptId_2`, `spellId_3`, `probability_3`, `castTarget_3`, `targetParam1_3`, `targetParam2_3`, `castFlags_3`, `delayInitialMin_3`, `delayInitialMax_3`, `delayRepeatMin_3`, `delayRepeatMax_3`, `scriptId_3`, `spellId_4`, `probability_4`, `castTarget_4`, `targetParam1_4`, `targetParam2_4`, `castFlags_4`, `delayInitialMin_4`, `delayInitialMax_4`, `delayRepeatMin_4`, `delayRepeatMax_4`, `scriptId_4`, `spellId_5`, `probability_5`, `castTarget_5`, `targetParam1_5`, `targetParam2_5`, `castFlags_5`, `delayInitialMin_5`, `delayInitialMax_5`, `delayRepeatMin_5`, `delayRepeatMax_5`, `scriptId_5`, `spellId_6`, `probability_6`, `castTarget_6`, `targetParam1_6`, `targetParam2_6`, `castFlags_6`, `delayInitialMin_6`, `delayInitialMax_6`, `delayRepeatMin_6`, `delayRepeatMax_6`, `scriptId_6`, `spellId_7`, `probability_7`, `castTarget_7`, `targetParam1_7`, `targetParam2_7`, `castFlags_7`, `delayInitialMin_7`, `delayInitialMax_7`, `delayRepeatMin_7`, `delayRepeatMax_7`, `scriptId_7`, `spellId_8`, `probability_8`, `castTarget_8`, `targetParam1_8`, `targetParam2_8`, `castFlags_8`, `delayInitialMin_8`, `delayInitialMax_8`, `delayRepeatMin_8`, `delayRepeatMax_8`, `scriptId_8`) VALUES (6790, 'Stranglethorn Vale - Mosh\'Ogg Shaman', 11899, 100, 0, 0, 0, 0, 7, 13, 30, 35, 0, 12058, 100, 1, 0, 0, 0, 2, 6, 5, 11, 0, 6742, 100, 17, 0, 0, 0, 3, 15, 20, 68, 0, 0, 100, 1, 0, 0, 0, 0, 0, 0, 0, 0, 0, 100, 1, 0, 0, 0, 0, 0, 0, 0, 0, 0, 100, 1, 0, 0, 0, 0, 0, 0, 0, 0, 0, 100, 1, 0, 0, 0, 0, 0, 0, 0, 0, 0, 100, 1, 0, 0, 0, 0, 0, 0, 0, 0);

-- Spell list for Mosh'Ogg Lord
UPDATE `creature_template` SET `spell_list_id`=6800 WHERE `entry`=680;
INSERT INTO `creature_spells` (`entry`, `name`, `spellId_1`, `probability_1`, `castTarget_1`, `targetParam1_1`, `targetParam2_1`, `castFlags_1`, `delayInitialMin_1`, `delayInitialMax_1`, `delayRepeatMin_1`, `delayRepeatMax_1`, `spellId_2`, `probability_2`, `castTarget_2`, `targetParam1_2`, `targetParam2_2`, `castFlags_2`, `delayInitialMin_2`, `delayInitialMax_2`, `delayRepeatMin_2`, `delayRepeatMax_2`) VALUES (6800, 'Stranglethorn Vale - Mosh\'Ogg Lord', 9128, 100, 0, 0, 0, 0, 1, 4, 30, 40, 7093, 100, 1, 0, 0, 32, 3, 6, 20, 25);

-- Spell list for Bloodscalp Scavenger
UPDATE `creature_template` SET `spell_list_id`=7020 WHERE `entry`=702;
INSERT INTO `creature_spells` (`entry`, `name`, `spellId_1`, `probability_1`, `castTarget_1`, `targetParam1_1`, `targetParam2_1`, `castFlags_1`, `delayInitialMin_1`, `delayInitialMax_1`, `delayRepeatMin_1`, `delayRepeatMax_1`, `scriptId_1`, `spellId_2`, `probability_2`, `castTarget_2`, `targetParam1_2`, `targetParam2_2`, `castFlags_2`, `delayInitialMin_2`, `delayInitialMax_2`, `delayRepeatMin_2`, `delayRepeatMax_2`, `scriptId_2`, `spellId_3`, `probability_3`, `castTarget_3`, `targetParam1_3`, `targetParam2_3`, `castFlags_3`, `delayInitialMin_3`, `delayInitialMax_3`, `delayRepeatMin_3`, `delayRepeatMax_3`, `scriptId_3`, `spellId_4`, `probability_4`, `castTarget_4`, `targetParam1_4`, `targetParam2_4`, `castFlags_4`, `delayInitialMin_4`, `delayInitialMax_4`, `delayRepeatMin_4`, `delayRepeatMax_4`, `scriptId_4`, `spellId_5`, `probability_5`, `castTarget_5`, `targetParam1_5`, `targetParam2_5`, `castFlags_5`, `delayInitialMin_5`, `delayInitialMax_5`, `delayRepeatMin_5`, `delayRepeatMax_5`, `scriptId_5`, `spellId_6`, `probability_6`, `castTarget_6`, `targetParam1_6`, `targetParam2_6`, `castFlags_6`, `delayInitialMin_6`, `delayInitialMax_6`, `delayRepeatMin_6`, `delayRepeatMax_6`, `scriptId_6`, `spellId_7`, `probability_7`, `castTarget_7`, `targetParam1_7`, `targetParam2_7`, `castFlags_7`, `delayInitialMin_7`, `delayInitialMax_7`, `delayRepeatMin_7`, `delayRepeatMax_7`, `scriptId_7`, `spellId_8`, `probability_8`, `castTarget_8`, `targetParam1_8`, `targetParam2_8`, `castFlags_8`, `delayInitialMin_8`, `delayInitialMax_8`, `delayRepeatMin_8`, `delayRepeatMax_8`, `scriptId_8`) VALUES (7020, 'Stranglethorn Vale - Bloodscalp Scavenger', 744, 100, 1, 0, 0, 0, 7, 14, 120, 125, 0, 7159, 100, 1, 0, 0, 0, 5, 10, 30, 30, 0, 0, 100, 1, 0, 0, 0, 0, 0, 0, 0, 0, 0, 100, 1, 0, 0, 0, 0, 0, 0, 0, 0, 0, 100, 1, 0, 0, 0, 0, 0, 0, 0, 0, 0, 100, 1, 0, 0, 0, 0, 0, 0, 0, 0, 0, 100, 1, 0, 0, 0, 0, 0, 0, 0, 0, 0, 100, 1, 0, 0, 0, 0, 0, 0, 0, 0);

-- Spell list for Mosh'Ogg Warmonger
UPDATE `creature_template` SET `spell_list_id`=7090 WHERE `entry`=709;
INSERT INTO `creature_spells` (`entry`, `name`, `spellId_1`, `probability_1`, `castTarget_1`, `targetParam1_1`, `targetParam2_1`, `castFlags_1`, `delayInitialMin_1`, `delayInitialMax_1`, `delayRepeatMin_1`, `delayRepeatMax_1`) VALUES (7090, 'Stranglethorn Vale - Mosh\'Ogg Warmonger', 8147, 100, 0, 0, 0, 0, 2, 3, 10, 11);

-- Spell list for Mosh'Ogg Spellcrafter
UPDATE `creature_template` SET `spell_list_id`=7100 WHERE `entry`=710;
INSERT INTO `creature_spells` (`entry`, `name`, `spellId_1`, `probability_1`, `castTarget_1`, `targetParam1_1`, `targetParam2_1`, `castFlags_1`, `delayInitialMin_1`, `delayInitialMax_1`, `delayRepeatMin_1`, `delayRepeatMax_1`, `scriptId_1`, `spellId_2`, `probability_2`, `castTarget_2`, `targetParam1_2`, `targetParam2_2`, `castFlags_2`, `delayInitialMin_2`, `delayInitialMax_2`, `delayRepeatMin_2`, `delayRepeatMax_2`, `scriptId_2`, `spellId_3`, `probability_3`, `castTarget_3`, `targetParam1_3`, `targetParam2_3`, `castFlags_3`, `delayInitialMin_3`, `delayInitialMax_3`, `delayRepeatMin_3`, `delayRepeatMax_3`, `scriptId_3`, `spellId_4`, `probability_4`, `castTarget_4`, `targetParam1_4`, `targetParam2_4`, `castFlags_4`, `delayInitialMin_4`, `delayInitialMax_4`, `delayRepeatMin_4`, `delayRepeatMax_4`, `scriptId_4`, `spellId_5`, `probability_5`, `castTarget_5`, `targetParam1_5`, `targetParam2_5`, `castFlags_5`, `delayInitialMin_5`, `delayInitialMax_5`, `delayRepeatMin_5`, `delayRepeatMax_5`, `scriptId_5`, `spellId_6`, `probability_6`, `castTarget_6`, `targetParam1_6`, `targetParam2_6`, `castFlags_6`, `delayInitialMin_6`, `delayInitialMax_6`, `delayRepeatMin_6`, `delayRepeatMax_6`, `scriptId_6`, `spellId_7`, `probability_7`, `castTarget_7`, `targetParam1_7`, `targetParam2_7`, `castFlags_7`, `delayInitialMin_7`, `delayInitialMax_7`, `delayRepeatMin_7`, `delayRepeatMax_7`, `scriptId_7`, `spellId_8`, `probability_8`, `castTarget_8`, `targetParam1_8`, `targetParam2_8`, `castFlags_8`, `delayInitialMin_8`, `delayInitialMax_8`, `delayRepeatMin_8`, `delayRepeatMax_8`, `scriptId_8`) VALUES (7100, 'Stranglethorn Vale - Mosh\'Ogg Spellcrafter', 11829, 100, 1, 0, 0, 0, 5, 9, 12, 15, 0, 9053, 100, 1, 0, 0, 8, 0, 0, 2, 2, 0, 0, 100, 1, 0, 0, 0, 0, 0, 0, 0, 0, 0, 100, 1, 0, 0, 0, 0, 0, 0, 0, 0, 0, 100, 1, 0, 0, 0, 0, 0, 0, 0, 0, 0, 100, 1, 0, 0, 0, 0, 0, 0, 0, 0, 0, 100, 1, 0, 0, 0, 0, 0, 0, 0, 0, 0, 100, 1, 0, 0, 0, 0, 0, 0, 0, 0);

-- Spell list for Mosh'Ogg Butcher
UPDATE `creature_template` SET `spell_list_id`=7230 WHERE `entry`=723;
INSERT INTO `creature_spells` (`entry`, `name`, `spellId_1`, `probability_1`, `castTarget_1`, `targetParam1_1`, `targetParam2_1`, `castFlags_1`, `delayInitialMin_1`, `delayInitialMax_1`, `delayRepeatMin_1`, `delayRepeatMax_1`) VALUES (7230, 'Stranglethorn Vale - Mosh\'Ogg Butcher', 15496, 100, 1, 0, 0, 0, 5, 7, 7, 11);

-- Spell list for Tethis
UPDATE `creature_template` SET `spell_list_id`=7300 WHERE `entry`=730;
INSERT INTO `creature_spells` (`entry`, `name`, `spellId_1`, `probability_1`, `castTarget_1`, `targetParam1_1`, `targetParam2_1`, `castFlags_1`, `delayInitialMin_1`, `delayInitialMax_1`, `delayRepeatMin_1`, `delayRepeatMax_1`) VALUES (7300, 'Stranglethorn Vale - Tethis', 3604, 100, 1, 0, 0, 0, 0, 5, 11, 14);

-- Spell list for Skullsplitter Headhunter
UPDATE `creature_template` SET `spell_list_id`=7810 WHERE `entry`=781;
INSERT INTO `creature_spells` (`entry`, `name`, `spellId_1`, `probability_1`, `castTarget_1`, `targetParam1_1`, `targetParam2_1`, `castFlags_1`, `delayInitialMin_1`, `delayInitialMax_1`, `delayRepeatMin_1`, `delayRepeatMax_1`, `scriptId_1`, `spellId_2`, `probability_2`, `castTarget_2`, `targetParam1_2`, `targetParam2_2`, `castFlags_2`, `delayInitialMin_2`, `delayInitialMax_2`, `delayRepeatMin_2`, `delayRepeatMax_2`, `scriptId_2`, `spellId_3`, `probability_3`, `castTarget_3`, `targetParam1_3`, `targetParam2_3`, `castFlags_3`, `delayInitialMin_3`, `delayInitialMax_3`, `delayRepeatMin_3`, `delayRepeatMax_3`, `scriptId_3`, `spellId_4`, `probability_4`, `castTarget_4`, `targetParam1_4`, `targetParam2_4`, `castFlags_4`, `delayInitialMin_4`, `delayInitialMax_4`, `delayRepeatMin_4`, `delayRepeatMax_4`, `scriptId_4`, `spellId_5`, `probability_5`, `castTarget_5`, `targetParam1_5`, `targetParam2_5`, `castFlags_5`, `delayInitialMin_5`, `delayInitialMax_5`, `delayRepeatMin_5`, `delayRepeatMax_5`, `scriptId_5`, `spellId_6`, `probability_6`, `castTarget_6`, `targetParam1_6`, `targetParam2_6`, `castFlags_6`, `delayInitialMin_6`, `delayInitialMax_6`, `delayRepeatMin_6`, `delayRepeatMax_6`, `scriptId_6`, `spellId_7`, `probability_7`, `castTarget_7`, `targetParam1_7`, `targetParam2_7`, `castFlags_7`, `delayInitialMin_7`, `delayInitialMax_7`, `delayRepeatMin_7`, `delayRepeatMax_7`, `scriptId_7`, `spellId_8`, `probability_8`, `castTarget_8`, `targetParam1_8`, `targetParam2_8`, `castFlags_8`, `delayInitialMin_8`, `delayInitialMax_8`, `delayRepeatMin_8`, `delayRepeatMax_8`, `scriptId_8`) VALUES (7810, 'Stranglethorn Vale - Skullsplitter Headhunter', 3148, 100, 1, 0, 0, 32, 5, 7, 23, 26, 0, 6533, 100, 4, 0, 0, 0, 1, 10, 18, 29, 0, 10277, 100, 1, 0, 0, 8, 0, 0, 2, 3, 0, 0, 100, 1, 0, 0, 0, 0, 0, 0, 0, 0, 0, 100, 1, 0, 0, 0, 0, 0, 0, 0, 0, 0, 100, 1, 0, 0, 0, 0, 0, 0, 0, 0, 0, 100, 1, 0, 0, 0, 0, 0, 0, 0, 0, 0, 100, 1, 0, 0, 0, 0, 0, 0, 0, 0);

-- Spell list for Skullsplitter Scout
UPDATE `creature_template` SET `spell_list_id`=7820 WHERE `entry`=782;
INSERT INTO `creature_spells` (`entry`, `name`, `spellId_1`, `probability_1`, `castTarget_1`, `targetParam1_1`, `targetParam2_1`, `castFlags_1`, `delayInitialMin_1`, `delayInitialMax_1`, `delayRepeatMin_1`, `delayRepeatMax_1`) VALUES (7820, 'Stranglethorn Vale - Skullsplitter Scout', 3148, 100, 1, 0, 0, 32, 5, 7, 23, 26);

-- Spell list for Mai'Zoth
UPDATE `creature_template` SET `spell_list_id`=8180 WHERE `entry`=818;
INSERT INTO `creature_spells` (`entry`, `name`, `spellId_1`, `probability_1`, `castTarget_1`, `targetParam1_1`, `targetParam2_1`, `castFlags_1`, `delayInitialMin_1`, `delayInitialMax_1`, `delayRepeatMin_1`, `delayRepeatMax_1`) VALUES (8180, 'Stranglethorn Vale - Mai\'Zoth', 8814, 100, 1, 0, 0, 0, 5, 9, 12, 15);

-- Spell list for Veyzhak the Cannibal
UPDATE `creature_template` SET `spell_list_id`=53990 WHERE `entry`=5399;
INSERT INTO `creature_spells` (`entry`, `name`, `spellId_1`, `probability_1`, `castTarget_1`, `targetParam1_1`, `targetParam2_1`, `castFlags_1`, `delayInitialMin_1`, `delayInitialMax_1`, `delayRepeatMin_1`, `delayRepeatMax_1`, `scriptId_1`, `spellId_2`, `probability_2`, `castTarget_2`, `targetParam1_2`, `targetParam2_2`, `castFlags_2`, `delayInitialMin_2`, `delayInitialMax_2`, `delayRepeatMin_2`, `delayRepeatMax_2`, `scriptId_2`, `spellId_3`, `probability_3`, `castTarget_3`, `targetParam1_3`, `targetParam2_3`, `castFlags_3`, `delayInitialMin_3`, `delayInitialMax_3`, `delayRepeatMin_3`, `delayRepeatMax_3`, `scriptId_3`, `spellId_4`, `probability_4`, `castTarget_4`, `targetParam1_4`, `targetParam2_4`, `castFlags_4`, `delayInitialMin_4`, `delayInitialMax_4`, `delayRepeatMin_4`, `delayRepeatMax_4`, `scriptId_4`, `spellId_5`, `probability_5`, `castTarget_5`, `targetParam1_5`, `targetParam2_5`, `castFlags_5`, `delayInitialMin_5`, `delayInitialMax_5`, `delayRepeatMin_5`, `delayRepeatMax_5`, `scriptId_5`, `spellId_6`, `probability_6`, `castTarget_6`, `targetParam1_6`, `targetParam2_6`, `castFlags_6`, `delayInitialMin_6`, `delayInitialMax_6`, `delayRepeatMin_6`, `delayRepeatMax_6`, `scriptId_6`, `spellId_7`, `probability_7`, `castTarget_7`, `targetParam1_7`, `targetParam2_7`, `castFlags_7`, `delayInitialMin_7`, `delayInitialMax_7`, `delayRepeatMin_7`, `delayRepeatMax_7`, `scriptId_7`, `spellId_8`, `probability_8`, `castTarget_8`, `targetParam1_8`, `targetParam2_8`, `castFlags_8`, `delayInitialMin_8`, `delayInitialMax_8`, `delayRepeatMin_8`, `delayRepeatMax_8`, `scriptId_8`) VALUES (53990, 'Sunken Temple - Veyzhak the Cannibal', 11977, 100, 1, 0, 0, 32, 0, 0, 7, 14, 0, 0, 100, 1, 0, 0, 0, 0, 0, 0, 0, 0, 0, 100, 1, 0, 0, 0, 0, 0, 0, 0, 0, 0, 100, 1, 0, 0, 0, 0, 0, 0, 0, 0, 0, 100, 1, 0, 0, 0, 0, 0, 0, 0, 0, 0, 100, 1, 0, 0, 0, 0, 0, 0, 0, 0, 0, 100, 1, 0, 0, 0, 0, 0, 0, 0, 0, 0, 100, 1, 0, 0, 0, 0, 0, 0, 0, 0);

-- Spell list for Saltscale Tide Lord
UPDATE `creature_template` SET `spell_list_id`=8750 WHERE `entry`=875;
INSERT INTO `creature_spells` (`entry`, `name`, `spellId_1`, `probability_1`, `castTarget_1`, `targetParam1_1`, `targetParam2_1`, `castFlags_1`, `delayInitialMin_1`, `delayInitialMax_1`, `delayRepeatMin_1`, `delayRepeatMax_1`, `scriptId_1`, `spellId_2`, `probability_2`, `castTarget_2`, `targetParam1_2`, `targetParam2_2`, `castFlags_2`, `delayInitialMin_2`, `delayInitialMax_2`, `delayRepeatMin_2`, `delayRepeatMax_2`, `scriptId_2`, `spellId_3`, `probability_3`, `castTarget_3`, `targetParam1_3`, `targetParam2_3`, `castFlags_3`, `delayInitialMin_3`, `delayInitialMax_3`, `delayRepeatMin_3`, `delayRepeatMax_3`, `scriptId_3`, `spellId_4`, `probability_4`, `castTarget_4`, `targetParam1_4`, `targetParam2_4`, `castFlags_4`, `delayInitialMin_4`, `delayInitialMax_4`, `delayRepeatMin_4`, `delayRepeatMax_4`, `scriptId_4`, `spellId_5`, `probability_5`, `castTarget_5`, `targetParam1_5`, `targetParam2_5`, `castFlags_5`, `delayInitialMin_5`, `delayInitialMax_5`, `delayRepeatMin_5`, `delayRepeatMax_5`, `scriptId_5`, `spellId_6`, `probability_6`, `castTarget_6`, `targetParam1_6`, `targetParam2_6`, `castFlags_6`, `delayInitialMin_6`, `delayInitialMax_6`, `delayRepeatMin_6`, `delayRepeatMax_6`, `scriptId_6`, `spellId_7`, `probability_7`, `castTarget_7`, `targetParam1_7`, `targetParam2_7`, `castFlags_7`, `delayInitialMin_7`, `delayInitialMax_7`, `delayRepeatMin_7`, `delayRepeatMax_7`, `scriptId_7`, `spellId_8`, `probability_8`, `castTarget_8`, `targetParam1_8`, `targetParam2_8`, `castFlags_8`, `delayInitialMin_8`, `delayInitialMax_8`, `delayRepeatMin_8`, `delayRepeatMax_8`, `scriptId_8`) VALUES (8750, 'Stranglethorn Vale - Saltscale Tide Lord', 11831, 100, 4, 0, 0, 0, 6, 9, 15, 18, 0, 9672, 100, 1, 0, 0, 8, 0, 0, 2, 2, 0, 0, 100, 1, 0, 0, 0, 0, 0, 0, 0, 0, 0, 100, 1, 0, 0, 0, 0, 0, 0, 0, 0, 0, 100, 1, 0, 0, 0, 0, 0, 0, 0, 0, 0, 100, 1, 0, 0, 0, 0, 0, 0, 0, 0, 0, 100, 1, 0, 0, 0, 0, 0, 0, 0, 0, 0, 100, 1, 0, 0, 0, 0, 0, 0, 0, 0);

-- Correct zone name in spell list for Zekkis.
UPDATE `creature_spells` SET `name`='Sunken Temple - Zekkis' WHERE `entry`=54000;

-- Spell list for Saltscale Forager
UPDATE `creature_template` SET `spell_list_id`=8770 WHERE `entry`=877;
INSERT INTO `creature_spells` (`entry`, `name`, `spellId_1`, `probability_1`, `castTarget_1`, `targetParam1_1`, `targetParam2_1`, `castFlags_1`, `delayInitialMin_1`, `delayInitialMax_1`, `delayRepeatMin_1`, `delayRepeatMax_1`, `scriptId_1`, `spellId_2`, `probability_2`, `castTarget_2`, `targetParam1_2`, `targetParam2_2`, `castFlags_2`, `delayInitialMin_2`, `delayInitialMax_2`, `delayRepeatMin_2`, `delayRepeatMax_2`, `scriptId_2`, `spellId_3`, `probability_3`, `castTarget_3`, `targetParam1_3`, `targetParam2_3`, `castFlags_3`, `delayInitialMin_3`, `delayInitialMax_3`, `delayRepeatMin_3`, `delayRepeatMax_3`, `scriptId_3`, `spellId_4`, `probability_4`, `castTarget_4`, `targetParam1_4`, `targetParam2_4`, `castFlags_4`, `delayInitialMin_4`, `delayInitialMax_4`, `delayRepeatMin_4`, `delayRepeatMax_4`, `scriptId_4`, `spellId_5`, `probability_5`, `castTarget_5`, `targetParam1_5`, `targetParam2_5`, `castFlags_5`, `delayInitialMin_5`, `delayInitialMax_5`, `delayRepeatMin_5`, `delayRepeatMax_5`, `scriptId_5`, `spellId_6`, `probability_6`, `castTarget_6`, `targetParam1_6`, `targetParam2_6`, `castFlags_6`, `delayInitialMin_6`, `delayInitialMax_6`, `delayRepeatMin_6`, `delayRepeatMax_6`, `scriptId_6`, `spellId_7`, `probability_7`, `castTarget_7`, `targetParam1_7`, `targetParam2_7`, `castFlags_7`, `delayInitialMin_7`, `delayInitialMax_7`, `delayRepeatMin_7`, `delayRepeatMax_7`, `scriptId_7`, `spellId_8`, `probability_8`, `castTarget_8`, `targetParam1_8`, `targetParam2_8`, `castFlags_8`, `delayInitialMin_8`, `delayInitialMax_8`, `delayRepeatMin_8`, `delayRepeatMax_8`, `scriptId_8`) VALUES (8770, 'Stranglethorn Vale - Saltscale Forager', 13443, 100, 1, 0, 0, 32, 0, 0, 20, 30, 0, 0, 100, 1, 0, 0, 0, 0, 0, 0, 0, 0, 0, 100, 1, 0, 0, 0, 0, 0, 0, 0, 0, 0, 100, 1, 0, 0, 0, 0, 0, 0, 0, 0, 0, 100, 1, 0, 0, 0, 0, 0, 0, 0, 0, 0, 100, 1, 0, 0, 0, 0, 0, 0, 0, 0, 0, 100, 1, 0, 0, 0, 0, 0, 0, 0, 0, 0, 100, 1, 0, 0, 0, 0, 0, 0, 0, 0);

-- Spell list for Saltscale Hunter
UPDATE `creature_template` SET `spell_list_id`=8790 WHERE `entry`=879;
INSERT INTO `creature_spells` (`entry`, `name`, `spellId_1`, `probability_1`, `castTarget_1`, `targetParam1_1`, `targetParam2_1`, `castFlags_1`, `delayInitialMin_1`, `delayInitialMax_1`, `delayRepeatMin_1`, `delayRepeatMax_1`, `scriptId_1`, `spellId_2`, `probability_2`, `castTarget_2`, `targetParam1_2`, `targetParam2_2`, `castFlags_2`, `delayInitialMin_2`, `delayInitialMax_2`, `delayRepeatMin_2`, `delayRepeatMax_2`, `scriptId_2`, `spellId_3`, `probability_3`, `castTarget_3`, `targetParam1_3`, `targetParam2_3`, `castFlags_3`, `delayInitialMin_3`, `delayInitialMax_3`, `delayRepeatMin_3`, `delayRepeatMax_3`, `scriptId_3`, `spellId_4`, `probability_4`, `castTarget_4`, `targetParam1_4`, `targetParam2_4`, `castFlags_4`, `delayInitialMin_4`, `delayInitialMax_4`, `delayRepeatMin_4`, `delayRepeatMax_4`, `scriptId_4`, `spellId_5`, `probability_5`, `castTarget_5`, `targetParam1_5`, `targetParam2_5`, `castFlags_5`, `delayInitialMin_5`, `delayInitialMax_5`, `delayRepeatMin_5`, `delayRepeatMax_5`, `scriptId_5`, `spellId_6`, `probability_6`, `castTarget_6`, `targetParam1_6`, `targetParam2_6`, `castFlags_6`, `delayInitialMin_6`, `delayInitialMax_6`, `delayRepeatMin_6`, `delayRepeatMax_6`, `scriptId_6`, `spellId_7`, `probability_7`, `castTarget_7`, `targetParam1_7`, `targetParam2_7`, `castFlags_7`, `delayInitialMin_7`, `delayInitialMax_7`, `delayRepeatMin_7`, `delayRepeatMax_7`, `scriptId_7`, `spellId_8`, `probability_8`, `castTarget_8`, `targetParam1_8`, `targetParam2_8`, `castFlags_8`, `delayInitialMin_8`, `delayInitialMax_8`, `delayRepeatMin_8`, `delayRepeatMax_8`, `scriptId_8`) VALUES (8790, 'Stranglethorn Vale - Saltscale Hunter', 10277, 100, 1, 0, 0, 8, 0, 0, 2, 3, 0, 0, 100, 1, 0, 0, 0, 0, 0, 0, 0, 0, 0, 100, 1, 0, 0, 0, 0, 0, 0, 0, 0, 0, 100, 1, 0, 0, 0, 0, 0, 0, 0, 0, 0, 100, 1, 0, 0, 0, 0, 0, 0, 0, 0, 0, 100, 1, 0, 0, 0, 0, 0, 0, 0, 0, 0, 100, 1, 0, 0, 0, 0, 0, 0, 0, 0, 0, 100, 1, 0, 0, 0, 0, 0, 0, 0, 0);

-- Spell list for Kurzen Subchief
UPDATE `creature_template` SET `spell_list_id`=9780 WHERE `entry`=978;
INSERT INTO `creature_spells` (`entry`, `name`, `spellId_1`, `probability_1`, `castTarget_1`, `targetParam1_1`, `targetParam2_1`, `castFlags_1`, `delayInitialMin_1`, `delayInitialMax_1`, `delayRepeatMin_1`, `delayRepeatMax_1`) VALUES (9780, 'Stranglethorn Vale - Kurzen Subchief', 8053, 100, 1, 0, 0, 0, 6, 11, 20, 30);

-- Spell list for Mogh the Undying
UPDATE `creature_template` SET `spell_list_id`=10600 WHERE `entry`=1060;
INSERT INTO `creature_spells` (`entry`, `name`, `spellId_1`, `probability_1`, `castTarget_1`, `targetParam1_1`, `targetParam2_1`, `castFlags_1`, `delayInitialMin_1`, `delayInitialMax_1`, `delayRepeatMin_1`, `delayRepeatMax_1`, `scriptId_1`, `spellId_2`, `probability_2`, `castTarget_2`, `targetParam1_2`, `targetParam2_2`, `castFlags_2`, `delayInitialMin_2`, `delayInitialMax_2`, `delayRepeatMin_2`, `delayRepeatMax_2`, `scriptId_2`, `spellId_3`, `probability_3`, `castTarget_3`, `targetParam1_3`, `targetParam2_3`, `castFlags_3`, `delayInitialMin_3`, `delayInitialMax_3`, `delayRepeatMin_3`, `delayRepeatMax_3`, `scriptId_3`, `spellId_4`, `probability_4`, `castTarget_4`, `targetParam1_4`, `targetParam2_4`, `castFlags_4`, `delayInitialMin_4`, `delayInitialMax_4`, `delayRepeatMin_4`, `delayRepeatMax_4`, `scriptId_4`, `spellId_5`, `probability_5`, `castTarget_5`, `targetParam1_5`, `targetParam2_5`, `castFlags_5`, `delayInitialMin_5`, `delayInitialMax_5`, `delayRepeatMin_5`, `delayRepeatMax_5`, `scriptId_5`, `spellId_6`, `probability_6`, `castTarget_6`, `targetParam1_6`, `targetParam2_6`, `castFlags_6`, `delayInitialMin_6`, `delayInitialMax_6`, `delayRepeatMin_6`, `delayRepeatMax_6`, `scriptId_6`, `spellId_7`, `probability_7`, `castTarget_7`, `targetParam1_7`, `targetParam2_7`, `castFlags_7`, `delayInitialMin_7`, `delayInitialMax_7`, `delayRepeatMin_7`, `delayRepeatMax_7`, `scriptId_7`, `spellId_8`, `probability_8`, `castTarget_8`, `targetParam1_8`, `targetParam2_8`, `castFlags_8`, `delayInitialMin_8`, `delayInitialMax_8`, `delayRepeatMin_8`, `delayRepeatMax_8`, `scriptId_8`) VALUES (10600, 'Stranglethorn Vale - Mogh the Undying', 12471, 100, 1, 0, 0, 8, 0, 0, 2, 2, 0, 0, 100, 1, 0, 0, 0, 0, 0, 0, 0, 0, 0, 100, 1, 0, 0, 0, 0, 0, 0, 0, 0, 0, 100, 1, 0, 0, 0, 0, 0, 0, 0, 0, 0, 100, 1, 0, 0, 0, 0, 0, 0, 0, 0, 0, 100, 1, 0, 0, 0, 0, 0, 0, 0, 0, 0, 100, 1, 0, 0, 0, 0, 0, 0, 0, 0, 0, 100, 1, 0, 0, 0, 0, 0, 0, 0, 0);

-- Spell list for Venture Co. Miner
UPDATE `creature_template` SET `spell_list_id`=10940 WHERE `entry`=1094;
INSERT INTO `creature_spells` (`entry`, `name`, `spellId_1`, `probability_1`, `castTarget_1`, `targetParam1_1`, `targetParam2_1`, `castFlags_1`, `delayInitialMin_1`, `delayInitialMax_1`, `delayRepeatMin_1`, `delayRepeatMax_1`, `scriptId_1`, `spellId_2`, `probability_2`, `castTarget_2`, `targetParam1_2`, `targetParam2_2`, `castFlags_2`, `delayInitialMin_2`, `delayInitialMax_2`, `delayRepeatMin_2`, `delayRepeatMax_2`, `scriptId_2`, `spellId_3`, `probability_3`, `castTarget_3`, `targetParam1_3`, `targetParam2_3`, `castFlags_3`, `delayInitialMin_3`, `delayInitialMax_3`, `delayRepeatMin_3`, `delayRepeatMax_3`, `scriptId_3`, `spellId_4`, `probability_4`, `castTarget_4`, `targetParam1_4`, `targetParam2_4`, `castFlags_4`, `delayInitialMin_4`, `delayInitialMax_4`, `delayRepeatMin_4`, `delayRepeatMax_4`, `scriptId_4`, `spellId_5`, `probability_5`, `castTarget_5`, `targetParam1_5`, `targetParam2_5`, `castFlags_5`, `delayInitialMin_5`, `delayInitialMax_5`, `delayRepeatMin_5`, `delayRepeatMax_5`, `scriptId_5`, `spellId_6`, `probability_6`, `castTarget_6`, `targetParam1_6`, `targetParam2_6`, `castFlags_6`, `delayInitialMin_6`, `delayInitialMax_6`, `delayRepeatMin_6`, `delayRepeatMax_6`, `scriptId_6`, `spellId_7`, `probability_7`, `castTarget_7`, `targetParam1_7`, `targetParam2_7`, `castFlags_7`, `delayInitialMin_7`, `delayInitialMax_7`, `delayRepeatMin_7`, `delayRepeatMax_7`, `scriptId_7`, `spellId_8`, `probability_8`, `castTarget_8`, `targetParam1_8`, `targetParam2_8`, `castFlags_8`, `delayInitialMin_8`, `delayInitialMax_8`, `delayRepeatMin_8`, `delayRepeatMax_8`, `scriptId_8`) VALUES (10940, 'Stranglethorn Vale - Venture Co. Miner', 6016, 100, 1, 0, 0, 32, 0, 0, 45, 45, 0, 0, 100, 1, 0, 0, 0, 0, 0, 0, 0, 0, 0, 100, 1, 0, 0, 0, 0, 0, 0, 0, 0, 0, 100, 1, 0, 0, 0, 0, 0, 0, 0, 0, 0, 100, 1, 0, 0, 0, 0, 0, 0, 0, 0, 0, 100, 1, 0, 0, 0, 0, 0, 0, 0, 0, 0, 100, 1, 0, 0, 0, 0, 0, 0, 0, 0, 0, 100, 1, 0, 0, 0, 0, 0, 0, 0, 0);

-- Spell list for Zanzil the Outcast
UPDATE `creature_template` SET `spell_list_id`=25340 WHERE `entry`=2534;
INSERT INTO `creature_spells` (`entry`, `name`, `spellId_1`, `probability_1`, `castTarget_1`, `targetParam1_1`, `targetParam2_1`, `castFlags_1`, `delayInitialMin_1`, `delayInitialMax_1`, `delayRepeatMin_1`, `delayRepeatMax_1`, `scriptId_1`, `spellId_2`, `probability_2`, `castTarget_2`, `targetParam1_2`, `targetParam2_2`, `castFlags_2`, `delayInitialMin_2`, `delayInitialMax_2`, `delayRepeatMin_2`, `delayRepeatMax_2`, `scriptId_2`, `spellId_3`, `probability_3`, `castTarget_3`, `targetParam1_3`, `targetParam2_3`, `castFlags_3`, `delayInitialMin_3`, `delayInitialMax_3`, `delayRepeatMin_3`, `delayRepeatMax_3`, `scriptId_3`, `spellId_4`, `probability_4`, `castTarget_4`, `targetParam1_4`, `targetParam2_4`, `castFlags_4`, `delayInitialMin_4`, `delayInitialMax_4`, `delayRepeatMin_4`, `delayRepeatMax_4`, `scriptId_4`, `spellId_5`, `probability_5`, `castTarget_5`, `targetParam1_5`, `targetParam2_5`, `castFlags_5`, `delayInitialMin_5`, `delayInitialMax_5`, `delayRepeatMin_5`, `delayRepeatMax_5`, `scriptId_5`, `spellId_6`, `probability_6`, `castTarget_6`, `targetParam1_6`, `targetParam2_6`, `castFlags_6`, `delayInitialMin_6`, `delayInitialMax_6`, `delayRepeatMin_6`, `delayRepeatMax_6`, `scriptId_6`, `spellId_7`, `probability_7`, `castTarget_7`, `targetParam1_7`, `targetParam2_7`, `castFlags_7`, `delayInitialMin_7`, `delayInitialMax_7`, `delayRepeatMin_7`, `delayRepeatMax_7`, `scriptId_7`, `spellId_8`, `probability_8`, `castTarget_8`, `targetParam1_8`, `targetParam2_8`, `castFlags_8`, `delayInitialMin_8`, `delayInitialMax_8`, `delayRepeatMin_8`, `delayRepeatMax_8`, `scriptId_8`) VALUES (25340, 'Stranglethorn Vale - Zanzil the Outcast', 9532, 100, 1, 0, 0, 0, 5, 6, 5, 6, 0, 0, 100, 1, 0, 0, 0, 0, 0, 0, 0, 0, 0, 100, 1, 0, 0, 0, 0, 0, 0, 0, 0, 0, 100, 1, 0, 0, 0, 0, 0, 0, 0, 0, 0, 100, 1, 0, 0, 0, 0, 0, 0, 0, 0, 0, 100, 1, 0, 0, 0, 0, 0, 0, 0, 0, 0, 100, 1, 0, 0, 0, 0, 0, 0, 0, 0, 0, 100, 1, 0, 0, 0, 0, 0, 0, 0, 0);

-- Spell list for Lord Sakrasis
UPDATE `creature_template` SET `spell_list_id`=25410 WHERE `entry`=2541;
INSERT INTO `creature_spells` (`entry`, `name`, `spellId_1`, `probability_1`, `castTarget_1`, `targetParam1_1`, `targetParam2_1`, `castFlags_1`, `delayInitialMin_1`, `delayInitialMax_1`, `delayRepeatMin_1`, `delayRepeatMax_1`, `scriptId_1`, `spellId_2`, `probability_2`, `castTarget_2`, `targetParam1_2`, `targetParam2_2`, `castFlags_2`, `delayInitialMin_2`, `delayInitialMax_2`, `delayRepeatMin_2`, `delayRepeatMax_2`, `scriptId_2`, `spellId_3`, `probability_3`, `castTarget_3`, `targetParam1_3`, `targetParam2_3`, `castFlags_3`, `delayInitialMin_3`, `delayInitialMax_3`, `delayRepeatMin_3`, `delayRepeatMax_3`, `scriptId_3`, `spellId_4`, `probability_4`, `castTarget_4`, `targetParam1_4`, `targetParam2_4`, `castFlags_4`, `delayInitialMin_4`, `delayInitialMax_4`, `delayRepeatMin_4`, `delayRepeatMax_4`, `scriptId_4`, `spellId_5`, `probability_5`, `castTarget_5`, `targetParam1_5`, `targetParam2_5`, `castFlags_5`, `delayInitialMin_5`, `delayInitialMax_5`, `delayRepeatMin_5`, `delayRepeatMax_5`, `scriptId_5`, `spellId_6`, `probability_6`, `castTarget_6`, `targetParam1_6`, `targetParam2_6`, `castFlags_6`, `delayInitialMin_6`, `delayInitialMax_6`, `delayRepeatMin_6`, `delayRepeatMax_6`, `scriptId_6`, `spellId_7`, `probability_7`, `castTarget_7`, `targetParam1_7`, `targetParam2_7`, `castFlags_7`, `delayInitialMin_7`, `delayInitialMax_7`, `delayRepeatMin_7`, `delayRepeatMax_7`, `scriptId_7`, `spellId_8`, `probability_8`, `castTarget_8`, `targetParam1_8`, `targetParam2_8`, `castFlags_8`, `delayInitialMin_8`, `delayInitialMax_8`, `delayRepeatMin_8`, `delayRepeatMax_8`, `scriptId_8`) VALUES (25410, 'Stranglethorn Vale - Lord Sakrasis', 15496, 100, 1, 0, 0, 0, 5, 7, 7, 11, 0, 7160, 100, 1, 0, 0, 0, 0, 0, 30, 30, 0, 0, 100, 1, 0, 0, 0, 0, 0, 0, 0, 0, 0, 100, 1, 0, 0, 0, 0, 0, 0, 0, 0, 0, 100, 1, 0, 0, 0, 0, 0, 0, 0, 0, 0, 100, 1, 0, 0, 0, 0, 0, 0, 0, 0, 0, 100, 1, 0, 0, 0, 0, 0, 0, 0, 0, 0, 100, 1, 0, 0, 0, 0, 0, 0, 0, 0);

-- Spell list for Elder Saltwater Crocolisk
UPDATE `creature_template` SET `spell_list_id`=26350 WHERE `entry`=2635;
INSERT INTO `creature_spells` (`entry`, `name`, `spellId_1`, `probability_1`, `castTarget_1`, `targetParam1_1`, `targetParam2_1`, `castFlags_1`, `delayInitialMin_1`, `delayInitialMax_1`, `delayRepeatMin_1`, `delayRepeatMax_1`) VALUES (26350, 'Stranglethorn Vale - Elder Saltwater Crocolisk', 3604, 100, 1, 0, 0, 0, 3, 8, 13, 24);

-- Spell list for Siege Golem
UPDATE `creature_template` SET `spell_list_id`=27490 WHERE `entry`=2749;
INSERT INTO `creature_spells` (`entry`, `name`, `spellId_1`, `probability_1`, `castTarget_1`, `targetParam1_1`, `targetParam2_1`, `castFlags_1`, `delayInitialMin_1`, `delayInitialMax_1`, `delayRepeatMin_1`, `delayRepeatMax_1`) VALUES (27490, 'Badlands - Siege Golem', 10578, 100, 1, 0, 0, 0, 2, 5, 8, 12);

-- Spell list for Vile Familiar
UPDATE `creature_template` SET `spell_list_id`=31010 WHERE `entry`=3101;
INSERT INTO `creature_spells` (`entry`, `name`, `spellId_1`, `probability_1`, `castTarget_1`, `targetParam1_1`, `targetParam2_1`, `castFlags_1`, `delayInitialMin_1`, `delayInitialMax_1`, `delayRepeatMin_1`, `delayRepeatMax_1`) VALUES (31010, 'Durotar - Vile Familiar', 11921, 50, 1, 0, 0, 0, 5, 15, 5, 15);

-- Spell list for Witchwing Windcaller
UPDATE `creature_template` SET `spell_list_id`=32800 WHERE `entry`=3280;
INSERT INTO `creature_spells` (`entry`, `name`, `spellId_1`, `probability_1`, `castTarget_1`, `targetParam1_1`, `targetParam2_1`, `castFlags_1`, `delayInitialMin_1`, `delayInitialMax_1`, `delayRepeatMin_1`, `delayRepeatMax_1`) VALUES (32800, 'The Barrens - Witchwing Windcaller', 6728, 100, 5, 0, 0, 32, 4, 7, 12, 15);

-- Spell list for Southsea Cannoneer
UPDATE `creature_template` SET `spell_list_id`=33820 WHERE `entry`=3382;
INSERT INTO `creature_spells` (`entry`, `name`, `spellId_1`, `probability_1`, `castTarget_1`, `targetParam1_1`, `targetParam2_1`, `castFlags_1`, `delayInitialMin_1`, `delayInitialMax_1`, `delayRepeatMin_1`, `delayRepeatMax_1`, `scriptId_1`, `spellId_2`, `probability_2`, `castTarget_2`, `targetParam1_2`, `targetParam2_2`, `castFlags_2`, `delayInitialMin_2`, `delayInitialMax_2`, `delayRepeatMin_2`, `delayRepeatMax_2`, `scriptId_2`, `spellId_3`, `probability_3`, `castTarget_3`, `targetParam1_3`, `targetParam2_3`, `castFlags_3`, `delayInitialMin_3`, `delayInitialMax_3`, `delayRepeatMin_3`, `delayRepeatMax_3`, `scriptId_3`, `spellId_4`, `probability_4`, `castTarget_4`, `targetParam1_4`, `targetParam2_4`, `castFlags_4`, `delayInitialMin_4`, `delayInitialMax_4`, `delayRepeatMin_4`, `delayRepeatMax_4`, `scriptId_4`, `spellId_5`, `probability_5`, `castTarget_5`, `targetParam1_5`, `targetParam2_5`, `castFlags_5`, `delayInitialMin_5`, `delayInitialMax_5`, `delayRepeatMin_5`, `delayRepeatMax_5`, `scriptId_5`, `spellId_6`, `probability_6`, `castTarget_6`, `targetParam1_6`, `targetParam2_6`, `castFlags_6`, `delayInitialMin_6`, `delayInitialMax_6`, `delayRepeatMin_6`, `delayRepeatMax_6`, `scriptId_6`, `spellId_7`, `probability_7`, `castTarget_7`, `targetParam1_7`, `targetParam2_7`, `castFlags_7`, `delayInitialMin_7`, `delayInitialMax_7`, `delayRepeatMin_7`, `delayRepeatMax_7`, `scriptId_7`, `spellId_8`, `probability_8`, `castTarget_8`, `targetParam1_8`, `targetParam2_8`, `castFlags_8`, `delayInitialMin_8`, `delayInitialMax_8`, `delayRepeatMin_8`, `delayRepeatMax_8`, `scriptId_8`) VALUES (33820, 'The Barrens - Southsea Cannoneer', 6660, 100, 1, 0, 0, 8, 0, 0, 2, 3, 0, 0, 100, 1, 0, 0, 0, 0, 0, 0, 0, 0, 0, 100, 1, 0, 0, 0, 0, 0, 0, 0, 0, 0, 100, 1, 0, 0, 0, 0, 0, 0, 0, 0, 0, 100, 1, 0, 0, 0, 0, 0, 0, 0, 0, 0, 100, 1, 0, 0, 0, 0, 0, 0, 0, 0, 0, 100, 1, 0, 0, 0, 0, 0, 0, 0, 0, 0, 100, 1, 0, 0, 0, 0, 0, 0, 0, 0);

-- Spell list for Southsea Privateer
UPDATE `creature_template` SET `spell_list_id`=33840 WHERE `entry`=3384;
INSERT INTO `creature_spells` (`entry`, `name`, `spellId_1`, `probability_1`, `castTarget_1`, `targetParam1_1`, `targetParam2_1`, `castFlags_1`, `delayInitialMin_1`, `delayInitialMax_1`, `delayRepeatMin_1`, `delayRepeatMax_1`, `scriptId_1`, `spellId_2`, `probability_2`, `castTarget_2`, `targetParam1_2`, `targetParam2_2`, `castFlags_2`, `delayInitialMin_2`, `delayInitialMax_2`, `delayRepeatMin_2`, `delayRepeatMax_2`, `scriptId_2`, `spellId_3`, `probability_3`, `castTarget_3`, `targetParam1_3`, `targetParam2_3`, `castFlags_3`, `delayInitialMin_3`, `delayInitialMax_3`, `delayRepeatMin_3`, `delayRepeatMax_3`, `scriptId_3`, `spellId_4`, `probability_4`, `castTarget_4`, `targetParam1_4`, `targetParam2_4`, `castFlags_4`, `delayInitialMin_4`, `delayInitialMax_4`, `delayRepeatMin_4`, `delayRepeatMax_4`, `scriptId_4`, `spellId_5`, `probability_5`, `castTarget_5`, `targetParam1_5`, `targetParam2_5`, `castFlags_5`, `delayInitialMin_5`, `delayInitialMax_5`, `delayRepeatMin_5`, `delayRepeatMax_5`, `scriptId_5`, `spellId_6`, `probability_6`, `castTarget_6`, `targetParam1_6`, `targetParam2_6`, `castFlags_6`, `delayInitialMin_6`, `delayInitialMax_6`, `delayRepeatMin_6`, `delayRepeatMax_6`, `scriptId_6`, `spellId_7`, `probability_7`, `castTarget_7`, `targetParam1_7`, `targetParam2_7`, `castFlags_7`, `delayInitialMin_7`, `delayInitialMax_7`, `delayRepeatMin_7`, `delayRepeatMax_7`, `scriptId_7`, `spellId_8`, `probability_8`, `castTarget_8`, `targetParam1_8`, `targetParam2_8`, `castFlags_8`, `delayInitialMin_8`, `delayInitialMax_8`, `delayRepeatMin_8`, `delayRepeatMax_8`, `scriptId_8`) VALUES (33840, 'The Barrens - Southsea Privateer', 3011, 100, 1, 0, 0, 0, 4, 6, 9, 13, 0, 6660, 100, 1, 0, 0, 8, 0, 0, 2, 3, 0, 0, 100, 1, 0, 0, 0, 0, 0, 0, 0, 0, 0, 100, 1, 0, 0, 0, 0, 0, 0, 0, 0, 0, 100, 1, 0, 0, 0, 0, 0, 0, 0, 0, 0, 100, 1, 0, 0, 0, 0, 0, 0, 0, 0, 0, 100, 1, 0, 0, 0, 0, 0, 0, 0, 0, 0, 100, 1, 0, 0, 0, 0, 0, 0, 0, 0);

-- Spell list for Salt Flats Scavenger
UPDATE `creature_template` SET `spell_list_id`=41540, `ai_name`='', `script_name` = '' WHERE `entry`=4154;
INSERT INTO `creature_spells` (`entry`, `name`, `spellId_1`, `probability_1`, `castTarget_1`, `targetParam1_1`, `targetParam2_1`, `castFlags_1`, `delayInitialMin_1`, `delayInitialMax_1`, `delayRepeatMin_1`, `delayRepeatMax_1`, `scriptId_1`, `spellId_2`, `probability_2`, `castTarget_2`, `targetParam1_2`, `targetParam2_2`, `castFlags_2`, `delayInitialMin_2`, `delayInitialMax_2`, `delayRepeatMin_2`, `delayRepeatMax_2`, `scriptId_2`, `spellId_3`, `probability_3`, `castTarget_3`, `targetParam1_3`, `targetParam2_3`, `castFlags_3`, `delayInitialMin_3`, `delayInitialMax_3`, `delayRepeatMin_3`, `delayRepeatMax_3`, `scriptId_3`, `spellId_4`, `probability_4`, `castTarget_4`, `targetParam1_4`, `targetParam2_4`, `castFlags_4`, `delayInitialMin_4`, `delayInitialMax_4`, `delayRepeatMin_4`, `delayRepeatMax_4`, `scriptId_4`, `spellId_5`, `probability_5`, `castTarget_5`, `targetParam1_5`, `targetParam2_5`, `castFlags_5`, `delayInitialMin_5`, `delayInitialMax_5`, `delayRepeatMin_5`, `delayRepeatMax_5`, `scriptId_5`, `spellId_6`, `probability_6`, `castTarget_6`, `targetParam1_6`, `targetParam2_6`, `castFlags_6`, `delayInitialMin_6`, `delayInitialMax_6`, `delayRepeatMin_6`, `delayRepeatMax_6`, `scriptId_6`, `spellId_7`, `probability_7`, `castTarget_7`, `targetParam1_7`, `targetParam2_7`, `castFlags_7`, `delayInitialMin_7`, `delayInitialMax_7`, `delayRepeatMin_7`, `delayRepeatMax_7`, `scriptId_7`, `spellId_8`, `probability_8`, `castTarget_8`, `targetParam1_8`, `targetParam2_8`, `castFlags_8`, `delayInitialMin_8`, `delayInitialMax_8`, `delayRepeatMin_8`, `delayRepeatMax_8`, `scriptId_8`) VALUES (41540, 'Thousand Needles - Salt Flats Scavenger', 7160, 100, 1, 0, 0, 0, 0, 0, 30, 30, 0, 0, 0, 0, 0, 0, 0, 0, 0, 0, 0, 0, 0, 0, 0, 0, 0, 0, 0, 0, 0, 0, 0, 0, 0, 0, 0, 0, 0, 0, 0, 0, 0, 0, 0, 0, 0, 0, 0, 0, 0, 0, 0, 0, 0, 0, 0, 0, 0, 0, 0, 0, 0, 0, 0, 0, 0, 0, 0, 0, 0, 0, 0, 0, 0, 0, 0, 0, 0, 0, 0, 0, 0, 0, 0, 0, 0, 0);

-- Spell list for Pesterhide Snarler
UPDATE `creature_template` SET `spell_list_id`=42490 WHERE `entry`=4249;
INSERT INTO `creature_spells` (`entry`, `name`, `spellId_1`, `probability_1`, `castTarget_1`, `targetParam1_1`, `targetParam2_1`, `castFlags_1`, `delayInitialMin_1`, `delayInitialMax_1`, `delayRepeatMin_1`, `delayRepeatMax_1`) VALUES (42490, 'Thousand Needles - Pesterhide Snarler', 6576, 100, 5, 0, 0, 0, 5, 10, 12, 16);

-- Spell list for Foreman Cozzle
UPDATE `creature_template` SET `spell_list_id`=47230 WHERE `entry`=4723;
INSERT INTO `creature_spells` (`entry`, `name`, `spellId_1`, `probability_1`, `castTarget_1`, `targetParam1_1`, `targetParam2_1`, `castFlags_1`, `delayInitialMin_1`, `delayInitialMax_1`, `delayRepeatMin_1`, `delayRepeatMax_1`, `scriptId_1`, `spellId_2`, `probability_2`, `castTarget_2`, `targetParam1_2`, `targetParam2_2`, `castFlags_2`, `delayInitialMin_2`, `delayInitialMax_2`, `delayRepeatMin_2`, `delayRepeatMax_2`, `scriptId_2`, `spellId_3`, `probability_3`, `castTarget_3`, `targetParam1_3`, `targetParam2_3`, `castFlags_3`, `delayInitialMin_3`, `delayInitialMax_3`, `delayRepeatMin_3`, `delayRepeatMax_3`, `scriptId_3`, `spellId_4`, `probability_4`, `castTarget_4`, `targetParam1_4`, `targetParam2_4`, `castFlags_4`, `delayInitialMin_4`, `delayInitialMax_4`, `delayRepeatMin_4`, `delayRepeatMax_4`, `scriptId_4`, `spellId_5`, `probability_5`, `castTarget_5`, `targetParam1_5`, `targetParam2_5`, `castFlags_5`, `delayInitialMin_5`, `delayInitialMax_5`, `delayRepeatMin_5`, `delayRepeatMax_5`, `scriptId_5`, `spellId_6`, `probability_6`, `castTarget_6`, `targetParam1_6`, `targetParam2_6`, `castFlags_6`, `delayInitialMin_6`, `delayInitialMax_6`, `delayRepeatMin_6`, `delayRepeatMax_6`, `scriptId_6`, `spellId_7`, `probability_7`, `castTarget_7`, `targetParam1_7`, `targetParam2_7`, `castFlags_7`, `delayInitialMin_7`, `delayInitialMax_7`, `delayRepeatMin_7`, `delayRepeatMax_7`, `scriptId_7`, `spellId_8`, `probability_8`, `castTarget_8`, `targetParam1_8`, `targetParam2_8`, `castFlags_8`, `delayInitialMin_8`, `delayInitialMax_8`, `delayRepeatMin_8`, `delayRepeatMax_8`, `scriptId_8`) VALUES (47230, 'Stranglethorn Vale - Foreman Cozzle', 184, 100, 0, 0, 0, 32, 5, 9, 24, 37, 0, 9532, 100, 1, 0, 0, 8, 0, 0, 2, 2, 0, 0, 100, 1, 0, 0, 0, 0, 0, 0, 0, 0, 0, 100, 1, 0, 0, 0, 0, 0, 0, 0, 0, 0, 100, 1, 0, 0, 0, 0, 0, 0, 0, 0, 0, 100, 1, 0, 0, 0, 0, 0, 0, 0, 0, 0, 100, 1, 0, 0, 0, 0, 0, 0, 0, 0, 0, 100, 1, 0, 0, 0, 0, 0, 0, 0, 0);

-- Spell list for Blackfathom Oracle
UPDATE `creature_template` SET `spell_list_id`=48030 WHERE `entry`=4803;
INSERT INTO `creature_spells` (`entry`, `name`, `spellId_1`, `probability_1`, `castTarget_1`, `targetParam1_1`, `targetParam2_1`, `castFlags_1`, `delayInitialMin_1`, `delayInitialMax_1`, `delayRepeatMin_1`, `delayRepeatMax_1`) VALUES (48030, 'Blackfathom Deeps - Blackfathom Oracle', 8363, 100, 1, 0, 0, 0, 3, 6, 25, 30);

-- Spell list for Blackfathom Myrmidon
DELETE FROM `creature_ai_scripts` WHERE `id` IN (480701);
DELETE FROM `creature_ai_events` WHERE `creature_id`=4807;
UPDATE `creature_template` SET `spell_list_id`=48070, `ai_name`='' WHERE `entry`=4807;
INSERT INTO `creature_spells` (`entry`, `name`, `spellId_1`, `probability_1`, `castTarget_1`, `targetParam1_1`, `targetParam2_1`, `castFlags_1`, `delayInitialMin_1`, `delayInitialMax_1`, `delayRepeatMin_1`, `delayRepeatMax_1`) VALUES (48070, 'Blackfathom Deeps - Blackfathom Myrmidon', 8379, 100, 1, 0, 0, 0, 5, 9, 16, 20);

-- Spell list for Atal'ai Warrior
DELETE FROM `creature_ai_scripts` WHERE `id` IN (525601, 525602);
DELETE FROM `creature_ai_events` WHERE `creature_id`=5256;
UPDATE `creature_template` SET `spell_list_id`=52560, `ai_name`='' WHERE `entry`=5256;
INSERT INTO `creature_spells` (`entry`, `name`, `spellId_1`, `probability_1`, `castTarget_1`, `targetParam1_1`, `targetParam2_1`, `castFlags_1`, `delayInitialMin_1`, `delayInitialMax_1`, `delayRepeatMin_1`, `delayRepeatMax_1`, `spellId_2`, `probability_2`, `castTarget_2`, `targetParam1_2`, `targetParam2_2`, `castFlags_2`, `delayInitialMin_2`, `delayInitialMax_2`, `delayRepeatMin_2`, `delayRepeatMax_2`) VALUES (52560, 'Sunken Temple - Atal\'ai Warrior', 13446, 100, 1, 0, 0, 0, 7, 15, 12, 17, 13445, 100, 1, 0, 0, 0, 7, 16, 19, 20);

-- Spell list for Diamond Head
UPDATE `creature_template` SET `spell_list_id`=53450 WHERE `entry`=5345;
INSERT INTO `creature_spells` (`entry`, `name`, `spellId_1`, `probability_1`, `castTarget_1`, `targetParam1_1`, `targetParam2_1`, `castFlags_1`, `delayInitialMin_1`, `delayInitialMax_1`, `delayRepeatMin_1`, `delayRepeatMax_1`, `scriptId_1`, `spellId_2`, `probability_2`, `castTarget_2`, `targetParam1_2`, `targetParam2_2`, `castFlags_2`, `delayInitialMin_2`, `delayInitialMax_2`, `delayRepeatMin_2`, `delayRepeatMax_2`, `scriptId_2`, `spellId_3`, `probability_3`, `castTarget_3`, `targetParam1_3`, `targetParam2_3`, `castFlags_3`, `delayInitialMin_3`, `delayInitialMax_3`, `delayRepeatMin_3`, `delayRepeatMax_3`, `scriptId_3`, `spellId_4`, `probability_4`, `castTarget_4`, `targetParam1_4`, `targetParam2_4`, `castFlags_4`, `delayInitialMin_4`, `delayInitialMax_4`, `delayRepeatMin_4`, `delayRepeatMax_4`, `scriptId_4`, `spellId_5`, `probability_5`, `castTarget_5`, `targetParam1_5`, `targetParam2_5`, `castFlags_5`, `delayInitialMin_5`, `delayInitialMax_5`, `delayRepeatMin_5`, `delayRepeatMax_5`, `scriptId_5`, `spellId_6`, `probability_6`, `castTarget_6`, `targetParam1_6`, `targetParam2_6`, `castFlags_6`, `delayInitialMin_6`, `delayInitialMax_6`, `delayRepeatMin_6`, `delayRepeatMax_6`, `scriptId_6`, `spellId_7`, `probability_7`, `castTarget_7`, `targetParam1_7`, `targetParam2_7`, `castFlags_7`, `delayInitialMin_7`, `delayInitialMax_7`, `delayRepeatMin_7`, `delayRepeatMax_7`, `scriptId_7`, `spellId_8`, `probability_8`, `castTarget_8`, `targetParam1_8`, `targetParam2_8`, `castFlags_8`, `delayInitialMin_8`, `delayInitialMax_8`, `delayRepeatMin_8`, `delayRepeatMax_8`, `scriptId_8`) VALUES (53450, 'Feralas - Diamond Head', 5164, 100, 1, 0, 0, 0, 0, 0, 15, 20, 0, 0, 100, 1, 0, 0, 0, 0, 0, 0, 0, 0, 0, 100, 1, 0, 0, 0, 0, 0, 0, 0, 0, 0, 100, 1, 0, 0, 0, 0, 0, 0, 0, 0, 0, 100, 1, 0, 0, 0, 0, 0, 0, 0, 0, 0, 100, 1, 0, 0, 0, 0, 0, 0, 0, 0, 0, 100, 1, 0, 0, 0, 0, 0, 0, 0, 0, 0, 100, 1, 0, 0, 0, 0, 0, 0, 0, 0);

-- Spell list for Kazkaz the Unholy
UPDATE `creature_template` SET `spell_list_id`=54010 WHERE `entry`=5401;
INSERT INTO `creature_spells` (`entry`, `name`, `spellId_1`, `probability_1`, `castTarget_1`, `targetParam1_1`, `targetParam2_1`, `castFlags_1`, `delayInitialMin_1`, `delayInitialMax_1`, `delayRepeatMin_1`, `delayRepeatMax_1`, `spellId_2`, `probability_2`, `castTarget_2`, `targetParam1_2`, `targetParam2_2`, `castFlags_2`, `delayInitialMin_2`, `delayInitialMax_2`, `delayRepeatMin_2`, `delayRepeatMax_2`, `spellId_3`, `probability_3`, `castTarget_3`, `targetParam1_3`, `targetParam2_3`, `castFlags_3`, `delayInitialMin_3`, `delayInitialMax_3`, `delayRepeatMin_3`, `delayRepeatMax_3`) VALUES (54010, 'Sunken Temple - Kazkaz the Unholy', 7645, 100, 2, 0, 0, 0, 14, 28, 24, 30, 9081, 100, 1, 0, 0, 0, 5, 9, 15, 32, 11639, 100, 4, 0, 0, 32, 2, 5, 10, 10);

-- Spell list for Captain Gerogg Hammertoe
UPDATE `creature_template` SET `spell_list_id`=58510 WHERE `entry`=5851;
INSERT INTO `creature_spells` (`entry`, `name`, `spellId_1`, `probability_1`, `castTarget_1`, `targetParam1_1`, `targetParam2_1`, `castFlags_1`, `delayInitialMin_1`, `delayInitialMax_1`, `delayRepeatMin_1`, `delayRepeatMax_1`, `spellId_2`, `probability_2`, `castTarget_2`, `targetParam1_2`, `targetParam2_2`, `castFlags_2`, `delayInitialMin_2`, `delayInitialMax_2`, `delayRepeatMin_2`, `delayRepeatMax_2`) VALUES (58510, 'The Barrens - Captain Gerogg Hammertoe', 7164, 100, 0, 0, 0, 0, 1, 5, 180, 180, 11972, 100, 1, 0, 0, 256, 0, 0, 11, 13);

-- Spell list for Heartrazor
UPDATE `creature_template` SET `spell_list_id`=59340 WHERE `entry`=5934;
INSERT INTO `creature_spells` (`entry`, `name`, `spellId_1`, `probability_1`, `castTarget_1`, `targetParam1_1`, `targetParam2_1`, `castFlags_1`, `delayInitialMin_1`, `delayInitialMax_1`, `delayRepeatMin_1`, `delayRepeatMax_1`) VALUES (59340, 'Thousand Needles - Heartrazor', 8256, 100, 4, 0, 0, 32, 10, 16, 12, 24);

-- Spell list for Techbot
UPDATE `creature_template` SET `spell_list_id`=62310 WHERE `entry`=6231;
INSERT INTO `creature_spells` (`entry`, `name`, `spellId_1`, `probability_1`, `castTarget_1`, `targetParam1_1`, `targetParam2_1`, `castFlags_1`, `delayInitialMin_1`, `delayInitialMax_1`, `delayRepeatMin_1`, `delayRepeatMax_1`, `spellId_2`, `probability_2`, `castTarget_2`, `targetParam1_2`, `targetParam2_2`, `castFlags_2`, `delayInitialMin_2`, `delayInitialMax_2`, `delayRepeatMin_2`, `delayRepeatMax_2`, `spellId_3`, `probability_3`, `castTarget_3`, `targetParam1_3`, `targetParam2_3`, `castFlags_3`, `delayInitialMin_3`, `delayInitialMax_3`, `delayRepeatMin_3`, `delayRepeatMax_3`) VALUES (62310, 'Gnomeregan - Techbot', 10852, 100, 0, 0, 0, 0, 5, 5, 19, 19, 10855, 100, 1, 0, 0, 0, 4, 8, 15, 25, 10858, 100, 1, 0, 0, 0, 10, 10, 22, 22);

-- Spell list for Tazan
UPDATE `creature_template` SET `spell_list_id`=64940 WHERE `entry`=6494;
INSERT INTO `creature_spells` (`entry`, `name`, `spellId_1`, `probability_1`, `castTarget_1`, `targetParam1_1`, `targetParam2_1`, `castFlags_1`, `delayInitialMin_1`, `delayInitialMax_1`, `delayRepeatMin_1`, `delayRepeatMax_1`, `scriptId_1`, `spellId_2`, `probability_2`, `castTarget_2`, `targetParam1_2`, `targetParam2_2`, `castFlags_2`, `delayInitialMin_2`, `delayInitialMax_2`, `delayRepeatMin_2`, `delayRepeatMax_2`, `scriptId_2`, `spellId_3`, `probability_3`, `castTarget_3`, `targetParam1_3`, `targetParam2_3`, `castFlags_3`, `delayInitialMin_3`, `delayInitialMax_3`, `delayRepeatMin_3`, `delayRepeatMax_3`, `scriptId_3`, `spellId_4`, `probability_4`, `castTarget_4`, `targetParam1_4`, `targetParam2_4`, `castFlags_4`, `delayInitialMin_4`, `delayInitialMax_4`, `delayRepeatMin_4`, `delayRepeatMax_4`, `scriptId_4`, `spellId_5`, `probability_5`, `castTarget_5`, `targetParam1_5`, `targetParam2_5`, `castFlags_5`, `delayInitialMin_5`, `delayInitialMax_5`, `delayRepeatMin_5`, `delayRepeatMax_5`, `scriptId_5`, `spellId_6`, `probability_6`, `castTarget_6`, `targetParam1_6`, `targetParam2_6`, `castFlags_6`, `delayInitialMin_6`, `delayInitialMax_6`, `delayRepeatMin_6`, `delayRepeatMax_6`, `scriptId_6`, `spellId_7`, `probability_7`, `castTarget_7`, `targetParam1_7`, `targetParam2_7`, `castFlags_7`, `delayInitialMin_7`, `delayInitialMax_7`, `delayRepeatMin_7`, `delayRepeatMax_7`, `scriptId_7`, `spellId_8`, `probability_8`, `castTarget_8`, `targetParam1_8`, `targetParam2_8`, `castFlags_8`, `delayInitialMin_8`, `delayInitialMax_8`, `delayRepeatMin_8`, `delayRepeatMax_8`, `scriptId_8`) VALUES (64940, 'The Barrens - Tazan', 6253, 80, 1, 0, 0, 0, 0, 6, 6, 10, 0, 0, 100, 1, 0, 0, 0, 0, 0, 0, 0, 0, 0, 100, 1, 0, 0, 0, 0, 0, 0, 0, 0, 0, 100, 1, 0, 0, 0, 0, 0, 0, 0, 0, 0, 100, 1, 0, 0, 0, 0, 0, 0, 0, 0, 0, 100, 1, 0, 0, 0, 0, 0, 0, 0, 0, 0, 100, 1, 0, 0, 0, 0, 0, 0, 0, 0, 0, 100, 1, 0, 0, 0, 0, 0, 0, 0, 0);

-- Spell list for Gnarlpine Mystic
UPDATE `creature_template` SET `spell_list_id`=72350 WHERE `entry`=7235;
INSERT INTO `creature_spells` (`entry`, `name`, `spellId_1`, `probability_1`, `castTarget_1`, `targetParam1_1`, `targetParam2_1`, `castFlags_1`, `delayInitialMin_1`, `delayInitialMax_1`, `delayRepeatMin_1`, `delayRepeatMax_1`, `scriptId_1`, `spellId_2`, `probability_2`, `castTarget_2`, `targetParam1_2`, `targetParam2_2`, `castFlags_2`, `delayInitialMin_2`, `delayInitialMax_2`, `delayRepeatMin_2`, `delayRepeatMax_2`, `scriptId_2`, `spellId_3`, `probability_3`, `castTarget_3`, `targetParam1_3`, `targetParam2_3`, `castFlags_3`, `delayInitialMin_3`, `delayInitialMax_3`, `delayRepeatMin_3`, `delayRepeatMax_3`, `scriptId_3`, `spellId_4`, `probability_4`, `castTarget_4`, `targetParam1_4`, `targetParam2_4`, `castFlags_4`, `delayInitialMin_4`, `delayInitialMax_4`, `delayRepeatMin_4`, `delayRepeatMax_4`, `scriptId_4`, `spellId_5`, `probability_5`, `castTarget_5`, `targetParam1_5`, `targetParam2_5`, `castFlags_5`, `delayInitialMin_5`, `delayInitialMax_5`, `delayRepeatMin_5`, `delayRepeatMax_5`, `scriptId_5`, `spellId_6`, `probability_6`, `castTarget_6`, `targetParam1_6`, `targetParam2_6`, `castFlags_6`, `delayInitialMin_6`, `delayInitialMax_6`, `delayRepeatMin_6`, `delayRepeatMax_6`, `scriptId_6`, `spellId_7`, `probability_7`, `castTarget_7`, `targetParam1_7`, `targetParam2_7`, `castFlags_7`, `delayInitialMin_7`, `delayInitialMax_7`, `delayRepeatMin_7`, `delayRepeatMax_7`, `scriptId_7`, `spellId_8`, `probability_8`, `castTarget_8`, `targetParam1_8`, `targetParam2_8`, `castFlags_8`, `delayInitialMin_8`, `delayInitialMax_8`, `delayRepeatMin_8`, `delayRepeatMax_8`, `scriptId_8`) VALUES (72350, 'Teldrassil - Gnarlpine Mystic', 9739, 100, 1, 0, 0, 8, 0, 0, 2, 2, 0, 0, 100, 1, 0, 0, 0, 0, 0, 0, 0, 0, 0, 100, 1, 0, 0, 0, 0, 0, 0, 0, 0, 0, 100, 1, 0, 0, 0, 0, 0, 0, 0, 0, 0, 100, 1, 0, 0, 0, 0, 0, 0, 0, 0, 0, 100, 1, 0, 0, 0, 0, 0, 0, 0, 0, 0, 100, 1, 0, 0, 0, 0, 0, 0, 0, 0, 0, 100, 1, 0, 0, 0, 0, 0, 0, 0, 0);

-- Spell list for Galak Flame Guard
UPDATE `creature_template` SET `spell_list_id`=74040 WHERE `entry`=7404;
INSERT INTO `creature_spells` (`entry`, `name`, `spellId_1`, `probability_1`, `castTarget_1`, `targetParam1_1`, `targetParam2_1`, `castFlags_1`, `delayInitialMin_1`, `delayInitialMax_1`, `delayRepeatMin_1`, `delayRepeatMax_1`) VALUES (74040, 'Thousand Needles - Galak Flame Guard', 13730, 100, 0, 0, 0, 0, 2, 4, 27, 37);

-- Spell list for Frostsaber Huntress
UPDATE `creature_template` SET `spell_list_id`=74330 WHERE `entry`=7433;
INSERT INTO `creature_spells` (`entry`, `name`, `spellId_1`, `probability_1`, `castTarget_1`, `targetParam1_1`, `targetParam2_1`, `castFlags_1`, `delayInitialMin_1`, `delayInitialMax_1`, `delayRepeatMin_1`, `delayRepeatMax_1`) VALUES (74330, 'Winterspring - Frostsaber Huntress', 13443, 100, 1, 0, 0, 0, 7, 9, 16, 21);

-- Spell list for Cobalt Wyrmkin
UPDATE `creature_template` SET `spell_list_id`=74350 WHERE `entry`=7435;
INSERT INTO `creature_spells` (`entry`, `name`, `spellId_1`, `probability_1`, `castTarget_1`, `targetParam1_1`, `targetParam2_1`, `castFlags_1`, `delayInitialMin_1`, `delayInitialMax_1`, `delayRepeatMin_1`, `delayRepeatMax_1`, `scriptId_1`, `spellId_2`, `probability_2`, `castTarget_2`, `targetParam1_2`, `targetParam2_2`, `castFlags_2`, `delayInitialMin_2`, `delayInitialMax_2`, `delayRepeatMin_2`, `delayRepeatMax_2`, `scriptId_2`, `spellId_3`, `probability_3`, `castTarget_3`, `targetParam1_3`, `targetParam2_3`, `castFlags_3`, `delayInitialMin_3`, `delayInitialMax_3`, `delayRepeatMin_3`, `delayRepeatMax_3`, `scriptId_3`, `spellId_4`, `probability_4`, `castTarget_4`, `targetParam1_4`, `targetParam2_4`, `castFlags_4`, `delayInitialMin_4`, `delayInitialMax_4`, `delayRepeatMin_4`, `delayRepeatMax_4`, `scriptId_4`, `spellId_5`, `probability_5`, `castTarget_5`, `targetParam1_5`, `targetParam2_5`, `castFlags_5`, `delayInitialMin_5`, `delayInitialMax_5`, `delayRepeatMin_5`, `delayRepeatMax_5`, `scriptId_5`, `spellId_6`, `probability_6`, `castTarget_6`, `targetParam1_6`, `targetParam2_6`, `castFlags_6`, `delayInitialMin_6`, `delayInitialMax_6`, `delayRepeatMin_6`, `delayRepeatMax_6`, `scriptId_6`, `spellId_7`, `probability_7`, `castTarget_7`, `targetParam1_7`, `targetParam2_7`, `castFlags_7`, `delayInitialMin_7`, `delayInitialMax_7`, `delayRepeatMin_7`, `delayRepeatMax_7`, `scriptId_7`, `spellId_8`, `probability_8`, `castTarget_8`, `targetParam1_8`, `targetParam2_8`, `castFlags_8`, `delayInitialMin_8`, `delayInitialMax_8`, `delayRepeatMin_8`, `delayRepeatMax_8`, `scriptId_8`) VALUES (74350, 'Winterspring - Cobalt Wyrmkin', 15580, 100, 1, 0, 0, 0, 6, 9, 7, 9, 0, 9080, 100, 1, 0, 0, 0, 2, 4, 14, 18, 0, 0, 100, 1, 0, 0, 0, 0, 0, 0, 0, 0, 0, 100, 1, 0, 0, 0, 0, 0, 0, 0, 0, 0, 100, 1, 0, 0, 0, 0, 0, 0, 0, 0, 0, 100, 1, 0, 0, 0, 0, 0, 0, 0, 0, 0, 100, 1, 0, 0, 0, 0, 0, 0, 0, 0, 0, 100, 1, 0, 0, 0, 0, 0, 0, 0, 0);

-- Spell list for Cobalt Scalebane
UPDATE `creature_template` SET `spell_list_id`=74360 WHERE `entry`=7436;
INSERT INTO `creature_spells` (`entry`, `name`, `spellId_1`, `probability_1`, `castTarget_1`, `targetParam1_1`, `targetParam2_1`, `castFlags_1`, `delayInitialMin_1`, `delayInitialMax_1`, `delayRepeatMin_1`, `delayRepeatMax_1`, `scriptId_1`, `spellId_2`, `probability_2`, `castTarget_2`, `targetParam1_2`, `targetParam2_2`, `castFlags_2`, `delayInitialMin_2`, `delayInitialMax_2`, `delayRepeatMin_2`, `delayRepeatMax_2`, `scriptId_2`, `spellId_3`, `probability_3`, `castTarget_3`, `targetParam1_3`, `targetParam2_3`, `castFlags_3`, `delayInitialMin_3`, `delayInitialMax_3`, `delayRepeatMin_3`, `delayRepeatMax_3`, `scriptId_3`, `spellId_4`, `probability_4`, `castTarget_4`, `targetParam1_4`, `targetParam2_4`, `castFlags_4`, `delayInitialMin_4`, `delayInitialMax_4`, `delayRepeatMin_4`, `delayRepeatMax_4`, `scriptId_4`, `spellId_5`, `probability_5`, `castTarget_5`, `targetParam1_5`, `targetParam2_5`, `castFlags_5`, `delayInitialMin_5`, `delayInitialMax_5`, `delayRepeatMin_5`, `delayRepeatMax_5`, `scriptId_5`, `spellId_6`, `probability_6`, `castTarget_6`, `targetParam1_6`, `targetParam2_6`, `castFlags_6`, `delayInitialMin_6`, `delayInitialMax_6`, `delayRepeatMin_6`, `delayRepeatMax_6`, `scriptId_6`, `spellId_7`, `probability_7`, `castTarget_7`, `targetParam1_7`, `targetParam2_7`, `castFlags_7`, `delayInitialMin_7`, `delayInitialMax_7`, `delayRepeatMin_7`, `delayRepeatMax_7`, `scriptId_7`, `spellId_8`, `probability_8`, `castTarget_8`, `targetParam1_8`, `targetParam2_8`, `castFlags_8`, `delayInitialMin_8`, `delayInitialMax_8`, `delayRepeatMin_8`, `delayRepeatMax_8`, `scriptId_8`) VALUES (74360, 'Winterspring - Cobalt Scalebane', 15655, 100, 1, 0, 0, 256, 0, 0, 17, 21, 0, 6713, 100, 1, 0, 0, 0, 0, 9, 9, 13, 0, 0, 100, 1, 0, 0, 0, 0, 0, 0, 0, 0, 0, 100, 1, 0, 0, 0, 0, 0, 0, 0, 0, 0, 100, 1, 0, 0, 0, 0, 0, 0, 0, 0, 0, 100, 1, 0, 0, 0, 0, 0, 0, 0, 0, 0, 100, 1, 0, 0, 0, 0, 0, 0, 0, 0, 0, 100, 1, 0, 0, 0, 0, 0, 0, 0, 0);

-- Spell list for Cobalt Mageweaver
UPDATE `creature_template` SET `spell_list_id`=74370 WHERE `entry`=7437;
INSERT INTO `creature_spells` (`entry`, `name`, `spellId_1`, `probability_1`, `castTarget_1`, `targetParam1_1`, `targetParam2_1`, `castFlags_1`, `delayInitialMin_1`, `delayInitialMax_1`, `delayRepeatMin_1`, `delayRepeatMax_1`, `scriptId_1`, `spellId_2`, `probability_2`, `castTarget_2`, `targetParam1_2`, `targetParam2_2`, `castFlags_2`, `delayInitialMin_2`, `delayInitialMax_2`, `delayRepeatMin_2`, `delayRepeatMax_2`, `scriptId_2`, `spellId_3`, `probability_3`, `castTarget_3`, `targetParam1_3`, `targetParam2_3`, `castFlags_3`, `delayInitialMin_3`, `delayInitialMax_3`, `delayRepeatMin_3`, `delayRepeatMax_3`, `scriptId_3`, `spellId_4`, `probability_4`, `castTarget_4`, `targetParam1_4`, `targetParam2_4`, `castFlags_4`, `delayInitialMin_4`, `delayInitialMax_4`, `delayRepeatMin_4`, `delayRepeatMax_4`, `scriptId_4`, `spellId_5`, `probability_5`, `castTarget_5`, `targetParam1_5`, `targetParam2_5`, `castFlags_5`, `delayInitialMin_5`, `delayInitialMax_5`, `delayRepeatMin_5`, `delayRepeatMax_5`, `scriptId_5`, `spellId_6`, `probability_6`, `castTarget_6`, `targetParam1_6`, `targetParam2_6`, `castFlags_6`, `delayInitialMin_6`, `delayInitialMax_6`, `delayRepeatMin_6`, `delayRepeatMax_6`, `scriptId_6`, `spellId_7`, `probability_7`, `castTarget_7`, `targetParam1_7`, `targetParam2_7`, `castFlags_7`, `delayInitialMin_7`, `delayInitialMax_7`, `delayRepeatMin_7`, `delayRepeatMax_7`, `scriptId_7`, `spellId_8`, `probability_8`, `castTarget_8`, `targetParam1_8`, `targetParam2_8`, `castFlags_8`, `delayInitialMin_8`, `delayInitialMax_8`, `delayRepeatMin_8`, `delayRepeatMax_8`, `scriptId_8`) VALUES (74370, 'Winterspring - Cobalt Mageweaver', 15043, 100, 1, 0, 0, 8, 0, 0, 2, 2, 0, 0, 100, 1, 0, 0, 0, 0, 0, 0, 0, 0, 0, 100, 1, 0, 0, 0, 0, 0, 0, 0, 0, 0, 100, 1, 0, 0, 0, 0, 0, 0, 0, 0, 0, 100, 1, 0, 0, 0, 0, 0, 0, 0, 0, 0, 100, 1, 0, 0, 0, 0, 0, 0, 0, 0, 0, 100, 1, 0, 0, 0, 0, 0, 0, 0, 0, 0, 100, 1, 0, 0, 0, 0, 0, 0, 0, 0);

-- Spell list for Winterfall Shaman
UPDATE `creature_template` SET `spell_list_id`=74390 WHERE `entry`=7439;
INSERT INTO `creature_spells` (`entry`, `name`, `spellId_1`, `probability_1`, `castTarget_1`, `targetParam1_1`, `targetParam2_1`, `castFlags_1`, `delayInitialMin_1`, `delayInitialMax_1`, `delayRepeatMin_1`, `delayRepeatMax_1`, `scriptId_1`, `spellId_2`, `probability_2`, `castTarget_2`, `targetParam1_2`, `targetParam2_2`, `castFlags_2`, `delayInitialMin_2`, `delayInitialMax_2`, `delayRepeatMin_2`, `delayRepeatMax_2`, `scriptId_2`, `spellId_3`, `probability_3`, `castTarget_3`, `targetParam1_3`, `targetParam2_3`, `castFlags_3`, `delayInitialMin_3`, `delayInitialMax_3`, `delayRepeatMin_3`, `delayRepeatMax_3`, `scriptId_3`, `spellId_4`, `probability_4`, `castTarget_4`, `targetParam1_4`, `targetParam2_4`, `castFlags_4`, `delayInitialMin_4`, `delayInitialMax_4`, `delayRepeatMin_4`, `delayRepeatMax_4`, `scriptId_4`, `spellId_5`, `probability_5`, `castTarget_5`, `targetParam1_5`, `targetParam2_5`, `castFlags_5`, `delayInitialMin_5`, `delayInitialMax_5`, `delayRepeatMin_5`, `delayRepeatMax_5`, `scriptId_5`, `spellId_6`, `probability_6`, `castTarget_6`, `targetParam1_6`, `targetParam2_6`, `castFlags_6`, `delayInitialMin_6`, `delayInitialMax_6`, `delayRepeatMin_6`, `delayRepeatMax_6`, `scriptId_6`, `spellId_7`, `probability_7`, `castTarget_7`, `targetParam1_7`, `targetParam2_7`, `castFlags_7`, `delayInitialMin_7`, `delayInitialMax_7`, `delayRepeatMin_7`, `delayRepeatMax_7`, `scriptId_7`, `spellId_8`, `probability_8`, `castTarget_8`, `targetParam1_8`, `targetParam2_8`, `castFlags_8`, `delayInitialMin_8`, `delayInitialMax_8`, `delayRepeatMin_8`, `delayRepeatMax_8`, `scriptId_8`) VALUES (74390, 'Winterspring - Winterfall Shaman', 11431, 100, 15, 0, 0, 0, 0, 0, 15, 30, 0, 13585, 100, 0, 0, 0, 32, 0, 0, 15, 30, 0, 9532, 100, 1, 0, 0, 8, 0, 0, 2, 2, 0, 0, 100, 1, 0, 0, 0, 0, 0, 0, 0, 0, 0, 100, 1, 0, 0, 0, 0, 0, 0, 0, 0, 0, 100, 1, 0, 0, 0, 0, 0, 0, 0, 0, 0, 100, 1, 0, 0, 0, 0, 0, 0, 0, 0, 0, 100, 1, 0, 0, 0, 0, 0, 0, 0, 0);

-- Spell list for Winterfall Pathfinder
UPDATE `creature_template` SET `spell_list_id`=74420 WHERE `entry`=7442;
INSERT INTO `creature_spells` (`entry`, `name`, `spellId_1`, `probability_1`, `castTarget_1`, `targetParam1_1`, `targetParam2_1`, `castFlags_1`, `delayInitialMin_1`, `delayInitialMax_1`, `delayRepeatMin_1`, `delayRepeatMax_1`, `scriptId_1`, `spellId_2`, `probability_2`, `castTarget_2`, `targetParam1_2`, `targetParam2_2`, `castFlags_2`, `delayInitialMin_2`, `delayInitialMax_2`, `delayRepeatMin_2`, `delayRepeatMax_2`, `scriptId_2`, `spellId_3`, `probability_3`, `castTarget_3`, `targetParam1_3`, `targetParam2_3`, `castFlags_3`, `delayInitialMin_3`, `delayInitialMax_3`, `delayRepeatMin_3`, `delayRepeatMax_3`, `scriptId_3`, `spellId_4`, `probability_4`, `castTarget_4`, `targetParam1_4`, `targetParam2_4`, `castFlags_4`, `delayInitialMin_4`, `delayInitialMax_4`, `delayRepeatMin_4`, `delayRepeatMax_4`, `scriptId_4`, `spellId_5`, `probability_5`, `castTarget_5`, `targetParam1_5`, `targetParam2_5`, `castFlags_5`, `delayInitialMin_5`, `delayInitialMax_5`, `delayRepeatMin_5`, `delayRepeatMax_5`, `scriptId_5`, `spellId_6`, `probability_6`, `castTarget_6`, `targetParam1_6`, `targetParam2_6`, `castFlags_6`, `delayInitialMin_6`, `delayInitialMax_6`, `delayRepeatMin_6`, `delayRepeatMax_6`, `scriptId_6`, `spellId_7`, `probability_7`, `castTarget_7`, `targetParam1_7`, `targetParam2_7`, `castFlags_7`, `delayInitialMin_7`, `delayInitialMax_7`, `delayRepeatMin_7`, `delayRepeatMax_7`, `scriptId_7`, `spellId_8`, `probability_8`, `castTarget_8`, `targetParam1_8`, `targetParam2_8`, `castFlags_8`, `delayInitialMin_8`, `delayInitialMax_8`, `delayRepeatMin_8`, `delayRepeatMax_8`, `scriptId_8`) VALUES (74420, 'Winterspring - Winterfall Pathfinder', 16498, 100, 4, 0, 0, 0, 0, 0, 30, 35, 0, 6660, 100, 1, 0, 0, 8, 0, 0, 2, 2, 0, 0, 100, 1, 0, 0, 0, 0, 0, 0, 0, 0, 0, 100, 1, 0, 0, 0, 0, 0, 0, 0, 0, 0, 100, 1, 0, 0, 0, 0, 0, 0, 0, 0, 0, 100, 1, 0, 0, 0, 0, 0, 0, 0, 0, 0, 100, 1, 0, 0, 0, 0, 0, 0, 0, 0, 0, 100, 1, 0, 0, 0, 0, 0, 0, 0, 0);

-- Spell list for Chillwind Chimaera
UPDATE `creature_template` SET `spell_list_id`=74480, `auras`='15849' WHERE `entry`=7448;
INSERT INTO `creature_spells` (`entry`, `name`, `spellId_1`, `probability_1`, `castTarget_1`, `targetParam1_1`, `targetParam2_1`, `castFlags_1`, `delayInitialMin_1`, `delayInitialMax_1`, `delayRepeatMin_1`, `delayRepeatMax_1`, `scriptId_1`, `spellId_2`, `probability_2`, `castTarget_2`, `targetParam1_2`, `targetParam2_2`, `castFlags_2`, `delayInitialMin_2`, `delayInitialMax_2`, `delayRepeatMin_2`, `delayRepeatMax_2`, `scriptId_2`, `spellId_3`, `probability_3`, `castTarget_3`, `targetParam1_3`, `targetParam2_3`, `castFlags_3`, `delayInitialMin_3`, `delayInitialMax_3`, `delayRepeatMin_3`, `delayRepeatMax_3`, `scriptId_3`, `spellId_4`, `probability_4`, `castTarget_4`, `targetParam1_4`, `targetParam2_4`, `castFlags_4`, `delayInitialMin_4`, `delayInitialMax_4`, `delayRepeatMin_4`, `delayRepeatMax_4`, `scriptId_4`, `spellId_5`, `probability_5`, `castTarget_5`, `targetParam1_5`, `targetParam2_5`, `castFlags_5`, `delayInitialMin_5`, `delayInitialMax_5`, `delayRepeatMin_5`, `delayRepeatMax_5`, `scriptId_5`, `spellId_6`, `probability_6`, `castTarget_6`, `targetParam1_6`, `targetParam2_6`, `castFlags_6`, `delayInitialMin_6`, `delayInitialMax_6`, `delayRepeatMin_6`, `delayRepeatMax_6`, `scriptId_6`, `spellId_7`, `probability_7`, `castTarget_7`, `targetParam1_7`, `targetParam2_7`, `castFlags_7`, `delayInitialMin_7`, `delayInitialMax_7`, `delayRepeatMin_7`, `delayRepeatMax_7`, `scriptId_7`, `spellId_8`, `probability_8`, `castTarget_8`, `targetParam1_8`, `targetParam2_8`, `castFlags_8`, `delayInitialMin_8`, `delayInitialMax_8`, `delayRepeatMin_8`, `delayRepeatMax_8`, `scriptId_8`) VALUES (74480, 'Winterspring - Chillwind Chimaera', 15797, 100, 4, 0, 0, 0, 8, 13, 12, 15, 0, 0, 100, 1, 0, 0, 0, 0, 0, 0, 0, 0, 0, 100, 1, 0, 0, 0, 0, 0, 0, 0, 0, 0, 100, 1, 0, 0, 0, 0, 0, 0, 0, 0, 0, 100, 1, 0, 0, 0, 0, 0, 0, 0, 0, 0, 100, 1, 0, 0, 0, 0, 0, 0, 0, 0, 0, 100, 1, 0, 0, 0, 0, 0, 0, 0, 0, 0, 100, 1, 0, 0, 0, 0, 0, 0, 0, 0);

-- Spell list for Chillwind Ravager
UPDATE `creature_template` SET `spell_list_id`=74490 WHERE `entry`=7449;
INSERT INTO `creature_spells` (`entry`, `name`, `spellId_1`, `probability_1`, `castTarget_1`, `targetParam1_1`, `targetParam2_1`, `castFlags_1`, `delayInitialMin_1`, `delayInitialMax_1`, `delayRepeatMin_1`, `delayRepeatMax_1`) VALUES (74490, 'Winterspring - Chillwind Ravager', 3132, 75, 1, 0, 0, 0, 5, 15, 30, 45);

-- Spell list for Raging Owlbeast
UPDATE `creature_template` SET `spell_list_id`=74510 WHERE `entry`=7451;
INSERT INTO `creature_spells` (`entry`, `name`, `spellId_1`, `probability_1`, `castTarget_1`, `targetParam1_1`, `targetParam2_1`, `castFlags_1`, `delayInitialMin_1`, `delayInitialMax_1`, `delayRepeatMin_1`, `delayRepeatMax_1`, `scriptId_1`, `spellId_2`, `probability_2`, `castTarget_2`, `targetParam1_2`, `targetParam2_2`, `castFlags_2`, `delayInitialMin_2`, `delayInitialMax_2`, `delayRepeatMin_2`, `delayRepeatMax_2`, `scriptId_2`, `spellId_3`, `probability_3`, `castTarget_3`, `targetParam1_3`, `targetParam2_3`, `castFlags_3`, `delayInitialMin_3`, `delayInitialMax_3`, `delayRepeatMin_3`, `delayRepeatMax_3`, `scriptId_3`, `spellId_4`, `probability_4`, `castTarget_4`, `targetParam1_4`, `targetParam2_4`, `castFlags_4`, `delayInitialMin_4`, `delayInitialMax_4`, `delayRepeatMin_4`, `delayRepeatMax_4`, `scriptId_4`, `spellId_5`, `probability_5`, `castTarget_5`, `targetParam1_5`, `targetParam2_5`, `castFlags_5`, `delayInitialMin_5`, `delayInitialMax_5`, `delayRepeatMin_5`, `delayRepeatMax_5`, `scriptId_5`, `spellId_6`, `probability_6`, `castTarget_6`, `targetParam1_6`, `targetParam2_6`, `castFlags_6`, `delayInitialMin_6`, `delayInitialMax_6`, `delayRepeatMin_6`, `delayRepeatMax_6`, `scriptId_6`, `spellId_7`, `probability_7`, `castTarget_7`, `targetParam1_7`, `targetParam2_7`, `castFlags_7`, `delayInitialMin_7`, `delayInitialMax_7`, `delayRepeatMin_7`, `delayRepeatMax_7`, `scriptId_7`, `spellId_8`, `probability_8`, `castTarget_8`, `targetParam1_8`, `targetParam2_8`, `castFlags_8`, `delayInitialMin_8`, `delayInitialMax_8`, `delayRepeatMin_8`, `delayRepeatMax_8`, `scriptId_8`) VALUES (74510, 'Winterspring - Raging Owlbeast', 13443, 100, 1, 0, 0, 0, 0, 0, 13, 18, 0, 0, 100, 1, 0, 0, 0, 0, 0, 0, 0, 0, 0, 100, 1, 0, 0, 0, 0, 0, 0, 0, 0, 0, 100, 1, 0, 0, 0, 0, 0, 0, 0, 0, 0, 100, 1, 0, 0, 0, 0, 0, 0, 0, 0, 0, 100, 1, 0, 0, 0, 0, 0, 0, 0, 0, 0, 100, 1, 0, 0, 0, 0, 0, 0, 0, 0, 0, 100, 1, 0, 0, 0, 0, 0, 0, 0, 0);

-- Spell list for Moontouched Owlbeast
UPDATE `creature_template` SET `spell_list_id`=74530 WHERE `entry`=7453;
INSERT INTO `creature_spells` (`entry`, `name`, `spellId_1`, `probability_1`, `castTarget_1`, `targetParam1_1`, `targetParam2_1`, `castFlags_1`, `delayInitialMin_1`, `delayInitialMax_1`, `delayRepeatMin_1`, `delayRepeatMax_1`, `scriptId_1`, `spellId_2`, `probability_2`, `castTarget_2`, `targetParam1_2`, `targetParam2_2`, `castFlags_2`, `delayInitialMin_2`, `delayInitialMax_2`, `delayRepeatMin_2`, `delayRepeatMax_2`, `scriptId_2`, `spellId_3`, `probability_3`, `castTarget_3`, `targetParam1_3`, `targetParam2_3`, `castFlags_3`, `delayInitialMin_3`, `delayInitialMax_3`, `delayRepeatMin_3`, `delayRepeatMax_3`, `scriptId_3`, `spellId_4`, `probability_4`, `castTarget_4`, `targetParam1_4`, `targetParam2_4`, `castFlags_4`, `delayInitialMin_4`, `delayInitialMax_4`, `delayRepeatMin_4`, `delayRepeatMax_4`, `scriptId_4`, `spellId_5`, `probability_5`, `castTarget_5`, `targetParam1_5`, `targetParam2_5`, `castFlags_5`, `delayInitialMin_5`, `delayInitialMax_5`, `delayRepeatMin_5`, `delayRepeatMax_5`, `scriptId_5`, `spellId_6`, `probability_6`, `castTarget_6`, `targetParam1_6`, `targetParam2_6`, `castFlags_6`, `delayInitialMin_6`, `delayInitialMax_6`, `delayRepeatMin_6`, `delayRepeatMax_6`, `scriptId_6`, `spellId_7`, `probability_7`, `castTarget_7`, `targetParam1_7`, `targetParam2_7`, `castFlags_7`, `delayInitialMin_7`, `delayInitialMax_7`, `delayRepeatMin_7`, `delayRepeatMax_7`, `scriptId_7`, `spellId_8`, `probability_8`, `castTarget_8`, `targetParam1_8`, `targetParam2_8`, `castFlags_8`, `delayInitialMin_8`, `delayInitialMax_8`, `delayRepeatMin_8`, `delayRepeatMax_8`, `scriptId_8`) VALUES (74530, 'Winterspring - Moontouched Owlbeast', 15798, 100, 4, 0, 0, 0, 7, 11, 15, 18, 0, 12160, 100, 15, 0, 20, 32, 0, 0, 18, 21, 0, 0, 100, 1, 0, 0, 0, 0, 0, 0, 0, 0, 0, 100, 1, 0, 0, 0, 0, 0, 0, 0, 0, 0, 100, 1, 0, 0, 0, 0, 0, 0, 0, 0, 0, 100, 1, 0, 0, 0, 0, 0, 0, 0, 0, 0, 100, 1, 0, 0, 0, 0, 0, 0, 0, 0, 0, 100, 1, 0, 0, 0, 0, 0, 0, 0, 0);

-- Spell list for Rogue Ice Thistle
UPDATE `creature_template` SET `spell_list_id`=74570, `auras`='15876' WHERE `entry`=7457;
INSERT INTO `creature_spells` (`entry`, `name`, `spellId_1`, `probability_1`, `castTarget_1`, `targetParam1_1`, `targetParam2_1`, `castFlags_1`, `delayInitialMin_1`, `delayInitialMax_1`, `delayRepeatMin_1`, `delayRepeatMax_1`, `scriptId_1`, `spellId_2`, `probability_2`, `castTarget_2`, `targetParam1_2`, `targetParam2_2`, `castFlags_2`, `delayInitialMin_2`, `delayInitialMax_2`, `delayRepeatMin_2`, `delayRepeatMax_2`, `scriptId_2`, `spellId_3`, `probability_3`, `castTarget_3`, `targetParam1_3`, `targetParam2_3`, `castFlags_3`, `delayInitialMin_3`, `delayInitialMax_3`, `delayRepeatMin_3`, `delayRepeatMax_3`, `scriptId_3`, `spellId_4`, `probability_4`, `castTarget_4`, `targetParam1_4`, `targetParam2_4`, `castFlags_4`, `delayInitialMin_4`, `delayInitialMax_4`, `delayRepeatMin_4`, `delayRepeatMax_4`, `scriptId_4`, `spellId_5`, `probability_5`, `castTarget_5`, `targetParam1_5`, `targetParam2_5`, `castFlags_5`, `delayInitialMin_5`, `delayInitialMax_5`, `delayRepeatMin_5`, `delayRepeatMax_5`, `scriptId_5`, `spellId_6`, `probability_6`, `castTarget_6`, `targetParam1_6`, `targetParam2_6`, `castFlags_6`, `delayInitialMin_6`, `delayInitialMax_6`, `delayRepeatMin_6`, `delayRepeatMax_6`, `scriptId_6`, `spellId_7`, `probability_7`, `castTarget_7`, `targetParam1_7`, `targetParam2_7`, `castFlags_7`, `delayInitialMin_7`, `delayInitialMax_7`, `delayRepeatMin_7`, `delayRepeatMax_7`, `scriptId_7`, `spellId_8`, `probability_8`, `castTarget_8`, `targetParam1_8`, `targetParam2_8`, `castFlags_8`, `delayInitialMin_8`, `delayInitialMax_8`, `delayRepeatMin_8`, `delayRepeatMax_8`, `scriptId_8`) VALUES (74570, 'Winterspring - Rogue Ice Thistle', 3604, 100, 1, 0, 0, 32, 0, 0, 3, 6, 0, 0, 100, 1, 0, 0, 0, 0, 0, 0, 0, 0, 0, 100, 1, 0, 0, 0, 0, 0, 0, 0, 0, 0, 100, 1, 0, 0, 0, 0, 0, 0, 0, 0, 0, 100, 1, 0, 0, 0, 0, 0, 0, 0, 0, 0, 100, 1, 0, 0, 0, 0, 0, 0, 0, 0, 0, 100, 1, 0, 0, 0, 0, 0, 0, 0, 0, 0, 100, 1, 0, 0, 0, 0, 0, 0, 0, 0);

-- Spell list for Ice Thistle Yeti
UPDATE `creature_template` SET `spell_list_id`=74580, `auras`='15876' WHERE `entry`=7458;
INSERT INTO `creature_spells` (`entry`, `name`, `spellId_1`, `probability_1`, `castTarget_1`, `targetParam1_1`, `targetParam2_1`, `castFlags_1`, `delayInitialMin_1`, `delayInitialMax_1`, `delayRepeatMin_1`, `delayRepeatMax_1`, `scriptId_1`, `spellId_2`, `probability_2`, `castTarget_2`, `targetParam1_2`, `targetParam2_2`, `castFlags_2`, `delayInitialMin_2`, `delayInitialMax_2`, `delayRepeatMin_2`, `delayRepeatMax_2`, `scriptId_2`, `spellId_3`, `probability_3`, `castTarget_3`, `targetParam1_3`, `targetParam2_3`, `castFlags_3`, `delayInitialMin_3`, `delayInitialMax_3`, `delayRepeatMin_3`, `delayRepeatMax_3`, `scriptId_3`, `spellId_4`, `probability_4`, `castTarget_4`, `targetParam1_4`, `targetParam2_4`, `castFlags_4`, `delayInitialMin_4`, `delayInitialMax_4`, `delayRepeatMin_4`, `delayRepeatMax_4`, `scriptId_4`, `spellId_5`, `probability_5`, `castTarget_5`, `targetParam1_5`, `targetParam2_5`, `castFlags_5`, `delayInitialMin_5`, `delayInitialMax_5`, `delayRepeatMin_5`, `delayRepeatMax_5`, `scriptId_5`, `spellId_6`, `probability_6`, `castTarget_6`, `targetParam1_6`, `targetParam2_6`, `castFlags_6`, `delayInitialMin_6`, `delayInitialMax_6`, `delayRepeatMin_6`, `delayRepeatMax_6`, `scriptId_6`, `spellId_7`, `probability_7`, `castTarget_7`, `targetParam1_7`, `targetParam2_7`, `castFlags_7`, `delayInitialMin_7`, `delayInitialMax_7`, `delayRepeatMin_7`, `delayRepeatMax_7`, `scriptId_7`, `spellId_8`, `probability_8`, `castTarget_8`, `targetParam1_8`, `targetParam2_8`, `castFlags_8`, `delayInitialMin_8`, `delayInitialMax_8`, `delayRepeatMin_8`, `delayRepeatMax_8`, `scriptId_8`) VALUES (74580, 'Winterspring - Ice Thistle Yeti', 3604, 100, 1, 0, 0, 32, 0, 0, 3, 6, 0, 0, 100, 1, 0, 0, 0, 0, 0, 0, 0, 0, 0, 100, 1, 0, 0, 0, 0, 0, 0, 0, 0, 0, 100, 1, 0, 0, 0, 0, 0, 0, 0, 0, 0, 100, 1, 0, 0, 0, 0, 0, 0, 0, 0, 0, 100, 1, 0, 0, 0, 0, 0, 0, 0, 0, 0, 100, 1, 0, 0, 0, 0, 0, 0, 0, 0, 0, 100, 1, 0, 0, 0, 0, 0, 0, 0, 0);

-- Spell list for Ice Thistle Patriarch
UPDATE `creature_template` SET `spell_list_id`=74600, `auras`='15876' WHERE `entry`=7460;
INSERT INTO `creature_spells` (`entry`, `name`, `spellId_1`, `probability_1`, `castTarget_1`, `targetParam1_1`, `targetParam2_1`, `castFlags_1`, `delayInitialMin_1`, `delayInitialMax_1`, `delayRepeatMin_1`, `delayRepeatMax_1`, `scriptId_1`, `spellId_2`, `probability_2`, `castTarget_2`, `targetParam1_2`, `targetParam2_2`, `castFlags_2`, `delayInitialMin_2`, `delayInitialMax_2`, `delayRepeatMin_2`, `delayRepeatMax_2`, `scriptId_2`, `spellId_3`, `probability_3`, `castTarget_3`, `targetParam1_3`, `targetParam2_3`, `castFlags_3`, `delayInitialMin_3`, `delayInitialMax_3`, `delayRepeatMin_3`, `delayRepeatMax_3`, `scriptId_3`, `spellId_4`, `probability_4`, `castTarget_4`, `targetParam1_4`, `targetParam2_4`, `castFlags_4`, `delayInitialMin_4`, `delayInitialMax_4`, `delayRepeatMin_4`, `delayRepeatMax_4`, `scriptId_4`, `spellId_5`, `probability_5`, `castTarget_5`, `targetParam1_5`, `targetParam2_5`, `castFlags_5`, `delayInitialMin_5`, `delayInitialMax_5`, `delayRepeatMin_5`, `delayRepeatMax_5`, `scriptId_5`, `spellId_6`, `probability_6`, `castTarget_6`, `targetParam1_6`, `targetParam2_6`, `castFlags_6`, `delayInitialMin_6`, `delayInitialMax_6`, `delayRepeatMin_6`, `delayRepeatMax_6`, `scriptId_6`, `spellId_7`, `probability_7`, `castTarget_7`, `targetParam1_7`, `targetParam2_7`, `castFlags_7`, `delayInitialMin_7`, `delayInitialMax_7`, `delayRepeatMin_7`, `delayRepeatMax_7`, `scriptId_7`, `spellId_8`, `probability_8`, `castTarget_8`, `targetParam1_8`, `targetParam2_8`, `castFlags_8`, `delayInitialMin_8`, `delayInitialMax_8`, `delayRepeatMin_8`, `delayRepeatMax_8`, `scriptId_8`) VALUES (74600, 'Winterspring - Ice Thistle Patriarch', 3131, 100, 1, 0, 0, 0, 1, 7, 10, 20, 0, 0, 100, 1, 0, 0, 0, 0, 0, 0, 0, 0, 0, 100, 1, 0, 0, 0, 0, 0, 0, 0, 0, 0, 100, 1, 0, 0, 0, 0, 0, 0, 0, 0, 0, 100, 1, 0, 0, 0, 0, 0, 0, 0, 0, 0, 100, 1, 0, 0, 0, 0, 0, 0, 0, 0, 0, 100, 1, 0, 0, 0, 0, 0, 0, 0, 0, 0, 100, 1, 0, 0, 0, 0, 0, 0, 0, 0);

-- Spell list for Suffering Highborne
UPDATE `creature_template` SET `spell_list_id`=75230 WHERE `entry`=7523;
INSERT INTO `creature_spells` (`entry`, `name`, `spellId_1`, `probability_1`, `castTarget_1`, `targetParam1_1`, `targetParam2_1`, `castFlags_1`, `delayInitialMin_1`, `delayInitialMax_1`, `delayRepeatMin_1`, `delayRepeatMax_1`) VALUES (75230, 'Winterspring - Suffering Highborne', 14868, 100, 4, 0, 0, 32, 0, 0, 13, 20);

-- Spell list for Anguished Highborne
UPDATE `creature_template` SET `spell_list_id`=75240 WHERE `entry`=7524;
INSERT INTO `creature_spells` (`entry`, `name`, `spellId_1`, `probability_1`, `castTarget_1`, `targetParam1_1`, `targetParam2_1`, `castFlags_1`, `delayInitialMin_1`, `delayInitialMax_1`, `delayRepeatMin_1`, `delayRepeatMax_1`, `scriptId_1`, `spellId_2`, `probability_2`, `castTarget_2`, `targetParam1_2`, `targetParam2_2`, `castFlags_2`, `delayInitialMin_2`, `delayInitialMax_2`, `delayRepeatMin_2`, `delayRepeatMax_2`, `scriptId_2`, `spellId_3`, `probability_3`, `castTarget_3`, `targetParam1_3`, `targetParam2_3`, `castFlags_3`, `delayInitialMin_3`, `delayInitialMax_3`, `delayRepeatMin_3`, `delayRepeatMax_3`, `scriptId_3`, `spellId_4`, `probability_4`, `castTarget_4`, `targetParam1_4`, `targetParam2_4`, `castFlags_4`, `delayInitialMin_4`, `delayInitialMax_4`, `delayRepeatMin_4`, `delayRepeatMax_4`, `scriptId_4`, `spellId_5`, `probability_5`, `castTarget_5`, `targetParam1_5`, `targetParam2_5`, `castFlags_5`, `delayInitialMin_5`, `delayInitialMax_5`, `delayRepeatMin_5`, `delayRepeatMax_5`, `scriptId_5`, `spellId_6`, `probability_6`, `castTarget_6`, `targetParam1_6`, `targetParam2_6`, `castFlags_6`, `delayInitialMin_6`, `delayInitialMax_6`, `delayRepeatMin_6`, `delayRepeatMax_6`, `scriptId_6`, `spellId_7`, `probability_7`, `castTarget_7`, `targetParam1_7`, `targetParam2_7`, `castFlags_7`, `delayInitialMin_7`, `delayInitialMax_7`, `delayRepeatMin_7`, `delayRepeatMax_7`, `scriptId_7`, `spellId_8`, `probability_8`, `castTarget_8`, `targetParam1_8`, `targetParam2_8`, `castFlags_8`, `delayInitialMin_8`, `delayInitialMax_8`, `delayRepeatMin_8`, `delayRepeatMax_8`, `scriptId_8`) VALUES (75240, 'Winterspring - Anguished Highborne', 13860, 100, 1, 0, 0, 136, 0, 0, 3, 3, 0, 13860, 100, 1, 0, 0, 64, 3, 6, 3, 6, 0, 0, 100, 1, 0, 0, 0, 0, 0, 0, 0, 0, 0, 100, 1, 0, 0, 0, 0, 0, 0, 0, 0, 0, 100, 1, 0, 0, 0, 0, 0, 0, 0, 0, 0, 100, 1, 0, 0, 0, 0, 0, 0, 0, 0, 0, 100, 1, 0, 0, 0, 0, 0, 0, 0, 0, 0, 100, 1, 0, 0, 0, 0, 0, 0, 0, 0);

-- Spell list for Ambassador Bloodrage
UPDATE `creature_template` SET `spell_list_id`=78950 WHERE `entry`=7895;
INSERT INTO `creature_spells` (`entry`, `name`, `spellId_1`, `probability_1`, `castTarget_1`, `targetParam1_1`, `targetParam2_1`, `castFlags_1`, `delayInitialMin_1`, `delayInitialMax_1`, `delayRepeatMin_1`, `delayRepeatMax_1`, `spellId_2`, `probability_2`, `castTarget_2`, `targetParam1_2`, `targetParam2_2`, `castFlags_2`, `delayInitialMin_2`, `delayInitialMax_2`, `delayRepeatMin_2`, `delayRepeatMax_2`, `spellId_3`, `probability_3`, `castTarget_3`, `targetParam1_3`, `targetParam2_3`, `castFlags_3`, `delayInitialMin_3`, `delayInitialMax_3`, `delayRepeatMin_3`, `delayRepeatMax_3`) VALUES (78950, 'The Barrens - Ambassador Bloodrage', 5137, 100, 1, 0, 0, 32, 0, 8, 2, 17, 11443, 100, 1, 0, 0, 0, 5, 9, 15, 25, 9613, 100, 1, 0, 0, 8, 0, 0, 2, 4);

-- Spell list for Anvilrage Overseer
UPDATE `creature_template` SET `spell_list_id`=88890, `auras`='13589' WHERE `entry`=8889;
INSERT INTO `creature_spells` (`entry`, `name`, `spellId_1`, `probability_1`, `castTarget_1`, `targetParam1_1`, `targetParam2_1`, `castFlags_1`, `delayInitialMin_1`, `delayInitialMax_1`, `delayRepeatMin_1`, `delayRepeatMax_1`, `scriptId_1`, `spellId_2`, `probability_2`, `castTarget_2`, `targetParam1_2`, `targetParam2_2`, `castFlags_2`, `delayInitialMin_2`, `delayInitialMax_2`, `delayRepeatMin_2`, `delayRepeatMax_2`, `scriptId_2`, `spellId_3`, `probability_3`, `castTarget_3`, `targetParam1_3`, `targetParam2_3`, `castFlags_3`, `delayInitialMin_3`, `delayInitialMax_3`, `delayRepeatMin_3`, `delayRepeatMax_3`, `scriptId_3`, `spellId_4`, `probability_4`, `castTarget_4`, `targetParam1_4`, `targetParam2_4`, `castFlags_4`, `delayInitialMin_4`, `delayInitialMax_4`, `delayRepeatMin_4`, `delayRepeatMax_4`, `scriptId_4`, `spellId_5`, `probability_5`, `castTarget_5`, `targetParam1_5`, `targetParam2_5`, `castFlags_5`, `delayInitialMin_5`, `delayInitialMax_5`, `delayRepeatMin_5`, `delayRepeatMax_5`, `scriptId_5`, `spellId_6`, `probability_6`, `castTarget_6`, `targetParam1_6`, `targetParam2_6`, `castFlags_6`, `delayInitialMin_6`, `delayInitialMax_6`, `delayRepeatMin_6`, `delayRepeatMax_6`, `scriptId_6`, `spellId_7`, `probability_7`, `castTarget_7`, `targetParam1_7`, `targetParam2_7`, `castFlags_7`, `delayInitialMin_7`, `delayInitialMax_7`, `delayRepeatMin_7`, `delayRepeatMax_7`, `scriptId_7`, `spellId_8`, `probability_8`, `castTarget_8`, `targetParam1_8`, `targetParam2_8`, `castFlags_8`, `delayInitialMin_8`, `delayInitialMax_8`, `delayRepeatMin_8`, `delayRepeatMax_8`, `scriptId_8`) VALUES (88890, 'Blackrock Depths - Anvilrage Overseer', 15580, 100, 1, 0, 0, 0, 8, 11, 7, 12, 0, 0, 100, 1, 0, 0, 0, 0, 0, 0, 0, 0, 0, 100, 1, 0, 0, 0, 0, 0, 0, 0, 0, 0, 100, 1, 0, 0, 0, 0, 0, 0, 0, 0, 0, 100, 1, 0, 0, 0, 0, 0, 0, 0, 0, 0, 100, 1, 0, 0, 0, 0, 0, 0, 0, 0, 0, 100, 1, 0, 0, 0, 0, 0, 0, 0, 0, 0, 100, 1, 0, 0, 0, 0, 0, 0, 0, 0);

-- Spell list for Anvilrage Guardsman
UPDATE `creature_template` SET `spell_list_id`=88910 WHERE `entry`=8891;
INSERT INTO `creature_spells` (`entry`, `name`, `spellId_1`, `probability_1`, `castTarget_1`, `targetParam1_1`, `targetParam2_1`, `castFlags_1`, `delayInitialMin_1`, `delayInitialMax_1`, `delayRepeatMin_1`, `delayRepeatMax_1`, `scriptId_1`, `spellId_2`, `probability_2`, `castTarget_2`, `targetParam1_2`, `targetParam2_2`, `castFlags_2`, `delayInitialMin_2`, `delayInitialMax_2`, `delayRepeatMin_2`, `delayRepeatMax_2`, `scriptId_2`, `spellId_3`, `probability_3`, `castTarget_3`, `targetParam1_3`, `targetParam2_3`, `castFlags_3`, `delayInitialMin_3`, `delayInitialMax_3`, `delayRepeatMin_3`, `delayRepeatMax_3`, `scriptId_3`, `spellId_4`, `probability_4`, `castTarget_4`, `targetParam1_4`, `targetParam2_4`, `castFlags_4`, `delayInitialMin_4`, `delayInitialMax_4`, `delayRepeatMin_4`, `delayRepeatMax_4`, `scriptId_4`, `spellId_5`, `probability_5`, `castTarget_5`, `targetParam1_5`, `targetParam2_5`, `castFlags_5`, `delayInitialMin_5`, `delayInitialMax_5`, `delayRepeatMin_5`, `delayRepeatMax_5`, `scriptId_5`, `spellId_6`, `probability_6`, `castTarget_6`, `targetParam1_6`, `targetParam2_6`, `castFlags_6`, `delayInitialMin_6`, `delayInitialMax_6`, `delayRepeatMin_6`, `delayRepeatMax_6`, `scriptId_6`, `spellId_7`, `probability_7`, `castTarget_7`, `targetParam1_7`, `targetParam2_7`, `castFlags_7`, `delayInitialMin_7`, `delayInitialMax_7`, `delayRepeatMin_7`, `delayRepeatMax_7`, `scriptId_7`, `spellId_8`, `probability_8`, `castTarget_8`, `targetParam1_8`, `targetParam2_8`, `castFlags_8`, `delayInitialMin_8`, `delayInitialMax_8`, `delayRepeatMin_8`, `delayRepeatMax_8`, `scriptId_8`) VALUES (88910, 'Blackrock Depths - Anvilrage Guardsman', 11971, 100, 1, 0, 0, 0, 5, 9, 5, 9, 0, 6713, 100, 1, 0, 0, 0, 4, 9, 9, 14, 0, 12169, 100, 0, 0, 0, 0, 11, 15, 10, 15, 0, 0, 100, 1, 0, 0, 0, 0, 0, 0, 0, 0, 0, 100, 1, 0, 0, 0, 0, 0, 0, 0, 0, 0, 100, 1, 0, 0, 0, 0, 0, 0, 0, 0, 0, 100, 1, 0, 0, 0, 0, 0, 0, 0, 0, 0, 100, 1, 0, 0, 0, 0, 0, 0, 0, 0);

-- Spell list for Doomforge Craftsman
UPDATE `creature_template` SET `spell_list_id`=88970 WHERE `entry`=8897;
INSERT INTO `creature_spells` (`entry`, `name`, `spellId_1`, `probability_1`, `castTarget_1`, `targetParam1_1`, `targetParam2_1`, `castFlags_1`, `delayInitialMin_1`, `delayInitialMax_1`, `delayRepeatMin_1`, `delayRepeatMax_1`, `scriptId_1`, `spellId_2`, `probability_2`, `castTarget_2`, `targetParam1_2`, `targetParam2_2`, `castFlags_2`, `delayInitialMin_2`, `delayInitialMax_2`, `delayRepeatMin_2`, `delayRepeatMax_2`, `scriptId_2`, `spellId_3`, `probability_3`, `castTarget_3`, `targetParam1_3`, `targetParam2_3`, `castFlags_3`, `delayInitialMin_3`, `delayInitialMax_3`, `delayRepeatMin_3`, `delayRepeatMax_3`, `scriptId_3`, `spellId_4`, `probability_4`, `castTarget_4`, `targetParam1_4`, `targetParam2_4`, `castFlags_4`, `delayInitialMin_4`, `delayInitialMax_4`, `delayRepeatMin_4`, `delayRepeatMax_4`, `scriptId_4`, `spellId_5`, `probability_5`, `castTarget_5`, `targetParam1_5`, `targetParam2_5`, `castFlags_5`, `delayInitialMin_5`, `delayInitialMax_5`, `delayRepeatMin_5`, `delayRepeatMax_5`, `scriptId_5`, `spellId_6`, `probability_6`, `castTarget_6`, `targetParam1_6`, `targetParam2_6`, `castFlags_6`, `delayInitialMin_6`, `delayInitialMax_6`, `delayRepeatMin_6`, `delayRepeatMax_6`, `scriptId_6`, `spellId_7`, `probability_7`, `castTarget_7`, `targetParam1_7`, `targetParam2_7`, `castFlags_7`, `delayInitialMin_7`, `delayInitialMax_7`, `delayRepeatMin_7`, `delayRepeatMax_7`, `scriptId_7`, `spellId_8`, `probability_8`, `castTarget_8`, `targetParam1_8`, `targetParam2_8`, `castFlags_8`, `delayInitialMin_8`, `delayInitialMax_8`, `delayRepeatMin_8`, `delayRepeatMax_8`, `scriptId_8`) VALUES (88970, 'Blackrock Depths - Doomforge Craftsman', 13951, 100, 15, 0, 0, 0, 5, 20, 20, 20, 0, 15619, 100, 1, 0, 0, 8, 0, 0, 1, 2, 0, 0, 100, 1, 0, 0, 0, 0, 0, 0, 0, 0, 0, 100, 1, 0, 0, 0, 0, 0, 0, 0, 0, 0, 100, 1, 0, 0, 0, 0, 0, 0, 0, 0, 0, 100, 1, 0, 0, 0, 0, 0, 0, 0, 0, 0, 100, 1, 0, 0, 0, 0, 0, 0, 0, 0, 0, 100, 1, 0, 0, 0, 0, 0, 0, 0, 0);

-- Spell list for Anvilrage Marshal
UPDATE `creature_template` SET `spell_list_id`=88980 WHERE `entry`=8898;
DELETE FROM `creature_ai_scripts` WHERE `id` IN (889801, 889802, 889803);
DELETE FROM `creature_ai_events` WHERE `id` IN (889801, 889802, 889803);
INSERT INTO `creature_spells` (`entry`, `name`, `spellId_1`, `probability_1`, `castTarget_1`, `targetParam1_1`, `targetParam2_1`, `castFlags_1`, `delayInitialMin_1`, `delayInitialMax_1`, `delayRepeatMin_1`, `delayRepeatMax_1`, `scriptId_1`, `spellId_2`, `probability_2`, `castTarget_2`, `targetParam1_2`, `targetParam2_2`, `castFlags_2`, `delayInitialMin_2`, `delayInitialMax_2`, `delayRepeatMin_2`, `delayRepeatMax_2`, `scriptId_2`, `spellId_3`, `probability_3`, `castTarget_3`, `targetParam1_3`, `targetParam2_3`, `castFlags_3`, `delayInitialMin_3`, `delayInitialMax_3`, `delayRepeatMin_3`, `delayRepeatMax_3`, `scriptId_3`, `spellId_4`, `probability_4`, `castTarget_4`, `targetParam1_4`, `targetParam2_4`, `castFlags_4`, `delayInitialMin_4`, `delayInitialMax_4`, `delayRepeatMin_4`, `delayRepeatMax_4`, `scriptId_4`, `spellId_5`, `probability_5`, `castTarget_5`, `targetParam1_5`, `targetParam2_5`, `castFlags_5`, `delayInitialMin_5`, `delayInitialMax_5`, `delayRepeatMin_5`, `delayRepeatMax_5`, `scriptId_5`, `spellId_6`, `probability_6`, `castTarget_6`, `targetParam1_6`, `targetParam2_6`, `castFlags_6`, `delayInitialMin_6`, `delayInitialMax_6`, `delayRepeatMin_6`, `delayRepeatMax_6`, `scriptId_6`, `spellId_7`, `probability_7`, `castTarget_7`, `targetParam1_7`, `targetParam2_7`, `castFlags_7`, `delayInitialMin_7`, `delayInitialMax_7`, `delayRepeatMin_7`, `delayRepeatMax_7`, `scriptId_7`, `spellId_8`, `probability_8`, `castTarget_8`, `targetParam1_8`, `targetParam2_8`, `castFlags_8`, `delayInitialMin_8`, `delayInitialMax_8`, `delayRepeatMin_8`, `delayRepeatMax_8`, `scriptId_8`) VALUES (88980, 'Blackrock Depths - Anvilrage Marshal', 8258, 100, 0, 0, 0, 32, 1, 3, 240, 300, 0, 13953, 100, 1, 0, 0, 0, 0, 0, 6, 8, 0, 15493, 100, 15, 0, 0, 0, 0, 0, 3, 6, 0, 0, 100, 1, 0, 0, 0, 0, 0, 0, 0, 0, 0, 100, 1, 0, 0, 0, 0, 0, 0, 0, 0, 0, 100, 1, 0, 0, 0, 0, 0, 0, 0, 0, 0, 100, 1, 0, 0, 0, 0, 0, 0, 0, 0, 0, 100, 1, 0, 0, 0, 0, 0, 0, 0, 0);

-- Spell list for Doomforge Dragoon
UPDATE `creature_template` SET `spell_list_id`=88990 WHERE `entry`=8899;
INSERT INTO `creature_spells` (`entry`, `name`, `spellId_1`, `probability_1`, `castTarget_1`, `targetParam1_1`, `targetParam2_1`, `castFlags_1`, `delayInitialMin_1`, `delayInitialMax_1`, `delayRepeatMin_1`, `delayRepeatMax_1`, `scriptId_1`, `spellId_2`, `probability_2`, `castTarget_2`, `targetParam1_2`, `targetParam2_2`, `castFlags_2`, `delayInitialMin_2`, `delayInitialMax_2`, `delayRepeatMin_2`, `delayRepeatMax_2`, `scriptId_2`, `spellId_3`, `probability_3`, `castTarget_3`, `targetParam1_3`, `targetParam2_3`, `castFlags_3`, `delayInitialMin_3`, `delayInitialMax_3`, `delayRepeatMin_3`, `delayRepeatMax_3`, `scriptId_3`, `spellId_4`, `probability_4`, `castTarget_4`, `targetParam1_4`, `targetParam2_4`, `castFlags_4`, `delayInitialMin_4`, `delayInitialMax_4`, `delayRepeatMin_4`, `delayRepeatMax_4`, `scriptId_4`, `spellId_5`, `probability_5`, `castTarget_5`, `targetParam1_5`, `targetParam2_5`, `castFlags_5`, `delayInitialMin_5`, `delayInitialMax_5`, `delayRepeatMin_5`, `delayRepeatMax_5`, `scriptId_5`, `spellId_6`, `probability_6`, `castTarget_6`, `targetParam1_6`, `targetParam2_6`, `castFlags_6`, `delayInitialMin_6`, `delayInitialMax_6`, `delayRepeatMin_6`, `delayRepeatMax_6`, `scriptId_6`, `spellId_7`, `probability_7`, `castTarget_7`, `targetParam1_7`, `targetParam2_7`, `castFlags_7`, `delayInitialMin_7`, `delayInitialMax_7`, `delayRepeatMin_7`, `delayRepeatMax_7`, `scriptId_7`, `spellId_8`, `probability_8`, `castTarget_8`, `targetParam1_8`, `targetParam2_8`, `castFlags_8`, `delayInitialMin_8`, `delayInitialMax_8`, `delayRepeatMin_8`, `delayRepeatMax_8`, `scriptId_8`) VALUES (88990, 'Blackrock Depths - Doomforge Dragoon', 15622, 100, 1, 0, 0, 64, 0, 10, 8, 12, 0, 15495, 100, 1, 0, 0, 0, 0, 10, 10, 20, 0, 15620, 100, 1, 0, 0, 8, 0, 0, 2, 3, 0, 0, 100, 1, 0, 0, 0, 0, 0, 0, 0, 0, 0, 100, 1, 0, 0, 0, 0, 0, 0, 0, 0, 0, 100, 1, 0, 0, 0, 0, 0, 0, 0, 0, 0, 100, 1, 0, 0, 0, 0, 0, 0, 0, 0, 0, 100, 1, 0, 0, 0, 0, 0, 0, 0, 0);

-- Spell list for Doomforge Arcanasmith
UPDATE `creature_template` SET `spell_list_id`=89000 WHERE `entry`=8900;
INSERT INTO `creature_spells` (`entry`, `name`, `spellId_1`, `probability_1`, `castTarget_1`, `targetParam1_1`, `targetParam2_1`, `castFlags_1`, `delayInitialMin_1`, `delayInitialMax_1`, `delayRepeatMin_1`, `delayRepeatMax_1`, `scriptId_1`, `spellId_2`, `probability_2`, `castTarget_2`, `targetParam1_2`, `targetParam2_2`, `castFlags_2`, `delayInitialMin_2`, `delayInitialMax_2`, `delayRepeatMin_2`, `delayRepeatMax_2`, `scriptId_2`, `spellId_3`, `probability_3`, `castTarget_3`, `targetParam1_3`, `targetParam2_3`, `castFlags_3`, `delayInitialMin_3`, `delayInitialMax_3`, `delayRepeatMin_3`, `delayRepeatMax_3`, `scriptId_3`, `spellId_4`, `probability_4`, `castTarget_4`, `targetParam1_4`, `targetParam2_4`, `castFlags_4`, `delayInitialMin_4`, `delayInitialMax_4`, `delayRepeatMin_4`, `delayRepeatMax_4`, `scriptId_4`, `spellId_5`, `probability_5`, `castTarget_5`, `targetParam1_5`, `targetParam2_5`, `castFlags_5`, `delayInitialMin_5`, `delayInitialMax_5`, `delayRepeatMin_5`, `delayRepeatMax_5`, `scriptId_5`, `spellId_6`, `probability_6`, `castTarget_6`, `targetParam1_6`, `targetParam2_6`, `castFlags_6`, `delayInitialMin_6`, `delayInitialMax_6`, `delayRepeatMin_6`, `delayRepeatMax_6`, `scriptId_6`, `spellId_7`, `probability_7`, `castTarget_7`, `targetParam1_7`, `targetParam2_7`, `castFlags_7`, `delayInitialMin_7`, `delayInitialMax_7`, `delayRepeatMin_7`, `delayRepeatMax_7`, `scriptId_7`, `spellId_8`, `probability_8`, `castTarget_8`, `targetParam1_8`, `targetParam2_8`, `castFlags_8`, `delayInitialMin_8`, `delayInitialMax_8`, `delayRepeatMin_8`, `delayRepeatMax_8`, `scriptId_8`) VALUES (89000, 'Blackrock Depths - Doomforge Arcanasmith', 13745, 100, 1, 0, 0, 64, 0, 10, 10, 20, 0, 13748, 100, 1, 0, 0, 8, 0, 0, 2, 2, 0, 0, 100, 1, 0, 0, 0, 0, 0, 0, 0, 0, 0, 100, 1, 0, 0, 0, 0, 0, 0, 0, 0, 0, 100, 1, 0, 0, 0, 0, 0, 0, 0, 0, 0, 100, 1, 0, 0, 0, 0, 0, 0, 0, 0, 0, 100, 1, 0, 0, 0, 0, 0, 0, 0, 0, 0, 100, 1, 0, 0, 0, 0, 0, 0, 0, 0);

-- Spell list for Fireguard
UPDATE `creature_template` SET `spell_list_id`=89090, `auras`='11966' WHERE `entry`=8909;
INSERT INTO `creature_spells` (`entry`, `name`, `spellId_1`, `probability_1`, `castTarget_1`, `targetParam1_1`, `targetParam2_1`, `castFlags_1`, `delayInitialMin_1`, `delayInitialMax_1`, `delayRepeatMin_1`, `delayRepeatMax_1`, `scriptId_1`, `spellId_2`, `probability_2`, `castTarget_2`, `targetParam1_2`, `targetParam2_2`, `castFlags_2`, `delayInitialMin_2`, `delayInitialMax_2`, `delayRepeatMin_2`, `delayRepeatMax_2`, `scriptId_2`, `spellId_3`, `probability_3`, `castTarget_3`, `targetParam1_3`, `targetParam2_3`, `castFlags_3`, `delayInitialMin_3`, `delayInitialMax_3`, `delayRepeatMin_3`, `delayRepeatMax_3`, `scriptId_3`, `spellId_4`, `probability_4`, `castTarget_4`, `targetParam1_4`, `targetParam2_4`, `castFlags_4`, `delayInitialMin_4`, `delayInitialMax_4`, `delayRepeatMin_4`, `delayRepeatMax_4`, `scriptId_4`, `spellId_5`, `probability_5`, `castTarget_5`, `targetParam1_5`, `targetParam2_5`, `castFlags_5`, `delayInitialMin_5`, `delayInitialMax_5`, `delayRepeatMin_5`, `delayRepeatMax_5`, `scriptId_5`, `spellId_6`, `probability_6`, `castTarget_6`, `targetParam1_6`, `targetParam2_6`, `castFlags_6`, `delayInitialMin_6`, `delayInitialMax_6`, `delayRepeatMin_6`, `delayRepeatMax_6`, `scriptId_6`, `spellId_7`, `probability_7`, `castTarget_7`, `targetParam1_7`, `targetParam2_7`, `castFlags_7`, `delayInitialMin_7`, `delayInitialMax_7`, `delayRepeatMin_7`, `delayRepeatMax_7`, `scriptId_7`, `spellId_8`, `probability_8`, `castTarget_8`, `targetParam1_8`, `targetParam2_8`, `castFlags_8`, `delayInitialMin_8`, `delayInitialMax_8`, `delayRepeatMin_8`, `delayRepeatMax_8`, `scriptId_8`) VALUES (89090, 'Blackrock Depths - Fireguard', 15242, 100, 1, 0, 0, 8, 0, 0, 2, 2, 0, 0, 100, 1, 0, 0, 0, 0, 0, 0, 0, 0, 0, 100, 1, 0, 0, 0, 0, 0, 0, 0, 0, 0, 100, 1, 0, 0, 0, 0, 0, 0, 0, 0, 0, 100, 1, 0, 0, 0, 0, 0, 0, 0, 0, 0, 100, 1, 0, 0, 0, 0, 0, 0, 0, 0, 0, 100, 1, 0, 0, 0, 0, 0, 0, 0, 0, 0, 100, 1, 0, 0, 0, 0, 0, 0, 0, 0);

-- Spell list for Blazing Fireguard
UPDATE `creature_template` SET `spell_list_id`=89100 WHERE `entry`=8910;
INSERT INTO `creature_spells` (`entry`, `name`, `spellId_1`, `probability_1`, `castTarget_1`, `targetParam1_1`, `targetParam2_1`, `castFlags_1`, `delayInitialMin_1`, `delayInitialMax_1`, `delayRepeatMin_1`, `delayRepeatMax_1`, `scriptId_1`, `spellId_2`, `probability_2`, `castTarget_2`, `targetParam1_2`, `targetParam2_2`, `castFlags_2`, `delayInitialMin_2`, `delayInitialMax_2`, `delayRepeatMin_2`, `delayRepeatMax_2`, `scriptId_2`, `spellId_3`, `probability_3`, `castTarget_3`, `targetParam1_3`, `targetParam2_3`, `castFlags_3`, `delayInitialMin_3`, `delayInitialMax_3`, `delayRepeatMin_3`, `delayRepeatMax_3`, `scriptId_3`, `spellId_4`, `probability_4`, `castTarget_4`, `targetParam1_4`, `targetParam2_4`, `castFlags_4`, `delayInitialMin_4`, `delayInitialMax_4`, `delayRepeatMin_4`, `delayRepeatMax_4`, `scriptId_4`, `spellId_5`, `probability_5`, `castTarget_5`, `targetParam1_5`, `targetParam2_5`, `castFlags_5`, `delayInitialMin_5`, `delayInitialMax_5`, `delayRepeatMin_5`, `delayRepeatMax_5`, `scriptId_5`, `spellId_6`, `probability_6`, `castTarget_6`, `targetParam1_6`, `targetParam2_6`, `castFlags_6`, `delayInitialMin_6`, `delayInitialMax_6`, `delayRepeatMin_6`, `delayRepeatMax_6`, `scriptId_6`, `spellId_7`, `probability_7`, `castTarget_7`, `targetParam1_7`, `targetParam2_7`, `castFlags_7`, `delayInitialMin_7`, `delayInitialMax_7`, `delayRepeatMin_7`, `delayRepeatMax_7`, `scriptId_7`, `spellId_8`, `probability_8`, `castTarget_8`, `targetParam1_8`, `targetParam2_8`, `castFlags_8`, `delayInitialMin_8`, `delayInitialMax_8`, `delayRepeatMin_8`, `delayRepeatMax_8`, `scriptId_8`) VALUES (89100, 'Blackrock Depths - Blazing Fireguard', 12742, 100, 4, 0, 0, 33, 9, 11, 11, 18, 0, 15241, 100, 1, 0, 0, 0, 5, 5, 3, 6, 0, 13341, 100, 1, 0, 0, 0, 3, 6, 6, 12, 0, 0, 100, 1, 0, 0, 0, 0, 0, 0, 0, 0, 0, 100, 1, 0, 0, 0, 0, 0, 0, 0, 0, 0, 100, 1, 0, 0, 0, 0, 0, 0, 0, 0, 0, 100, 1, 0, 0, 0, 0, 0, 0, 0, 0, 0, 100, 1, 0, 0, 0, 0, 0, 0, 0, 0);

-- Spell list for Twilight's Hammer Torturer
UPDATE `creature_template` SET `spell_list_id`=89120 WHERE `entry`=8912;
INSERT INTO `creature_spells` (`entry`, `name`, `spellId_1`, `probability_1`, `castTarget_1`, `targetParam1_1`, `targetParam2_1`, `castFlags_1`, `delayInitialMin_1`, `delayInitialMax_1`, `delayRepeatMin_1`, `delayRepeatMax_1`) VALUES (89120, 'Blackrock Depths - Twilight\'s Hammer Torturer', 14032, 100, 1, 0, 0, 0, 7, 15, 21, 33);

-- Spell list for Twilight Bodyguard
UPDATE `creature_template` SET `spell_list_id`=89140 WHERE `entry`=8914;
INSERT INTO `creature_spells` (`entry`, `name`, `spellId_1`, `probability_1`, `castTarget_1`, `targetParam1_1`, `targetParam2_1`, `castFlags_1`, `delayInitialMin_1`, `delayInitialMax_1`, `delayRepeatMin_1`, `delayRepeatMax_1`, `spellId_2`, `probability_2`, `castTarget_2`, `targetParam1_2`, `targetParam2_2`, `castFlags_2`, `delayInitialMin_2`, `delayInitialMax_2`, `delayRepeatMin_2`, `delayRepeatMax_2`) VALUES (89140, 'Blackrock Depths - Twilight Bodyguard', 13902, 100, 4, 0, 0, 0, 16, 16, 14, 14, 15615, 100, 1, 0, 0, 256, 0, 0, 4, 8);

-- Spell list for Bloodhound Mastiff
UPDATE `creature_template` SET `spell_list_id`=89220 WHERE `entry`=8922;
INSERT INTO `creature_spells` (`entry`, `name`, `spellId_1`, `probability_1`, `castTarget_1`, `targetParam1_1`, `targetParam2_1`, `castFlags_1`, `delayInitialMin_1`, `delayInitialMax_1`, `delayRepeatMin_1`, `delayRepeatMax_1`, `scriptId_1`, `spellId_2`, `probability_2`, `castTarget_2`, `targetParam1_2`, `targetParam2_2`, `castFlags_2`, `delayInitialMin_2`, `delayInitialMax_2`, `delayRepeatMin_2`, `delayRepeatMax_2`, `scriptId_2`, `spellId_3`, `probability_3`, `castTarget_3`, `targetParam1_3`, `targetParam2_3`, `castFlags_3`, `delayInitialMin_3`, `delayInitialMax_3`, `delayRepeatMin_3`, `delayRepeatMax_3`, `scriptId_3`, `spellId_4`, `probability_4`, `castTarget_4`, `targetParam1_4`, `targetParam2_4`, `castFlags_4`, `delayInitialMin_4`, `delayInitialMax_4`, `delayRepeatMin_4`, `delayRepeatMax_4`, `scriptId_4`, `spellId_5`, `probability_5`, `castTarget_5`, `targetParam1_5`, `targetParam2_5`, `castFlags_5`, `delayInitialMin_5`, `delayInitialMax_5`, `delayRepeatMin_5`, `delayRepeatMax_5`, `scriptId_5`, `spellId_6`, `probability_6`, `castTarget_6`, `targetParam1_6`, `targetParam2_6`, `castFlags_6`, `delayInitialMin_6`, `delayInitialMax_6`, `delayRepeatMin_6`, `delayRepeatMax_6`, `scriptId_6`, `spellId_7`, `probability_7`, `castTarget_7`, `targetParam1_7`, `targetParam2_7`, `castFlags_7`, `delayInitialMin_7`, `delayInitialMax_7`, `delayRepeatMin_7`, `delayRepeatMax_7`, `scriptId_7`, `spellId_8`, `probability_8`, `castTarget_8`, `targetParam1_8`, `targetParam2_8`, `castFlags_8`, `delayInitialMin_8`, `delayInitialMax_8`, `delayRepeatMin_8`, `delayRepeatMax_8`, `scriptId_8`) VALUES (89220, 'Blackrock Depths - Bloodhound Mastiff', 7140, 100, 4, 0, 0, 0, 5, 5, 2, 12, 0, 15608, 100, 1, 0, 0, 0, 8, 11, 9, 12, 0, 0, 100, 1, 0, 0, 0, 0, 0, 0, 0, 0, 0, 100, 1, 0, 0, 0, 0, 0, 0, 0, 0, 0, 100, 1, 0, 0, 0, 0, 0, 0, 0, 0, 0, 100, 1, 0, 0, 0, 0, 0, 0, 0, 0, 0, 100, 1, 0, 0, 0, 0, 0, 0, 0, 0, 0, 100, 1, 0, 0, 0, 0, 0, 0, 0, 0);

-- Spell list for Bannok Grimaxe
UPDATE `creature_template` SET `spell_list_id`=95960 WHERE `entry`=9596;
INSERT INTO `creature_spells` (`entry`, `name`, `spellId_1`, `probability_1`, `castTarget_1`, `targetParam1_1`, `targetParam2_1`, `castFlags_1`, `delayInitialMin_1`, `delayInitialMax_1`, `delayRepeatMin_1`, `delayRepeatMax_1`, `scriptId_1`, `spellId_2`, `probability_2`, `castTarget_2`, `targetParam1_2`, `targetParam2_2`, `castFlags_2`, `delayInitialMin_2`, `delayInitialMax_2`, `delayRepeatMin_2`, `delayRepeatMax_2`, `scriptId_2`, `spellId_3`, `probability_3`, `castTarget_3`, `targetParam1_3`, `targetParam2_3`, `castFlags_3`, `delayInitialMin_3`, `delayInitialMax_3`, `delayRepeatMin_3`, `delayRepeatMax_3`, `scriptId_3`, `spellId_4`, `probability_4`, `castTarget_4`, `targetParam1_4`, `targetParam2_4`, `castFlags_4`, `delayInitialMin_4`, `delayInitialMax_4`, `delayRepeatMin_4`, `delayRepeatMax_4`, `scriptId_4`, `spellId_5`, `probability_5`, `castTarget_5`, `targetParam1_5`, `targetParam2_5`, `castFlags_5`, `delayInitialMin_5`, `delayInitialMax_5`, `delayRepeatMin_5`, `delayRepeatMax_5`, `scriptId_5`, `spellId_6`, `probability_6`, `castTarget_6`, `targetParam1_6`, `targetParam2_6`, `castFlags_6`, `delayInitialMin_6`, `delayInitialMax_6`, `delayRepeatMin_6`, `delayRepeatMax_6`, `scriptId_6`, `spellId_7`, `probability_7`, `castTarget_7`, `targetParam1_7`, `targetParam2_7`, `castFlags_7`, `delayInitialMin_7`, `delayInitialMax_7`, `delayRepeatMin_7`, `delayRepeatMax_7`, `scriptId_7`, `spellId_8`, `probability_8`, `castTarget_8`, `targetParam1_8`, `targetParam2_8`, `castFlags_8`, `delayInitialMin_8`, `delayInitialMax_8`, `delayRepeatMin_8`, `delayRepeatMax_8`, `scriptId_8`) VALUES (95960, 'Blackrock Spire - Bannok Grimaxe', 13737, 100, 1, 0, 0, 0, 0, 0, 7, 11, 0, 0, 100, 1, 0, 0, 0, 0, 0, 0, 0, 0, 0, 100, 1, 0, 0, 0, 0, 0, 0, 0, 0, 0, 100, 1, 0, 0, 0, 0, 0, 0, 0, 0, 0, 100, 1, 0, 0, 0, 0, 0, 0, 0, 0, 0, 100, 1, 0, 0, 0, 0, 0, 0, 0, 0, 0, 100, 1, 0, 0, 0, 0, 0, 0, 0, 0, 0, 100, 1, 0, 0, 0, 0, 0, 0, 0, 0);

-- Spell list for Shadowforge Flame Keeper
UPDATE `creature_template` SET `spell_list_id`=99560 WHERE `entry`=9956;
INSERT INTO `creature_spells` (`entry`, `name`, `spellId_1`, `probability_1`, `castTarget_1`, `targetParam1_1`, `targetParam2_1`, `castFlags_1`, `delayInitialMin_1`, `delayInitialMax_1`, `delayRepeatMin_1`, `delayRepeatMax_1`, `spellId_2`, `probability_2`, `castTarget_2`, `targetParam1_2`, `targetParam2_2`, `castFlags_2`, `delayInitialMin_2`, `delayInitialMax_2`, `delayRepeatMin_2`, `delayRepeatMax_2`, `spellId_3`, `probability_3`, `castTarget_3`, `targetParam1_3`, `targetParam2_3`, `castFlags_3`, `delayInitialMin_3`, `delayInitialMax_3`, `delayRepeatMin_3`, `delayRepeatMax_3`) VALUES (99560, 'Blackrock Depths - Shadowforge Flame Keeper', 9080, 100, 1, 0, 0, 64, 0, 0, 12, 15, 11976, 100, 1, 0, 0, 64, 0, 0, 7, 12, 6660, 100, 1, 0, 0, 136, 0, 0, 2, 3);

-- Spell list for Ribbly's Crony
UPDATE `creature_template` SET `spell_list_id`=100430 WHERE `entry`=10043;
INSERT INTO `creature_spells` (`entry`, `name`, `spellId_1`, `probability_1`, `castTarget_1`, `targetParam1_1`, `targetParam2_1`, `castFlags_1`, `delayInitialMin_1`, `delayInitialMax_1`, `delayRepeatMin_1`, `delayRepeatMax_1`, `scriptId_1`, `spellId_2`, `probability_2`, `castTarget_2`, `targetParam1_2`, `targetParam2_2`, `castFlags_2`, `delayInitialMin_2`, `delayInitialMax_2`, `delayRepeatMin_2`, `delayRepeatMax_2`, `scriptId_2`, `spellId_3`, `probability_3`, `castTarget_3`, `targetParam1_3`, `targetParam2_3`, `castFlags_3`, `delayInitialMin_3`, `delayInitialMax_3`, `delayRepeatMin_3`, `delayRepeatMax_3`, `scriptId_3`, `spellId_4`, `probability_4`, `castTarget_4`, `targetParam1_4`, `targetParam2_4`, `castFlags_4`, `delayInitialMin_4`, `delayInitialMax_4`, `delayRepeatMin_4`, `delayRepeatMax_4`, `scriptId_4`, `spellId_5`, `probability_5`, `castTarget_5`, `targetParam1_5`, `targetParam2_5`, `castFlags_5`, `delayInitialMin_5`, `delayInitialMax_5`, `delayRepeatMin_5`, `delayRepeatMax_5`, `scriptId_5`, `spellId_6`, `probability_6`, `castTarget_6`, `targetParam1_6`, `targetParam2_6`, `castFlags_6`, `delayInitialMin_6`, `delayInitialMax_6`, `delayRepeatMin_6`, `delayRepeatMax_6`, `scriptId_6`, `spellId_7`, `probability_7`, `castTarget_7`, `targetParam1_7`, `targetParam2_7`, `castFlags_7`, `delayInitialMin_7`, `delayInitialMax_7`, `delayRepeatMin_7`, `delayRepeatMax_7`, `scriptId_7`, `spellId_8`, `probability_8`, `castTarget_8`, `targetParam1_8`, `targetParam2_8`, `castFlags_8`, `delayInitialMin_8`, `delayInitialMax_8`, `delayRepeatMin_8`, `delayRepeatMax_8`, `scriptId_8`) VALUES (100430, 'Blackrock Depths - Ribbly\'s Crony', 15581, 100, 1, 0, 0, 0, 5, 7, 6, 9, 0, 15692, 100, 1, 0, 0, 0, 10, 20, 10, 20, 0, 0, 100, 1, 0, 0, 0, 0, 0, 0, 0, 0, 0, 100, 1, 0, 0, 0, 0, 0, 0, 0, 0, 0, 100, 1, 0, 0, 0, 0, 0, 0, 0, 0, 0, 100, 1, 0, 0, 0, 0, 0, 0, 0, 0, 0, 100, 1, 0, 0, 0, 0, 0, 0, 0, 0, 0, 100, 1, 0, 0, 0, 0, 0, 0, 0, 0);

-- Spell list for General Colbatann
UPDATE `creature_template` SET `spell_list_id`=101960 WHERE `entry`=10196;
INSERT INTO `creature_spells` (`entry`, `name`, `spellId_1`, `probability_1`, `castTarget_1`, `targetParam1_1`, `targetParam2_1`, `castFlags_1`, `delayInitialMin_1`, `delayInitialMax_1`, `delayRepeatMin_1`, `delayRepeatMax_1`, `scriptId_1`, `spellId_2`, `probability_2`, `castTarget_2`, `targetParam1_2`, `targetParam2_2`, `castFlags_2`, `delayInitialMin_2`, `delayInitialMax_2`, `delayRepeatMin_2`, `delayRepeatMax_2`, `scriptId_2`, `spellId_3`, `probability_3`, `castTarget_3`, `targetParam1_3`, `targetParam2_3`, `castFlags_3`, `delayInitialMin_3`, `delayInitialMax_3`, `delayRepeatMin_3`, `delayRepeatMax_3`, `scriptId_3`, `spellId_4`, `probability_4`, `castTarget_4`, `targetParam1_4`, `targetParam2_4`, `castFlags_4`, `delayInitialMin_4`, `delayInitialMax_4`, `delayRepeatMin_4`, `delayRepeatMax_4`, `scriptId_4`, `spellId_5`, `probability_5`, `castTarget_5`, `targetParam1_5`, `targetParam2_5`, `castFlags_5`, `delayInitialMin_5`, `delayInitialMax_5`, `delayRepeatMin_5`, `delayRepeatMax_5`, `scriptId_5`, `spellId_6`, `probability_6`, `castTarget_6`, `targetParam1_6`, `targetParam2_6`, `castFlags_6`, `delayInitialMin_6`, `delayInitialMax_6`, `delayRepeatMin_6`, `delayRepeatMax_6`, `scriptId_6`, `spellId_7`, `probability_7`, `castTarget_7`, `targetParam1_7`, `targetParam2_7`, `castFlags_7`, `delayInitialMin_7`, `delayInitialMax_7`, `delayRepeatMin_7`, `delayRepeatMax_7`, `scriptId_7`, `spellId_8`, `probability_8`, `castTarget_8`, `targetParam1_8`, `targetParam2_8`, `castFlags_8`, `delayInitialMin_8`, `delayInitialMax_8`, `delayRepeatMin_8`, `delayRepeatMax_8`, `scriptId_8`) VALUES (101960, 'Winterspring - General Colbatann', 9128, 100, 0, 0, 0, 0, 2, 5, 13, 18, 0, 11971, 100, 1, 0, 0, 0, 0, 0, 5, 9, 0, 0, 100, 1, 0, 0, 0, 0, 0, 0, 0, 0, 0, 100, 1, 0, 0, 0, 0, 0, 0, 0, 0, 0, 100, 1, 0, 0, 0, 0, 0, 0, 0, 0, 0, 100, 1, 0, 0, 0, 0, 0, 0, 0, 0, 0, 100, 1, 0, 0, 0, 0, 0, 0, 0, 0, 0, 100, 1, 0, 0, 0, 0, 0, 0, 0, 0);

-- Spell list for Mezzir the Howler
UPDATE `creature_template` SET `spell_list_id`=101970 WHERE `entry`=10197;
INSERT INTO `creature_spells` (`entry`, `name`, `spellId_1`, `probability_1`, `castTarget_1`, `targetParam1_1`, `targetParam2_1`, `castFlags_1`, `delayInitialMin_1`, `delayInitialMax_1`, `delayRepeatMin_1`, `delayRepeatMax_1`, `spellId_2`, `probability_2`, `castTarget_2`, `targetParam1_2`, `targetParam2_2`, `castFlags_2`, `delayInitialMin_2`, `delayInitialMax_2`, `delayRepeatMin_2`, `delayRepeatMax_2`, `spellId_3`, `probability_3`, `castTarget_3`, `targetParam1_3`, `targetParam2_3`, `castFlags_3`, `delayInitialMin_3`, `delayInitialMax_3`, `delayRepeatMin_3`, `delayRepeatMax_3`) VALUES (101970, 'Winterspring - Mezzir the Howler', 15971, 100, 0, 0, 0, 0, 5, 9, 16, 24, 3131, 100, 1, 0, 0, 0, 1, 7, 10, 20, 14100, 100, 0, 0, 0, 0, 8, 12, 12, 20);

-- Spell list for Kashoch the Reaver
UPDATE `creature_template` SET `spell_list_id`=101980 WHERE `entry`=10198;
INSERT INTO `creature_spells` (`entry`, `name`, `spellId_1`, `probability_1`, `castTarget_1`, `targetParam1_1`, `targetParam2_1`, `castFlags_1`, `delayInitialMin_1`, `delayInitialMax_1`, `delayRepeatMin_1`, `delayRepeatMax_1`, `scriptId_1`, `spellId_2`, `probability_2`, `castTarget_2`, `targetParam1_2`, `targetParam2_2`, `castFlags_2`, `delayInitialMin_2`, `delayInitialMax_2`, `delayRepeatMin_2`, `delayRepeatMax_2`, `scriptId_2`, `spellId_3`, `probability_3`, `castTarget_3`, `targetParam1_3`, `targetParam2_3`, `castFlags_3`, `delayInitialMin_3`, `delayInitialMax_3`, `delayRepeatMin_3`, `delayRepeatMax_3`, `scriptId_3`, `spellId_4`, `probability_4`, `castTarget_4`, `targetParam1_4`, `targetParam2_4`, `castFlags_4`, `delayInitialMin_4`, `delayInitialMax_4`, `delayRepeatMin_4`, `delayRepeatMax_4`, `scriptId_4`, `spellId_5`, `probability_5`, `castTarget_5`, `targetParam1_5`, `targetParam2_5`, `castFlags_5`, `delayInitialMin_5`, `delayInitialMax_5`, `delayRepeatMin_5`, `delayRepeatMax_5`, `scriptId_5`, `spellId_6`, `probability_6`, `castTarget_6`, `targetParam1_6`, `targetParam2_6`, `castFlags_6`, `delayInitialMin_6`, `delayInitialMax_6`, `delayRepeatMin_6`, `delayRepeatMax_6`, `scriptId_6`, `spellId_7`, `probability_7`, `castTarget_7`, `targetParam1_7`, `targetParam2_7`, `castFlags_7`, `delayInitialMin_7`, `delayInitialMax_7`, `delayRepeatMin_7`, `delayRepeatMax_7`, `scriptId_7`, `spellId_8`, `probability_8`, `castTarget_8`, `targetParam1_8`, `targetParam2_8`, `castFlags_8`, `delayInitialMin_8`, `delayInitialMax_8`, `delayRepeatMin_8`, `delayRepeatMax_8`, `scriptId_8`) VALUES (101980, 'Winterspring - Kashoch the Reaver', 15584, 100, 1, 0, 0, 0, 0, 0, 6, 9, 0, 0, 100, 1, 0, 0, 0, 0, 0, 0, 0, 0, 0, 100, 1, 0, 0, 0, 0, 0, 0, 0, 0, 0, 100, 1, 0, 0, 0, 0, 0, 0, 0, 0, 0, 100, 1, 0, 0, 0, 0, 0, 0, 0, 0, 0, 100, 1, 0, 0, 0, 0, 0, 0, 0, 0, 0, 100, 1, 0, 0, 0, 0, 0, 0, 0, 0, 0, 100, 1, 0, 0, 0, 0, 0, 0, 0, 0);

-- Spell list for Lady Hederine
UPDATE `creature_template` SET `spell_list_id`=102010 WHERE `entry`=10201;
INSERT INTO `creature_spells` (`entry`, `name`, `spellId_1`, `probability_1`, `castTarget_1`, `targetParam1_1`, `targetParam2_1`, `castFlags_1`, `delayInitialMin_1`, `delayInitialMax_1`, `delayRepeatMin_1`, `delayRepeatMax_1`, `scriptId_1`, `spellId_2`, `probability_2`, `castTarget_2`, `targetParam1_2`, `targetParam2_2`, `castFlags_2`, `delayInitialMin_2`, `delayInitialMax_2`, `delayRepeatMin_2`, `delayRepeatMax_2`, `scriptId_2`, `spellId_3`, `probability_3`, `castTarget_3`, `targetParam1_3`, `targetParam2_3`, `castFlags_3`, `delayInitialMin_3`, `delayInitialMax_3`, `delayRepeatMin_3`, `delayRepeatMax_3`, `scriptId_3`, `spellId_4`, `probability_4`, `castTarget_4`, `targetParam1_4`, `targetParam2_4`, `castFlags_4`, `delayInitialMin_4`, `delayInitialMax_4`, `delayRepeatMin_4`, `delayRepeatMax_4`, `scriptId_4`, `spellId_5`, `probability_5`, `castTarget_5`, `targetParam1_5`, `targetParam2_5`, `castFlags_5`, `delayInitialMin_5`, `delayInitialMax_5`, `delayRepeatMin_5`, `delayRepeatMax_5`, `scriptId_5`, `spellId_6`, `probability_6`, `castTarget_6`, `targetParam1_6`, `targetParam2_6`, `castFlags_6`, `delayInitialMin_6`, `delayInitialMax_6`, `delayRepeatMin_6`, `delayRepeatMax_6`, `scriptId_6`, `spellId_7`, `probability_7`, `castTarget_7`, `targetParam1_7`, `targetParam2_7`, `castFlags_7`, `delayInitialMin_7`, `delayInitialMax_7`, `delayRepeatMin_7`, `delayRepeatMax_7`, `scriptId_7`, `spellId_8`, `probability_8`, `castTarget_8`, `targetParam1_8`, `targetParam2_8`, `castFlags_8`, `delayInitialMin_8`, `delayInitialMax_8`, `delayRepeatMin_8`, `delayRepeatMax_8`, `scriptId_8`) VALUES (102010, 'Winterspring - Lady Hederine', 7645, 100, 2, 0, 0, 0, 14, 28, 24, 30, 0, 17146, 100, 4, 0, 0, 32, 3, 9, 12, 25, 0, 12096, 100, 5, 0, 0, 0, 9, 15, 16, 21, 0, 0, 100, 1, 0, 0, 0, 0, 0, 0, 0, 0, 0, 100, 1, 0, 0, 0, 0, 0, 0, 0, 0, 0, 100, 1, 0, 0, 0, 0, 0, 0, 0, 0, 0, 100, 1, 0, 0, 0, 0, 0, 0, 0, 0, 0, 100, 1, 0, 0, 0, 0, 0, 0, 0, 0);

-- Spell list for Cobalt Broodling
UPDATE `creature_template` SET `spell_list_id`=106600 WHERE `entry`=10660;
INSERT INTO `creature_spells` (`entry`, `name`, `spellId_1`, `probability_1`, `castTarget_1`, `targetParam1_1`, `targetParam2_1`, `castFlags_1`, `delayInitialMin_1`, `delayInitialMax_1`, `delayRepeatMin_1`, `delayRepeatMax_1`, `scriptId_1`, `spellId_2`, `probability_2`, `castTarget_2`, `targetParam1_2`, `targetParam2_2`, `castFlags_2`, `delayInitialMin_2`, `delayInitialMax_2`, `delayRepeatMin_2`, `delayRepeatMax_2`, `scriptId_2`, `spellId_3`, `probability_3`, `castTarget_3`, `targetParam1_3`, `targetParam2_3`, `castFlags_3`, `delayInitialMin_3`, `delayInitialMax_3`, `delayRepeatMin_3`, `delayRepeatMax_3`, `scriptId_3`, `spellId_4`, `probability_4`, `castTarget_4`, `targetParam1_4`, `targetParam2_4`, `castFlags_4`, `delayInitialMin_4`, `delayInitialMax_4`, `delayRepeatMin_4`, `delayRepeatMax_4`, `scriptId_4`, `spellId_5`, `probability_5`, `castTarget_5`, `targetParam1_5`, `targetParam2_5`, `castFlags_5`, `delayInitialMin_5`, `delayInitialMax_5`, `delayRepeatMin_5`, `delayRepeatMax_5`, `scriptId_5`, `spellId_6`, `probability_6`, `castTarget_6`, `targetParam1_6`, `targetParam2_6`, `castFlags_6`, `delayInitialMin_6`, `delayInitialMax_6`, `delayRepeatMin_6`, `delayRepeatMax_6`, `scriptId_6`, `spellId_7`, `probability_7`, `castTarget_7`, `targetParam1_7`, `targetParam2_7`, `castFlags_7`, `delayInitialMin_7`, `delayInitialMax_7`, `delayRepeatMin_7`, `delayRepeatMax_7`, `scriptId_7`, `spellId_8`, `probability_8`, `castTarget_8`, `targetParam1_8`, `targetParam2_8`, `castFlags_8`, `delayInitialMin_8`, `delayInitialMax_8`, `delayRepeatMin_8`, `delayRepeatMax_8`, `scriptId_8`) VALUES (106600, 'Winterspring - Cobalt Broodling', 17008, 100, 1, 0, 0, 0, 5, 10, 10, 20, 0, 9672, 100, 1, 0, 0, 8, 0, 0, 2, 2, 0, 0, 100, 1, 0, 0, 0, 0, 0, 0, 0, 0, 0, 100, 1, 0, 0, 0, 0, 0, 0, 0, 0, 0, 100, 1, 0, 0, 0, 0, 0, 0, 0, 0, 0, 100, 1, 0, 0, 0, 0, 0, 0, 0, 0, 0, 100, 1, 0, 0, 0, 0, 0, 0, 0, 0, 0, 100, 1, 0, 0, 0, 0, 0, 0, 0, 0);

-- Spell list for Spell Eater
UPDATE `creature_template` SET `spell_list_id`=106610 WHERE `entry`=10661;
INSERT INTO `creature_spells` (`entry`, `name`, `spellId_1`, `probability_1`, `castTarget_1`, `targetParam1_1`, `targetParam2_1`, `castFlags_1`, `delayInitialMin_1`, `delayInitialMax_1`, `delayRepeatMin_1`, `delayRepeatMax_1`) VALUES (106610, 'Winterspring - Spell Eater', 16340, 100, 1, 0, 0, 0, 5, 7, 5, 15);

-- Spell list for Remorseful Highborne
UPDATE `creature_template` SET `spell_list_id`=106840 WHERE `entry`=10684;
INSERT INTO `creature_spells` (`entry`, `name`, `spellId_1`, `probability_1`, `castTarget_1`, `targetParam1_1`, `targetParam2_1`, `castFlags_1`, `delayInitialMin_1`, `delayInitialMax_1`, `delayRepeatMin_1`, `delayRepeatMax_1`, `scriptId_1`, `spellId_2`, `probability_2`, `castTarget_2`, `targetParam1_2`, `targetParam2_2`, `castFlags_2`, `delayInitialMin_2`, `delayInitialMax_2`, `delayRepeatMin_2`, `delayRepeatMax_2`, `scriptId_2`, `spellId_3`, `probability_3`, `castTarget_3`, `targetParam1_3`, `targetParam2_3`, `castFlags_3`, `delayInitialMin_3`, `delayInitialMax_3`, `delayRepeatMin_3`, `delayRepeatMax_3`, `scriptId_3`, `spellId_4`, `probability_4`, `castTarget_4`, `targetParam1_4`, `targetParam2_4`, `castFlags_4`, `delayInitialMin_4`, `delayInitialMax_4`, `delayRepeatMin_4`, `delayRepeatMax_4`, `scriptId_4`, `spellId_5`, `probability_5`, `castTarget_5`, `targetParam1_5`, `targetParam2_5`, `castFlags_5`, `delayInitialMin_5`, `delayInitialMax_5`, `delayRepeatMin_5`, `delayRepeatMax_5`, `scriptId_5`, `spellId_6`, `probability_6`, `castTarget_6`, `targetParam1_6`, `targetParam2_6`, `castFlags_6`, `delayInitialMin_6`, `delayInitialMax_6`, `delayRepeatMin_6`, `delayRepeatMax_6`, `scriptId_6`, `spellId_7`, `probability_7`, `castTarget_7`, `targetParam1_7`, `targetParam2_7`, `castFlags_7`, `delayInitialMin_7`, `delayInitialMax_7`, `delayRepeatMin_7`, `delayRepeatMax_7`, `scriptId_7`, `spellId_8`, `probability_8`, `castTarget_8`, `targetParam1_8`, `targetParam2_8`, `castFlags_8`, `delayInitialMin_8`, `delayInitialMax_8`, `delayRepeatMin_8`, `delayRepeatMax_8`, `scriptId_8`) VALUES (106840, 'Winterspring - Remorseful Highborne', 17194, 100, 1, 0, 0, 8, 0, 0, 2, 2, 0, 0, 100, 1, 0, 0, 0, 0, 0, 0, 0, 0, 0, 100, 1, 0, 0, 0, 0, 0, 0, 0, 0, 0, 100, 1, 0, 0, 0, 0, 0, 0, 0, 0, 0, 100, 1, 0, 0, 0, 0, 0, 0, 0, 0, 0, 100, 1, 0, 0, 0, 0, 0, 0, 0, 0, 0, 100, 1, 0, 0, 0, 0, 0, 0, 0, 0, 0, 100, 1, 0, 0, 0, 0, 0, 0, 0, 0);

-- Spell list for High Chief Winterfall
UPDATE `creature_template` SET `spell_list_id`=107380 WHERE `entry`=10738;
INSERT INTO `creature_spells` (`entry`, `name`, `spellId_1`, `probability_1`, `castTarget_1`, `targetParam1_1`, `targetParam2_1`, `castFlags_1`, `delayInitialMin_1`, `delayInitialMax_1`, `delayRepeatMin_1`, `delayRepeatMax_1`, `scriptId_1`, `spellId_2`, `probability_2`, `castTarget_2`, `targetParam1_2`, `targetParam2_2`, `castFlags_2`, `delayInitialMin_2`, `delayInitialMax_2`, `delayRepeatMin_2`, `delayRepeatMax_2`, `scriptId_2`, `spellId_3`, `probability_3`, `castTarget_3`, `targetParam1_3`, `targetParam2_3`, `castFlags_3`, `delayInitialMin_3`, `delayInitialMax_3`, `delayRepeatMin_3`, `delayRepeatMax_3`, `scriptId_3`, `spellId_4`, `probability_4`, `castTarget_4`, `targetParam1_4`, `targetParam2_4`, `castFlags_4`, `delayInitialMin_4`, `delayInitialMax_4`, `delayRepeatMin_4`, `delayRepeatMax_4`, `scriptId_4`, `spellId_5`, `probability_5`, `castTarget_5`, `targetParam1_5`, `targetParam2_5`, `castFlags_5`, `delayInitialMin_5`, `delayInitialMax_5`, `delayRepeatMin_5`, `delayRepeatMax_5`, `scriptId_5`, `spellId_6`, `probability_6`, `castTarget_6`, `targetParam1_6`, `targetParam2_6`, `castFlags_6`, `delayInitialMin_6`, `delayInitialMax_6`, `delayRepeatMin_6`, `delayRepeatMax_6`, `scriptId_6`, `spellId_7`, `probability_7`, `castTarget_7`, `targetParam1_7`, `targetParam2_7`, `castFlags_7`, `delayInitialMin_7`, `delayInitialMax_7`, `delayRepeatMin_7`, `delayRepeatMax_7`, `scriptId_7`, `spellId_8`, `probability_8`, `castTarget_8`, `targetParam1_8`, `targetParam2_8`, `castFlags_8`, `delayInitialMin_8`, `delayInitialMax_8`, `delayRepeatMin_8`, `delayRepeatMax_8`, `scriptId_8`) VALUES (107380, 'Winterspring - High Chief Winterfall', 8364, 100, 4, 0, 0, 0, 9, 14, 16, 21, 0, 12548, 100, 1, 0, 0, 0, 0, 9, 9, 13, 0, 15793, 100, 1, 0, 0, 0, 5, 8, 5, 8, 0, 0, 100, 1, 0, 0, 0, 0, 0, 0, 0, 0, 0, 100, 1, 0, 0, 0, 0, 0, 0, 0, 0, 0, 100, 1, 0, 0, 0, 0, 0, 0, 0, 0, 0, 100, 1, 0, 0, 0, 0, 0, 0, 0, 0, 0, 100, 1, 0, 0, 0, 0, 0, 0, 0, 0);

-- Spell list for Ursius
UPDATE `creature_template` SET `spell_list_id`=108060 WHERE `entry`=10806;
INSERT INTO `creature_spells` (`entry`, `name`, `spellId_1`, `probability_1`, `castTarget_1`, `targetParam1_1`, `targetParam2_1`, `castFlags_1`, `delayInitialMin_1`, `delayInitialMax_1`, `delayRepeatMin_1`, `delayRepeatMax_1`, `scriptId_1`, `spellId_2`, `probability_2`, `castTarget_2`, `targetParam1_2`, `targetParam2_2`, `castFlags_2`, `delayInitialMin_2`, `delayInitialMax_2`, `delayRepeatMin_2`, `delayRepeatMax_2`, `scriptId_2`, `spellId_3`, `probability_3`, `castTarget_3`, `targetParam1_3`, `targetParam2_3`, `castFlags_3`, `delayInitialMin_3`, `delayInitialMax_3`, `delayRepeatMin_3`, `delayRepeatMax_3`, `scriptId_3`, `spellId_4`, `probability_4`, `castTarget_4`, `targetParam1_4`, `targetParam2_4`, `castFlags_4`, `delayInitialMin_4`, `delayInitialMax_4`, `delayRepeatMin_4`, `delayRepeatMax_4`, `scriptId_4`, `spellId_5`, `probability_5`, `castTarget_5`, `targetParam1_5`, `targetParam2_5`, `castFlags_5`, `delayInitialMin_5`, `delayInitialMax_5`, `delayRepeatMin_5`, `delayRepeatMax_5`, `scriptId_5`, `spellId_6`, `probability_6`, `castTarget_6`, `targetParam1_6`, `targetParam2_6`, `castFlags_6`, `delayInitialMin_6`, `delayInitialMax_6`, `delayRepeatMin_6`, `delayRepeatMax_6`, `scriptId_6`, `spellId_7`, `probability_7`, `castTarget_7`, `targetParam1_7`, `targetParam2_7`, `castFlags_7`, `delayInitialMin_7`, `delayInitialMax_7`, `delayRepeatMin_7`, `delayRepeatMax_7`, `scriptId_7`, `spellId_8`, `probability_8`, `castTarget_8`, `targetParam1_8`, `targetParam2_8`, `castFlags_8`, `delayInitialMin_8`, `delayInitialMax_8`, `delayRepeatMin_8`, `delayRepeatMax_8`, `scriptId_8`) VALUES (108060, 'Winterspring - Ursius', 15971, 100, 0, 0, 0, 0, 5, 9, 16, 24, 0, 15793, 100, 1, 0, 0, 0, 0, 5, 5, 9, 0, 0, 100, 1, 0, 0, 0, 0, 0, 0, 0, 0, 0, 100, 1, 0, 0, 0, 0, 0, 0, 0, 0, 0, 100, 1, 0, 0, 0, 0, 0, 0, 0, 0, 0, 100, 1, 0, 0, 0, 0, 0, 0, 0, 0, 0, 100, 1, 0, 0, 0, 0, 0, 0, 0, 0, 0, 100, 1, 0, 0, 0, 0, 0, 0, 0, 0);

-- Spell list for Brumeran
UPDATE `creature_template` SET `spell_list_id`=108070 WHERE `entry`=10807;
INSERT INTO `creature_spells` (`entry`, `name`, `spellId_1`, `probability_1`, `castTarget_1`, `targetParam1_1`, `targetParam2_1`, `castFlags_1`, `delayInitialMin_1`, `delayInitialMax_1`, `delayRepeatMin_1`, `delayRepeatMax_1`, `scriptId_1`, `spellId_2`, `probability_2`, `castTarget_2`, `targetParam1_2`, `targetParam2_2`, `castFlags_2`, `delayInitialMin_2`, `delayInitialMax_2`, `delayRepeatMin_2`, `delayRepeatMax_2`, `scriptId_2`, `spellId_3`, `probability_3`, `castTarget_3`, `targetParam1_3`, `targetParam2_3`, `castFlags_3`, `delayInitialMin_3`, `delayInitialMax_3`, `delayRepeatMin_3`, `delayRepeatMax_3`, `scriptId_3`, `spellId_4`, `probability_4`, `castTarget_4`, `targetParam1_4`, `targetParam2_4`, `castFlags_4`, `delayInitialMin_4`, `delayInitialMax_4`, `delayRepeatMin_4`, `delayRepeatMax_4`, `scriptId_4`, `spellId_5`, `probability_5`, `castTarget_5`, `targetParam1_5`, `targetParam2_5`, `castFlags_5`, `delayInitialMin_5`, `delayInitialMax_5`, `delayRepeatMin_5`, `delayRepeatMax_5`, `scriptId_5`, `spellId_6`, `probability_6`, `castTarget_6`, `targetParam1_6`, `targetParam2_6`, `castFlags_6`, `delayInitialMin_6`, `delayInitialMax_6`, `delayRepeatMin_6`, `delayRepeatMax_6`, `scriptId_6`, `spellId_7`, `probability_7`, `castTarget_7`, `targetParam1_7`, `targetParam2_7`, `castFlags_7`, `delayInitialMin_7`, `delayInitialMax_7`, `delayRepeatMin_7`, `delayRepeatMax_7`, `scriptId_7`, `spellId_8`, `probability_8`, `castTarget_8`, `targetParam1_8`, `targetParam2_8`, `castFlags_8`, `delayInitialMin_8`, `delayInitialMax_8`, `delayRepeatMin_8`, `delayRepeatMax_8`, `scriptId_8`) VALUES (108070, 'Winterspring - Brumeran', 15797, 100, 4, 0, 0, 0, 8, 13, 12, 15, 0, 16552, 100, 4, 0, 0, 0, 3, 6, 12, 15, 0, 0, 100, 1, 0, 0, 0, 0, 0, 0, 0, 0, 0, 100, 1, 0, 0, 0, 0, 0, 0, 0, 0, 0, 100, 1, 0, 0, 0, 0, 0, 0, 0, 0, 0, 100, 1, 0, 0, 0, 0, 0, 0, 0, 0, 0, 100, 1, 0, 0, 0, 0, 0, 0, 0, 0, 0, 100, 1, 0, 0, 0, 0, 0, 0, 0, 0);

-- Spell list for Hakkari Shadowcaster
UPDATE `creature_template` SET `spell_list_id`=113380 WHERE `entry`=11338;
INSERT INTO `creature_spells` (`entry`, `name`, `spellId_1`, `probability_1`, `castTarget_1`, `targetParam1_1`, `targetParam2_1`, `castFlags_1`, `delayInitialMin_1`, `delayInitialMax_1`, `delayRepeatMin_1`, `delayRepeatMax_1`, `spellId_2`, `probability_2`, `castTarget_2`, `targetParam1_2`, `targetParam2_2`, `castFlags_2`, `delayInitialMin_2`, `delayInitialMax_2`, `delayRepeatMin_2`, `delayRepeatMax_2`) VALUES (113380, 'Zul\'Gurub - Hakkari Shadowcaster', 20741, 100, 0, 0, 0, 0, 3, 7, 10, 20, 15232, 100, 1, 0, 0, 8, 1, 2, 3, 4);

-- Spell list for Hakkari Shadow Hunter
UPDATE `creature_template` SET `spell_list_id`=113390 WHERE `entry`=11339;
INSERT INTO `creature_spells` (`entry`, `name`, `spellId_1`, `probability_1`, `castTarget_1`, `targetParam1_1`, `targetParam2_1`, `castFlags_1`, `delayInitialMin_1`, `delayInitialMax_1`, `delayRepeatMin_1`, `delayRepeatMax_1`, `spellId_2`, `probability_2`, `castTarget_2`, `targetParam1_2`, `targetParam2_2`, `castFlags_2`, `delayInitialMin_2`, `delayInitialMax_2`, `delayRepeatMin_2`, `delayRepeatMax_2`, `spellId_3`, `probability_3`, `castTarget_3`, `targetParam1_3`, `targetParam2_3`, `castFlags_3`, `delayInitialMin_3`, `delayInitialMax_3`, `delayRepeatMin_3`, `delayRepeatMax_3`) VALUES (113390, 'Zul\'Gurub - Hakkari Shadow Hunter', 24335, 75, 1, 0, 0, 32, 6, 12, 12, 24, 21390, 100, 1, 0, 0, 128, 0, 0, 10, 15, 16496, 100, 1, 0, 0, 136, 0, 0, 1, 2);

-- Spell list for Hakkari Oracle
UPDATE `creature_template` SET `spell_list_id`=113460 WHERE `entry`=11346;
INSERT INTO `creature_spells` (`entry`, `name`, `spellId_1`, `probability_1`, `castTarget_1`, `targetParam1_1`, `targetParam2_1`, `castFlags_1`, `delayInitialMin_1`, `delayInitialMax_1`, `delayRepeatMin_1`, `delayRepeatMax_1`, `spellId_2`, `probability_2`, `castTarget_2`, `targetParam1_2`, `targetParam2_2`, `castFlags_2`, `delayInitialMin_2`, `delayInitialMax_2`, `delayRepeatMin_2`, `delayRepeatMax_2`) VALUES (113460, 'Stranglethorn Vale - Hakkari Oracle', 16006, 75, 1, 0, 0, 0, 1, 4, 6, 9, 15501, 100, 1, 0, 0, 256, 0, 0, 15, 20);

-- Spell list for Gurubashi Champion
UPDATE `creature_template` SET `spell_list_id`=113560 WHERE `entry`=11356;
INSERT INTO `creature_spells` (`entry`, `name`, `spellId_1`, `probability_1`, `castTarget_1`, `targetParam1_1`, `targetParam2_1`, `castFlags_1`, `delayInitialMin_1`, `delayInitialMax_1`, `delayRepeatMin_1`, `delayRepeatMax_1`, `scriptId_1`, `spellId_2`, `probability_2`, `castTarget_2`, `targetParam1_2`, `targetParam2_2`, `castFlags_2`, `delayInitialMin_2`, `delayInitialMax_2`, `delayRepeatMin_2`, `delayRepeatMax_2`, `scriptId_2`, `spellId_3`, `probability_3`, `castTarget_3`, `targetParam1_3`, `targetParam2_3`, `castFlags_3`, `delayInitialMin_3`, `delayInitialMax_3`, `delayRepeatMin_3`, `delayRepeatMax_3`, `scriptId_3`, `spellId_4`, `probability_4`, `castTarget_4`, `targetParam1_4`, `targetParam2_4`, `castFlags_4`, `delayInitialMin_4`, `delayInitialMax_4`, `delayRepeatMin_4`, `delayRepeatMax_4`, `scriptId_4`, `spellId_5`, `probability_5`, `castTarget_5`, `targetParam1_5`, `targetParam2_5`, `castFlags_5`, `delayInitialMin_5`, `delayInitialMax_5`, `delayRepeatMin_5`, `delayRepeatMax_5`, `scriptId_5`, `spellId_6`, `probability_6`, `castTarget_6`, `targetParam1_6`, `targetParam2_6`, `castFlags_6`, `delayInitialMin_6`, `delayInitialMax_6`, `delayRepeatMin_6`, `delayRepeatMax_6`, `scriptId_6`, `spellId_7`, `probability_7`, `castTarget_7`, `targetParam1_7`, `targetParam2_7`, `castFlags_7`, `delayInitialMin_7`, `delayInitialMax_7`, `delayRepeatMin_7`, `delayRepeatMax_7`, `scriptId_7`, `spellId_8`, `probability_8`, `castTarget_8`, `targetParam1_8`, `targetParam2_8`, `castFlags_8`, `delayInitialMin_8`, `delayInitialMax_8`, `delayRepeatMin_8`, `delayRepeatMax_8`, `scriptId_8`) VALUES (113560, 'Zul\'Gurub - Gurubashi Champion', 22591, 100, 0, 0, 0, 0, 1, 3, 3, 6, 0, 15655, 100, 1, 0, 0, 0, 1, 3, 3, 6, 0, 24438, 100, 0, 0, 0, 32, 0, 2, 2, 4, 0, 22886, 100, 4, 2, 0, 128, 0, 0, 15, 20, 0, 0, 100, 1, 0, 0, 0, 0, 0, 0, 0, 0, 0, 100, 1, 0, 0, 0, 0, 0, 0, 0, 0, 0, 100, 1, 0, 0, 0, 0, 0, 0, 0, 0, 0, 100, 1, 0, 0, 0, 0, 0, 0, 0, 0);

-- Spell list for Zulian Panther
UPDATE `creature_template` SET `spell_list_id`=113650 WHERE `entry`=11365;
INSERT INTO `creature_spells` (`entry`, `name`, `spellId_1`, `probability_1`, `castTarget_1`, `targetParam1_1`, `targetParam2_1`, `castFlags_1`, `delayInitialMin_1`, `delayInitialMax_1`, `delayRepeatMin_1`, `delayRepeatMax_1`, `scriptId_1`, `spellId_2`, `probability_2`, `castTarget_2`, `targetParam1_2`, `targetParam2_2`, `castFlags_2`, `delayInitialMin_2`, `delayInitialMax_2`, `delayRepeatMin_2`, `delayRepeatMax_2`, `scriptId_2`, `spellId_3`, `probability_3`, `castTarget_3`, `targetParam1_3`, `targetParam2_3`, `castFlags_3`, `delayInitialMin_3`, `delayInitialMax_3`, `delayRepeatMin_3`, `delayRepeatMax_3`, `scriptId_3`, `spellId_4`, `probability_4`, `castTarget_4`, `targetParam1_4`, `targetParam2_4`, `castFlags_4`, `delayInitialMin_4`, `delayInitialMax_4`, `delayRepeatMin_4`, `delayRepeatMax_4`, `scriptId_4`, `spellId_5`, `probability_5`, `castTarget_5`, `targetParam1_5`, `targetParam2_5`, `castFlags_5`, `delayInitialMin_5`, `delayInitialMax_5`, `delayRepeatMin_5`, `delayRepeatMax_5`, `scriptId_5`, `spellId_6`, `probability_6`, `castTarget_6`, `targetParam1_6`, `targetParam2_6`, `castFlags_6`, `delayInitialMin_6`, `delayInitialMax_6`, `delayRepeatMin_6`, `delayRepeatMax_6`, `scriptId_6`, `spellId_7`, `probability_7`, `castTarget_7`, `targetParam1_7`, `targetParam2_7`, `castFlags_7`, `delayInitialMin_7`, `delayInitialMax_7`, `delayRepeatMin_7`, `delayRepeatMax_7`, `scriptId_7`, `spellId_8`, `probability_8`, `castTarget_8`, `targetParam1_8`, `targetParam2_8`, `castFlags_8`, `delayInitialMin_8`, `delayInitialMax_8`, `delayRepeatMin_8`, `delayRepeatMax_8`, `scriptId_8`) VALUES (113650, 'Zul\'Gurub - Zulian Panther', 24333, 100, 1, 0, 0, 0, 3, 3, 15, 20, 0, 24332, 100, 1, 0, 0, 32, 1, 3, 1, 3, 0, 8355, 100, 1, 0, 0, 0, 5, 30, 5, 30, 0, 0, 100, 1, 0, 0, 0, 0, 0, 0, 0, 0, 0, 100, 1, 0, 0, 0, 0, 0, 0, 0, 0, 0, 100, 1, 0, 0, 0, 0, 0, 0, 0, 0, 0, 100, 1, 0, 0, 0, 0, 0, 0, 0, 0, 0, 100, 1, 0, 0, 0, 0, 0, 0, 0, 0);

-- Spell list for Razzashi Serpent
UPDATE `creature_template` SET `spell_list_id`=113710 WHERE `entry`=11371;
INSERT INTO `creature_spells` (`entry`, `name`, `spellId_1`, `probability_1`, `castTarget_1`, `targetParam1_1`, `targetParam2_1`, `castFlags_1`, `delayInitialMin_1`, `delayInitialMax_1`, `delayRepeatMin_1`, `delayRepeatMax_1`, `spellId_2`, `probability_2`, `castTarget_2`, `targetParam1_2`, `targetParam2_2`, `castFlags_2`, `delayInitialMin_2`, `delayInitialMax_2`, `delayRepeatMin_2`, `delayRepeatMax_2`, `spellId_3`, `probability_3`, `castTarget_3`, `targetParam1_3`, `targetParam2_3`, `castFlags_3`, `delayInitialMin_3`, `delayInitialMax_3`, `delayRepeatMin_3`, `delayRepeatMax_3`) VALUES (113710, 'Zul\'Gurub - Razzashi Serpent', 12097, 100, 1, 0, 0, 32, 1, 5, 20, 25, 24002, 100, 1, 0, 0, 32, 5, 8, 17, 25, 20539, 100, 1, 0, 0, 0, 7, 12, 15, 17);

-- Spell list for Hooktooth Frenzy
UPDATE `creature_template` SET `spell_list_id`=113740 WHERE `entry`=11374;
INSERT INTO `creature_spells` (`entry`, `name`, `spellId_1`, `probability_1`, `castTarget_1`, `targetParam1_1`, `targetParam2_1`, `castFlags_1`, `delayInitialMin_1`, `delayInitialMax_1`, `delayRepeatMin_1`, `delayRepeatMax_1`) VALUES (113740, 'Zul\'Gurub - Hooktooth Frenzy', 12097, 75, 1, 0, 0, 32, 1, 3, 3, 5);

-- Spell list for High Priestess Hai'watna
UPDATE `creature_template` SET `spell_list_id`=113830 WHERE `entry`=11383;
INSERT INTO `creature_spells` (`entry`, `name`, `spellId_1`, `probability_1`, `castTarget_1`, `targetParam1_1`, `targetParam2_1`, `castFlags_1`, `delayInitialMin_1`, `delayInitialMax_1`, `delayRepeatMin_1`, `delayRepeatMax_1`) VALUES (113830, 'Stranglethorn Vale - High Priestess Hai\'watna', 18503, 100, 4, 0, 0, 0, 0, 10, 15, 30);

-- Spell list for Witherbark Speaker
UPDATE `creature_template` SET `spell_list_id`=113880 WHERE `entry`=11388;
INSERT INTO `creature_spells` (`entry`, `name`, `spellId_1`, `probability_1`, `castTarget_1`, `targetParam1_1`, `targetParam2_1`, `castFlags_1`, `delayInitialMin_1`, `delayInitialMax_1`, `delayRepeatMin_1`, `delayRepeatMax_1`, `scriptId_1`, `spellId_2`, `probability_2`, `castTarget_2`, `targetParam1_2`, `targetParam2_2`, `castFlags_2`, `delayInitialMin_2`, `delayInitialMax_2`, `delayRepeatMin_2`, `delayRepeatMax_2`, `scriptId_2`, `spellId_3`, `probability_3`, `castTarget_3`, `targetParam1_3`, `targetParam2_3`, `castFlags_3`, `delayInitialMin_3`, `delayInitialMax_3`, `delayRepeatMin_3`, `delayRepeatMax_3`, `scriptId_3`, `spellId_4`, `probability_4`, `castTarget_4`, `targetParam1_4`, `targetParam2_4`, `castFlags_4`, `delayInitialMin_4`, `delayInitialMax_4`, `delayRepeatMin_4`, `delayRepeatMax_4`, `scriptId_4`, `spellId_5`, `probability_5`, `castTarget_5`, `targetParam1_5`, `targetParam2_5`, `castFlags_5`, `delayInitialMin_5`, `delayInitialMax_5`, `delayRepeatMin_5`, `delayRepeatMax_5`, `scriptId_5`, `spellId_6`, `probability_6`, `castTarget_6`, `targetParam1_6`, `targetParam2_6`, `castFlags_6`, `delayInitialMin_6`, `delayInitialMax_6`, `delayRepeatMin_6`, `delayRepeatMax_6`, `scriptId_6`, `spellId_7`, `probability_7`, `castTarget_7`, `targetParam1_7`, `targetParam2_7`, `castFlags_7`, `delayInitialMin_7`, `delayInitialMax_7`, `delayRepeatMin_7`, `delayRepeatMax_7`, `scriptId_7`, `spellId_8`, `probability_8`, `castTarget_8`, `targetParam1_8`, `targetParam2_8`, `castFlags_8`, `delayInitialMin_8`, `delayInitialMax_8`, `delayRepeatMin_8`, `delayRepeatMax_8`, `scriptId_8`) VALUES (113880, 'Zul\'Gurub - Witherbark Speaker', 15869, 100, 0, 0, 0, 0, 8, 12, 30, 35, 0, 15982, 100, 15, 0, 0, 0, 5, 10, 10, 20, 0, 15801, 100, 1, 0, 0, 8, 0, 0, 2, 2, 0, 0, 0, 0, 0, 0, 0, 0, 0, 0, 0, 0, 0, 100, 1, 0, 0, 0, 0, 0, 0, 0, 0, 0, 100, 1, 0, 0, 0, 0, 0, 0, 0, 0, 0, 100, 1, 0, 0, 0, 0, 0, 0, 0, 0, 0, 100, 1, 0, 0, 0, 0, 0, 0, 0, 0);

-- Spell list for Timbermaw Mystic
UPDATE `creature_template` SET `spell_list_id`=115520 WHERE `entry`=11552;
INSERT INTO `creature_spells` (`entry`, `name`, `spellId_1`, `probability_1`, `castTarget_1`, `targetParam1_1`, `targetParam2_1`, `castFlags_1`, `delayInitialMin_1`, `delayInitialMax_1`, `delayRepeatMin_1`, `delayRepeatMax_1`, `spellId_2`, `probability_2`, `castTarget_2`, `targetParam1_2`, `targetParam2_2`, `castFlags_2`, `delayInitialMin_2`, `delayInitialMax_2`, `delayRepeatMin_2`, `delayRepeatMax_2`) VALUES (115520, 'Felwood - Timbermaw Mystic', 10946, 100, 1, 0, 0, 0, 0, 0, 3, 6, 10934, 100, 1, 0, 0, 0, 0, 0, 4, 8);

-- Spell list for Hive'Ashi Defender
UPDATE `creature_template` SET `spell_list_id`=117220 WHERE `entry`=11722;
INSERT INTO `creature_spells` (`entry`, `name`, `spellId_1`, `probability_1`, `castTarget_1`, `targetParam1_1`, `targetParam2_1`, `castFlags_1`, `delayInitialMin_1`, `delayInitialMax_1`, `delayRepeatMin_1`, `delayRepeatMax_1`, `scriptId_1`, `spellId_2`, `probability_2`, `castTarget_2`, `targetParam1_2`, `targetParam2_2`, `castFlags_2`, `delayInitialMin_2`, `delayInitialMax_2`, `delayRepeatMin_2`, `delayRepeatMax_2`, `scriptId_2`, `spellId_3`, `probability_3`, `castTarget_3`, `targetParam1_3`, `targetParam2_3`, `castFlags_3`, `delayInitialMin_3`, `delayInitialMax_3`, `delayRepeatMin_3`, `delayRepeatMax_3`, `scriptId_3`, `spellId_4`, `probability_4`, `castTarget_4`, `targetParam1_4`, `targetParam2_4`, `castFlags_4`, `delayInitialMin_4`, `delayInitialMax_4`, `delayRepeatMin_4`, `delayRepeatMax_4`, `scriptId_4`, `spellId_5`, `probability_5`, `castTarget_5`, `targetParam1_5`, `targetParam2_5`, `castFlags_5`, `delayInitialMin_5`, `delayInitialMax_5`, `delayRepeatMin_5`, `delayRepeatMax_5`, `scriptId_5`, `spellId_6`, `probability_6`, `castTarget_6`, `targetParam1_6`, `targetParam2_6`, `castFlags_6`, `delayInitialMin_6`, `delayInitialMax_6`, `delayRepeatMin_6`, `delayRepeatMax_6`, `scriptId_6`, `spellId_7`, `probability_7`, `castTarget_7`, `targetParam1_7`, `targetParam2_7`, `castFlags_7`, `delayInitialMin_7`, `delayInitialMax_7`, `delayRepeatMin_7`, `delayRepeatMax_7`, `scriptId_7`, `spellId_8`, `probability_8`, `castTarget_8`, `targetParam1_8`, `targetParam2_8`, `castFlags_8`, `delayInitialMin_8`, `delayInitialMax_8`, `delayRepeatMin_8`, `delayRepeatMax_8`, `scriptId_8`) VALUES (117220, 'Silithus - Hive\'Ashi Defender', 6713, 100, 1, 0, 0, 0, 2, 12, 36, 46, 0, 0, 100, 1, 0, 0, 0, 0, 0, 0, 0, 0, 0, 100, 1, 0, 0, 0, 0, 0, 0, 0, 0, 0, 100, 1, 0, 0, 0, 0, 0, 0, 0, 0, 0, 100, 1, 0, 0, 0, 0, 0, 0, 0, 0, 0, 100, 1, 0, 0, 0, 0, 0, 0, 0, 0, 0, 100, 1, 0, 0, 0, 0, 0, 0, 0, 0, 0, 100, 1, 0, 0, 0, 0, 0, 0, 0, 0);

-- Spell list for Hive'Zora Hive Sister
UPDATE `creature_template` SET `spell_list_id`=117290 WHERE `entry`=11729;
INSERT INTO `creature_spells` (`entry`, `name`, `spellId_1`, `probability_1`, `castTarget_1`, `targetParam1_1`, `targetParam2_1`, `castFlags_1`, `delayInitialMin_1`, `delayInitialMax_1`, `delayRepeatMin_1`, `delayRepeatMax_1`, `scriptId_1`, `spellId_2`, `probability_2`, `castTarget_2`, `targetParam1_2`, `targetParam2_2`, `castFlags_2`, `delayInitialMin_2`, `delayInitialMax_2`, `delayRepeatMin_2`, `delayRepeatMax_2`, `scriptId_2`, `spellId_3`, `probability_3`, `castTarget_3`, `targetParam1_3`, `targetParam2_3`, `castFlags_3`, `delayInitialMin_3`, `delayInitialMax_3`, `delayRepeatMin_3`, `delayRepeatMax_3`, `scriptId_3`, `spellId_4`, `probability_4`, `castTarget_4`, `targetParam1_4`, `targetParam2_4`, `castFlags_4`, `delayInitialMin_4`, `delayInitialMax_4`, `delayRepeatMin_4`, `delayRepeatMax_4`, `scriptId_4`, `spellId_5`, `probability_5`, `castTarget_5`, `targetParam1_5`, `targetParam2_5`, `castFlags_5`, `delayInitialMin_5`, `delayInitialMax_5`, `delayRepeatMin_5`, `delayRepeatMax_5`, `scriptId_5`, `spellId_6`, `probability_6`, `castTarget_6`, `targetParam1_6`, `targetParam2_6`, `castFlags_6`, `delayInitialMin_6`, `delayInitialMax_6`, `delayRepeatMin_6`, `delayRepeatMax_6`, `scriptId_6`, `spellId_7`, `probability_7`, `castTarget_7`, `targetParam1_7`, `targetParam2_7`, `castFlags_7`, `delayInitialMin_7`, `delayInitialMax_7`, `delayRepeatMin_7`, `delayRepeatMax_7`, `scriptId_7`, `spellId_8`, `probability_8`, `castTarget_8`, `targetParam1_8`, `targetParam2_8`, `castFlags_8`, `delayInitialMin_8`, `delayInitialMax_8`, `delayRepeatMin_8`, `delayRepeatMax_8`, `scriptId_8`) VALUES (117290, 'Silithus - Hive\'Zora Hive Sister', 19452, 100, 1, 0, 0, 0, 0, 2, 4, 6, 0, 0, 100, 1, 0, 0, 0, 0, 0, 0, 0, 0, 0, 100, 1, 0, 0, 0, 0, 0, 0, 0, 0, 0, 100, 1, 0, 0, 0, 0, 0, 0, 0, 0, 0, 100, 1, 0, 0, 0, 0, 0, 0, 0, 0, 0, 100, 1, 0, 0, 0, 0, 0, 0, 0, 0, 0, 100, 1, 0, 0, 0, 0, 0, 0, 0, 0, 0, 100, 1, 0, 0, 0, 0, 0, 0, 0, 0);

-- Spell list for Hive'Regal Ambusher
UPDATE `creature_template` SET `spell_list_id`=117300, `auras`='7939 22766' WHERE `entry`=11730;
INSERT INTO `creature_spells` (`entry`, `name`, `spellId_1`, `probability_1`, `castTarget_1`, `targetParam1_1`, `targetParam2_1`, `castFlags_1`, `delayInitialMin_1`, `delayInitialMax_1`, `delayRepeatMin_1`, `delayRepeatMax_1`, `scriptId_1`, `spellId_2`, `probability_2`, `castTarget_2`, `targetParam1_2`, `targetParam2_2`, `castFlags_2`, `delayInitialMin_2`, `delayInitialMax_2`, `delayRepeatMin_2`, `delayRepeatMax_2`, `scriptId_2`, `spellId_3`, `probability_3`, `castTarget_3`, `targetParam1_3`, `targetParam2_3`, `castFlags_3`, `delayInitialMin_3`, `delayInitialMax_3`, `delayRepeatMin_3`, `delayRepeatMax_3`, `scriptId_3`, `spellId_4`, `probability_4`, `castTarget_4`, `targetParam1_4`, `targetParam2_4`, `castFlags_4`, `delayInitialMin_4`, `delayInitialMax_4`, `delayRepeatMin_4`, `delayRepeatMax_4`, `scriptId_4`, `spellId_5`, `probability_5`, `castTarget_5`, `targetParam1_5`, `targetParam2_5`, `castFlags_5`, `delayInitialMin_5`, `delayInitialMax_5`, `delayRepeatMin_5`, `delayRepeatMax_5`, `scriptId_5`, `spellId_6`, `probability_6`, `castTarget_6`, `targetParam1_6`, `targetParam2_6`, `castFlags_6`, `delayInitialMin_6`, `delayInitialMax_6`, `delayRepeatMin_6`, `delayRepeatMax_6`, `scriptId_6`, `spellId_7`, `probability_7`, `castTarget_7`, `targetParam1_7`, `targetParam2_7`, `castFlags_7`, `delayInitialMin_7`, `delayInitialMax_7`, `delayRepeatMin_7`, `delayRepeatMax_7`, `scriptId_7`, `spellId_8`, `probability_8`, `castTarget_8`, `targetParam1_8`, `targetParam2_8`, `castFlags_8`, `delayInitialMin_8`, `delayInitialMax_8`, `delayRepeatMin_8`, `delayRepeatMax_8`, `scriptId_8`) VALUES (117300, 'Silithus - Hive\'Regal Ambusher', 13298, 100, 1, 0, 0, 0, 7, 14, 120, 125, 0, 0, 100, 1, 0, 0, 0, 0, 0, 0, 0, 0, 0, 100, 1, 0, 0, 0, 0, 0, 0, 0, 0, 0, 100, 1, 0, 0, 0, 0, 0, 0, 0, 0, 0, 100, 1, 0, 0, 0, 0, 0, 0, 0, 0, 0, 100, 1, 0, 0, 0, 0, 0, 0, 0, 0, 0, 100, 1, 0, 0, 0, 0, 0, 0, 0, 0, 0, 100, 1, 0, 0, 0, 0, 0, 0, 0, 0);

-- Spell list for Hive'Regal Spitfire
UPDATE `creature_template` SET `spell_list_id`=117320 WHERE `entry`=11732;
INSERT INTO `creature_spells` (`entry`, `name`, `spellId_1`, `probability_1`, `castTarget_1`, `targetParam1_1`, `targetParam2_1`, `castFlags_1`, `delayInitialMin_1`, `delayInitialMax_1`, `delayRepeatMin_1`, `delayRepeatMax_1`, `scriptId_1`, `spellId_2`, `probability_2`, `castTarget_2`, `targetParam1_2`, `targetParam2_2`, `castFlags_2`, `delayInitialMin_2`, `delayInitialMax_2`, `delayRepeatMin_2`, `delayRepeatMax_2`, `scriptId_2`, `spellId_3`, `probability_3`, `castTarget_3`, `targetParam1_3`, `targetParam2_3`, `castFlags_3`, `delayInitialMin_3`, `delayInitialMax_3`, `delayRepeatMin_3`, `delayRepeatMax_3`, `scriptId_3`, `spellId_4`, `probability_4`, `castTarget_4`, `targetParam1_4`, `targetParam2_4`, `castFlags_4`, `delayInitialMin_4`, `delayInitialMax_4`, `delayRepeatMin_4`, `delayRepeatMax_4`, `scriptId_4`, `spellId_5`, `probability_5`, `castTarget_5`, `targetParam1_5`, `targetParam2_5`, `castFlags_5`, `delayInitialMin_5`, `delayInitialMax_5`, `delayRepeatMin_5`, `delayRepeatMax_5`, `scriptId_5`, `spellId_6`, `probability_6`, `castTarget_6`, `targetParam1_6`, `targetParam2_6`, `castFlags_6`, `delayInitialMin_6`, `delayInitialMax_6`, `delayRepeatMin_6`, `delayRepeatMax_6`, `scriptId_6`, `spellId_7`, `probability_7`, `castTarget_7`, `targetParam1_7`, `targetParam2_7`, `castFlags_7`, `delayInitialMin_7`, `delayInitialMax_7`, `delayRepeatMin_7`, `delayRepeatMax_7`, `scriptId_7`, `spellId_8`, `probability_8`, `castTarget_8`, `targetParam1_8`, `targetParam2_8`, `castFlags_8`, `delayInitialMin_8`, `delayInitialMax_8`, `delayRepeatMin_8`, `delayRepeatMax_8`, `scriptId_8`) VALUES (117320, 'Silithus - Hive\'Regal Spitfire', 21047, 100, 4, 0, 0, 32, 8, 17, 21, 28, 0, 5708, 100, 1, 0, 0, 0, 0, 8, 8, 18, 0, 0, 100, 1, 0, 0, 0, 0, 0, 0, 0, 0, 0, 100, 1, 0, 0, 0, 0, 0, 0, 0, 0, 0, 100, 1, 0, 0, 0, 0, 0, 0, 0, 0, 0, 100, 1, 0, 0, 0, 0, 0, 0, 0, 0, 0, 100, 1, 0, 0, 0, 0, 0, 0, 0, 0, 0, 100, 1, 0, 0, 0, 0, 0, 0, 0, 0);

-- Spell list for Hive'Regal Hive Lord
UPDATE `creature_template` SET `spell_list_id`=117340 WHERE `entry`=11734;
INSERT INTO `creature_spells` (`entry`, `name`, `spellId_1`, `probability_1`, `castTarget_1`, `targetParam1_1`, `targetParam2_1`, `castFlags_1`, `delayInitialMin_1`, `delayInitialMax_1`, `delayRepeatMin_1`, `delayRepeatMax_1`, `scriptId_1`, `spellId_2`, `probability_2`, `castTarget_2`, `targetParam1_2`, `targetParam2_2`, `castFlags_2`, `delayInitialMin_2`, `delayInitialMax_2`, `delayRepeatMin_2`, `delayRepeatMax_2`, `scriptId_2`, `spellId_3`, `probability_3`, `castTarget_3`, `targetParam1_3`, `targetParam2_3`, `castFlags_3`, `delayInitialMin_3`, `delayInitialMax_3`, `delayRepeatMin_3`, `delayRepeatMax_3`, `scriptId_3`, `spellId_4`, `probability_4`, `castTarget_4`, `targetParam1_4`, `targetParam2_4`, `castFlags_4`, `delayInitialMin_4`, `delayInitialMax_4`, `delayRepeatMin_4`, `delayRepeatMax_4`, `scriptId_4`, `spellId_5`, `probability_5`, `castTarget_5`, `targetParam1_5`, `targetParam2_5`, `castFlags_5`, `delayInitialMin_5`, `delayInitialMax_5`, `delayRepeatMin_5`, `delayRepeatMax_5`, `scriptId_5`, `spellId_6`, `probability_6`, `castTarget_6`, `targetParam1_6`, `targetParam2_6`, `castFlags_6`, `delayInitialMin_6`, `delayInitialMax_6`, `delayRepeatMin_6`, `delayRepeatMax_6`, `scriptId_6`, `spellId_7`, `probability_7`, `castTarget_7`, `targetParam1_7`, `targetParam2_7`, `castFlags_7`, `delayInitialMin_7`, `delayInitialMax_7`, `delayRepeatMin_7`, `delayRepeatMax_7`, `scriptId_7`, `spellId_8`, `probability_8`, `castTarget_8`, `targetParam1_8`, `targetParam2_8`, `castFlags_8`, `delayInitialMin_8`, `delayInitialMax_8`, `delayRepeatMin_8`, `delayRepeatMax_8`, `scriptId_8`) VALUES (117340, 'Silithus - Hive\'Regal Hive Lord', 19471, 100, 4, 0, 0, 128, 9, 12, 9, 12, 0, 0, 100, 1, 0, 0, 0, 0, 0, 0, 0, 0, 0, 100, 1, 0, 0, 0, 0, 0, 0, 0, 0, 0, 100, 1, 0, 0, 0, 0, 0, 0, 0, 0, 0, 100, 1, 0, 0, 0, 0, 0, 0, 0, 0, 0, 100, 1, 0, 0, 0, 0, 0, 0, 0, 0, 0, 100, 1, 0, 0, 0, 0, 0, 0, 0, 0, 0, 100, 1, 0, 0, 0, 0, 0, 0, 0, 0);

-- Spell list for Stonelash Scorpid
UPDATE `creature_template` SET `spell_list_id`=117350 WHERE `entry`=11735;
INSERT INTO `creature_spells` (`entry`, `name`, `spellId_1`, `probability_1`, `castTarget_1`, `targetParam1_1`, `targetParam2_1`, `castFlags_1`, `delayInitialMin_1`, `delayInitialMax_1`, `delayRepeatMin_1`, `delayRepeatMax_1`) VALUES (117350, 'Silithus - Stonelash Scorpid', 5416, 100, 1, 0, 0, 0, 3, 7, 14, 17);

-- Spell list for Stonelash Pincer
UPDATE `creature_template` SET `spell_list_id`=117360 WHERE `entry`=11736;
INSERT INTO `creature_spells` (`entry`, `name`, `spellId_1`, `probability_1`, `castTarget_1`, `targetParam1_1`, `targetParam2_1`, `castFlags_1`, `delayInitialMin_1`, `delayInitialMax_1`, `delayRepeatMin_1`, `delayRepeatMax_1`, `scriptId_1`, `spellId_2`, `probability_2`, `castTarget_2`, `targetParam1_2`, `targetParam2_2`, `castFlags_2`, `delayInitialMin_2`, `delayInitialMax_2`, `delayRepeatMin_2`, `delayRepeatMax_2`, `scriptId_2`, `spellId_3`, `probability_3`, `castTarget_3`, `targetParam1_3`, `targetParam2_3`, `castFlags_3`, `delayInitialMin_3`, `delayInitialMax_3`, `delayRepeatMin_3`, `delayRepeatMax_3`, `scriptId_3`, `spellId_4`, `probability_4`, `castTarget_4`, `targetParam1_4`, `targetParam2_4`, `castFlags_4`, `delayInitialMin_4`, `delayInitialMax_4`, `delayRepeatMin_4`, `delayRepeatMax_4`, `scriptId_4`, `spellId_5`, `probability_5`, `castTarget_5`, `targetParam1_5`, `targetParam2_5`, `castFlags_5`, `delayInitialMin_5`, `delayInitialMax_5`, `delayRepeatMin_5`, `delayRepeatMax_5`, `scriptId_5`, `spellId_6`, `probability_6`, `castTarget_6`, `targetParam1_6`, `targetParam2_6`, `castFlags_6`, `delayInitialMin_6`, `delayInitialMax_6`, `delayRepeatMin_6`, `delayRepeatMax_6`, `scriptId_6`, `spellId_7`, `probability_7`, `castTarget_7`, `targetParam1_7`, `targetParam2_7`, `castFlags_7`, `delayInitialMin_7`, `delayInitialMax_7`, `delayRepeatMin_7`, `delayRepeatMax_7`, `scriptId_7`, `spellId_8`, `probability_8`, `castTarget_8`, `targetParam1_8`, `targetParam2_8`, `castFlags_8`, `delayInitialMin_8`, `delayInitialMax_8`, `delayRepeatMin_8`, `delayRepeatMax_8`, `scriptId_8`) VALUES (117360, 'Silithus - Stonelash Pincer', 5416, 100, 1, 0, 0, 0, 3, 7, 14, 17, 0, 3604, 100, 1, 0, 0, 0, 0, 0, 20, 23, 0, 0, 100, 1, 0, 0, 0, 0, 0, 0, 0, 0, 0, 100, 1, 0, 0, 0, 0, 0, 0, 0, 0, 0, 100, 1, 0, 0, 0, 0, 0, 0, 0, 0, 0, 100, 1, 0, 0, 0, 0, 0, 0, 0, 0, 0, 100, 1, 0, 0, 0, 0, 0, 0, 0, 0, 0, 100, 1, 0, 0, 0, 0, 0, 0, 0, 0);

-- Spell list for Stonelash Flayer
UPDATE `creature_template` SET `spell_list_id`=117370 WHERE `entry`=11737;
INSERT INTO `creature_spells` (`entry`, `name`, `spellId_1`, `probability_1`, `castTarget_1`, `targetParam1_1`, `targetParam2_1`, `castFlags_1`, `delayInitialMin_1`, `delayInitialMax_1`, `delayRepeatMin_1`, `delayRepeatMax_1`, `scriptId_1`, `spellId_2`, `probability_2`, `castTarget_2`, `targetParam1_2`, `targetParam2_2`, `castFlags_2`, `delayInitialMin_2`, `delayInitialMax_2`, `delayRepeatMin_2`, `delayRepeatMax_2`, `scriptId_2`, `spellId_3`, `probability_3`, `castTarget_3`, `targetParam1_3`, `targetParam2_3`, `castFlags_3`, `delayInitialMin_3`, `delayInitialMax_3`, `delayRepeatMin_3`, `delayRepeatMax_3`, `scriptId_3`, `spellId_4`, `probability_4`, `castTarget_4`, `targetParam1_4`, `targetParam2_4`, `castFlags_4`, `delayInitialMin_4`, `delayInitialMax_4`, `delayRepeatMin_4`, `delayRepeatMax_4`, `scriptId_4`, `spellId_5`, `probability_5`, `castTarget_5`, `targetParam1_5`, `targetParam2_5`, `castFlags_5`, `delayInitialMin_5`, `delayInitialMax_5`, `delayRepeatMin_5`, `delayRepeatMax_5`, `scriptId_5`, `spellId_6`, `probability_6`, `castTarget_6`, `targetParam1_6`, `targetParam2_6`, `castFlags_6`, `delayInitialMin_6`, `delayInitialMax_6`, `delayRepeatMin_6`, `delayRepeatMax_6`, `scriptId_6`, `spellId_7`, `probability_7`, `castTarget_7`, `targetParam1_7`, `targetParam2_7`, `castFlags_7`, `delayInitialMin_7`, `delayInitialMax_7`, `delayRepeatMin_7`, `delayRepeatMax_7`, `scriptId_7`, `spellId_8`, `probability_8`, `castTarget_8`, `targetParam1_8`, `targetParam2_8`, `castFlags_8`, `delayInitialMin_8`, `delayInitialMax_8`, `delayRepeatMin_8`, `delayRepeatMax_8`, `scriptId_8`) VALUES (117370, 'Silithus - Stonelash Flayer', 5416, 100, 1, 0, 0, 0, 3, 7, 14, 17, 0, 3391, 100, 0, 0, 0, 0, 0, 10, 10, 30, 0, 0, 100, 1, 0, 0, 0, 0, 0, 0, 0, 0, 0, 100, 1, 0, 0, 0, 0, 0, 0, 0, 0, 0, 100, 1, 0, 0, 0, 0, 0, 0, 0, 0, 0, 100, 1, 0, 0, 0, 0, 0, 0, 0, 0, 0, 100, 1, 0, 0, 0, 0, 0, 0, 0, 0, 0, 100, 1, 0, 0, 0, 0, 0, 0, 0, 0);

-- Spell list for Sand Skitterer
UPDATE `creature_template` SET `spell_list_id`=117380 WHERE `entry`=11738;
INSERT INTO `creature_spells` (`entry`, `name`, `spellId_1`, `probability_1`, `castTarget_1`, `targetParam1_1`, `targetParam2_1`, `castFlags_1`, `delayInitialMin_1`, `delayInitialMax_1`, `delayRepeatMin_1`, `delayRepeatMax_1`) VALUES (117380, 'Silithus - Sand Skitterer', 744, 100, 1, 0, 0, 0, 7, 14, 120, 125);

-- Spell list for Dredge Striker
UPDATE `creature_template` SET `spell_list_id`=117400 WHERE `entry`=11740;
INSERT INTO `creature_spells` (`entry`, `name`, `spellId_1`, `probability_1`, `castTarget_1`, `targetParam1_1`, `targetParam2_1`, `castFlags_1`, `delayInitialMin_1`, `delayInitialMax_1`, `delayRepeatMin_1`, `delayRepeatMax_1`, `scriptId_1`, `spellId_2`, `probability_2`, `castTarget_2`, `targetParam1_2`, `targetParam2_2`, `castFlags_2`, `delayInitialMin_2`, `delayInitialMax_2`, `delayRepeatMin_2`, `delayRepeatMax_2`, `scriptId_2`, `spellId_3`, `probability_3`, `castTarget_3`, `targetParam1_3`, `targetParam2_3`, `castFlags_3`, `delayInitialMin_3`, `delayInitialMax_3`, `delayRepeatMin_3`, `delayRepeatMax_3`, `scriptId_3`, `spellId_4`, `probability_4`, `castTarget_4`, `targetParam1_4`, `targetParam2_4`, `castFlags_4`, `delayInitialMin_4`, `delayInitialMax_4`, `delayRepeatMin_4`, `delayRepeatMax_4`, `scriptId_4`, `spellId_5`, `probability_5`, `castTarget_5`, `targetParam1_5`, `targetParam2_5`, `castFlags_5`, `delayInitialMin_5`, `delayInitialMax_5`, `delayRepeatMin_5`, `delayRepeatMax_5`, `scriptId_5`, `spellId_6`, `probability_6`, `castTarget_6`, `targetParam1_6`, `targetParam2_6`, `castFlags_6`, `delayInitialMin_6`, `delayInitialMax_6`, `delayRepeatMin_6`, `delayRepeatMax_6`, `scriptId_6`, `spellId_7`, `probability_7`, `castTarget_7`, `targetParam1_7`, `targetParam2_7`, `castFlags_7`, `delayInitialMin_7`, `delayInitialMax_7`, `delayRepeatMin_7`, `delayRepeatMax_7`, `scriptId_7`, `spellId_8`, `probability_8`, `castTarget_8`, `targetParam1_8`, `targetParam2_8`, `castFlags_8`, `delayInitialMin_8`, `delayInitialMax_8`, `delayRepeatMin_8`, `delayRepeatMax_8`, `scriptId_8`) VALUES (117400, 'Silithus - Dredge Striker', 22911, 100, 1, 0, 0, 0, 0, 5, 5, 20, 0, 0, 100, 1, 0, 0, 0, 0, 0, 0, 0, 0, 0, 100, 1, 0, 0, 0, 0, 0, 0, 0, 0, 0, 100, 1, 0, 0, 0, 0, 0, 0, 0, 0, 0, 100, 1, 0, 0, 0, 0, 0, 0, 0, 0, 0, 100, 1, 0, 0, 0, 0, 0, 0, 0, 0, 0, 100, 1, 0, 0, 0, 0, 0, 0, 0, 0, 0, 100, 1, 0, 0, 0, 0, 0, 0, 0, 0);

-- Spell list for Dredge Crusher
UPDATE `creature_template` SET `spell_list_id`=117410 WHERE `entry`=11741;
INSERT INTO `creature_spells` (`entry`, `name`, `spellId_1`, `probability_1`, `castTarget_1`, `targetParam1_1`, `targetParam2_1`, `castFlags_1`, `delayInitialMin_1`, `delayInitialMax_1`, `delayRepeatMin_1`, `delayRepeatMax_1`, `scriptId_1`, `spellId_2`, `probability_2`, `castTarget_2`, `targetParam1_2`, `targetParam2_2`, `castFlags_2`, `delayInitialMin_2`, `delayInitialMax_2`, `delayRepeatMin_2`, `delayRepeatMax_2`, `scriptId_2`, `spellId_3`, `probability_3`, `castTarget_3`, `targetParam1_3`, `targetParam2_3`, `castFlags_3`, `delayInitialMin_3`, `delayInitialMax_3`, `delayRepeatMin_3`, `delayRepeatMax_3`, `scriptId_3`, `spellId_4`, `probability_4`, `castTarget_4`, `targetParam1_4`, `targetParam2_4`, `castFlags_4`, `delayInitialMin_4`, `delayInitialMax_4`, `delayRepeatMin_4`, `delayRepeatMax_4`, `scriptId_4`, `spellId_5`, `probability_5`, `castTarget_5`, `targetParam1_5`, `targetParam2_5`, `castFlags_5`, `delayInitialMin_5`, `delayInitialMax_5`, `delayRepeatMin_5`, `delayRepeatMax_5`, `scriptId_5`, `spellId_6`, `probability_6`, `castTarget_6`, `targetParam1_6`, `targetParam2_6`, `castFlags_6`, `delayInitialMin_6`, `delayInitialMax_6`, `delayRepeatMin_6`, `delayRepeatMax_6`, `scriptId_6`, `spellId_7`, `probability_7`, `castTarget_7`, `targetParam1_7`, `targetParam2_7`, `castFlags_7`, `delayInitialMin_7`, `delayInitialMax_7`, `delayRepeatMin_7`, `delayRepeatMax_7`, `scriptId_7`, `spellId_8`, `probability_8`, `castTarget_8`, `targetParam1_8`, `targetParam2_8`, `castFlags_8`, `delayInitialMin_8`, `delayInitialMax_8`, `delayRepeatMin_8`, `delayRepeatMax_8`, `scriptId_8`) VALUES (117410, 'Silithus - Dredge Crusher', 6607, 100, 1, 0, 0, 0, 0, 5, 20, 25, 0, 0, 100, 1, 0, 0, 0, 0, 0, 0, 0, 0, 0, 100, 1, 0, 0, 0, 0, 0, 0, 0, 0, 0, 100, 1, 0, 0, 0, 0, 0, 0, 0, 0, 0, 100, 1, 0, 0, 0, 0, 0, 0, 0, 0, 0, 100, 1, 0, 0, 0, 0, 0, 0, 0, 0, 0, 100, 1, 0, 0, 0, 0, 0, 0, 0, 0, 0, 100, 1, 0, 0, 0, 0, 0, 0, 0, 0);

-- Spell list for Cyclone Warrior
UPDATE `creature_template` SET `spell_list_id`=117450 WHERE `entry`=11745;
INSERT INTO `creature_spells` (`entry`, `name`, `spellId_1`, `probability_1`, `castTarget_1`, `targetParam1_1`, `targetParam2_1`, `castFlags_1`, `delayInitialMin_1`, `delayInitialMax_1`, `delayRepeatMin_1`, `delayRepeatMax_1`, `scriptId_1`, `spellId_2`, `probability_2`, `castTarget_2`, `targetParam1_2`, `targetParam2_2`, `castFlags_2`, `delayInitialMin_2`, `delayInitialMax_2`, `delayRepeatMin_2`, `delayRepeatMax_2`, `scriptId_2`, `spellId_3`, `probability_3`, `castTarget_3`, `targetParam1_3`, `targetParam2_3`, `castFlags_3`, `delayInitialMin_3`, `delayInitialMax_3`, `delayRepeatMin_3`, `delayRepeatMax_3`, `scriptId_3`, `spellId_4`, `probability_4`, `castTarget_4`, `targetParam1_4`, `targetParam2_4`, `castFlags_4`, `delayInitialMin_4`, `delayInitialMax_4`, `delayRepeatMin_4`, `delayRepeatMax_4`, `scriptId_4`, `spellId_5`, `probability_5`, `castTarget_5`, `targetParam1_5`, `targetParam2_5`, `castFlags_5`, `delayInitialMin_5`, `delayInitialMax_5`, `delayRepeatMin_5`, `delayRepeatMax_5`, `scriptId_5`, `spellId_6`, `probability_6`, `castTarget_6`, `targetParam1_6`, `targetParam2_6`, `castFlags_6`, `delayInitialMin_6`, `delayInitialMax_6`, `delayRepeatMin_6`, `delayRepeatMax_6`, `scriptId_6`, `spellId_7`, `probability_7`, `castTarget_7`, `targetParam1_7`, `targetParam2_7`, `castFlags_7`, `delayInitialMin_7`, `delayInitialMax_7`, `delayRepeatMin_7`, `delayRepeatMax_7`, `scriptId_7`, `spellId_8`, `probability_8`, `castTarget_8`, `targetParam1_8`, `targetParam2_8`, `castFlags_8`, `delayInitialMin_8`, `delayInitialMax_8`, `delayRepeatMin_8`, `delayRepeatMax_8`, `scriptId_8`) VALUES (117450, 'Silithus - Cyclone Warrior', 12553, 100, 1, 0, 0, 0, 0, 8, 8, 12, 0, 6728, 100, 5, 0, 0, 0, 0, 13, 13, 16, 0, 0, 100, 1, 0, 0, 0, 0, 0, 0, 0, 0, 0, 100, 1, 0, 0, 0, 0, 0, 0, 0, 0, 0, 100, 1, 0, 0, 0, 0, 0, 0, 0, 0, 0, 100, 1, 0, 0, 0, 0, 0, 0, 0, 0, 0, 100, 1, 0, 0, 0, 0, 0, 0, 0, 0, 0, 100, 1, 0, 0, 0, 0, 0, 0, 0, 0);

-- Spell list for Twilight Keeper Exeter
UPDATE `creature_template` SET `spell_list_id`=118030 WHERE `entry`=11803;
INSERT INTO `creature_spells` (`entry`, `name`, `spellId_1`, `probability_1`, `castTarget_1`, `targetParam1_1`, `targetParam2_1`, `castFlags_1`, `delayInitialMin_1`, `delayInitialMax_1`, `delayRepeatMin_1`, `delayRepeatMax_1`, `scriptId_1`, `spellId_2`, `probability_2`, `castTarget_2`, `targetParam1_2`, `targetParam2_2`, `castFlags_2`, `delayInitialMin_2`, `delayInitialMax_2`, `delayRepeatMin_2`, `delayRepeatMax_2`, `scriptId_2`, `spellId_3`, `probability_3`, `castTarget_3`, `targetParam1_3`, `targetParam2_3`, `castFlags_3`, `delayInitialMin_3`, `delayInitialMax_3`, `delayRepeatMin_3`, `delayRepeatMax_3`, `scriptId_3`, `spellId_4`, `probability_4`, `castTarget_4`, `targetParam1_4`, `targetParam2_4`, `castFlags_4`, `delayInitialMin_4`, `delayInitialMax_4`, `delayRepeatMin_4`, `delayRepeatMax_4`, `scriptId_4`, `spellId_5`, `probability_5`, `castTarget_5`, `targetParam1_5`, `targetParam2_5`, `castFlags_5`, `delayInitialMin_5`, `delayInitialMax_5`, `delayRepeatMin_5`, `delayRepeatMax_5`, `scriptId_5`, `spellId_6`, `probability_6`, `castTarget_6`, `targetParam1_6`, `targetParam2_6`, `castFlags_6`, `delayInitialMin_6`, `delayInitialMax_6`, `delayRepeatMin_6`, `delayRepeatMax_6`, `scriptId_6`, `spellId_7`, `probability_7`, `castTarget_7`, `targetParam1_7`, `targetParam2_7`, `castFlags_7`, `delayInitialMin_7`, `delayInitialMax_7`, `delayRepeatMin_7`, `delayRepeatMax_7`, `scriptId_7`, `spellId_8`, `probability_8`, `castTarget_8`, `targetParam1_8`, `targetParam2_8`, `castFlags_8`, `delayInitialMin_8`, `delayInitialMax_8`, `delayRepeatMin_8`, `delayRepeatMax_8`, `scriptId_8`) VALUES (118030, 'Silithus - Twilight Keeper Exeter', 16856, 100, 1, 0, 0, 0, 5, 8, 9, 13, 0, 22427, 100, 5, 0, 0, 0, 3, 3, 12, 16, 0, 0, 100, 1, 0, 0, 0, 0, 0, 0, 0, 0, 0, 100, 1, 0, 0, 0, 0, 0, 0, 0, 0, 0, 100, 1, 0, 0, 0, 0, 0, 0, 0, 0, 0, 100, 1, 0, 0, 0, 0, 0, 0, 0, 0, 0, 100, 1, 0, 0, 0, 0, 0, 0, 0, 0, 0, 100, 1, 0, 0, 0, 0, 0, 0, 0, 0);

-- Spell list for Blackwing Taskmaster
UPDATE `creature_template` SET `spell_list_id`=124580, `ai_name`='' WHERE `entry`=12458;
DELETE FROM `creature_ai_scripts` WHERE `id` IN (1245802);
DELETE FROM `creature_ai_events` WHERE `creature_id`=12458;
REPLACE INTO `creature_spells` (`entry`, `name`, `spellId_1`, `probability_1`, `castTarget_1`, `targetParam1_1`, `targetParam2_1`, `castFlags_1`, `delayInitialMin_1`, `delayInitialMax_1`, `delayRepeatMin_1`, `delayRepeatMax_1`, `scriptId_1`, `spellId_2`, `probability_2`, `castTarget_2`, `targetParam1_2`, `targetParam2_2`, `castFlags_2`, `delayInitialMin_2`, `delayInitialMax_2`, `delayRepeatMin_2`, `delayRepeatMax_2`, `scriptId_2`, `spellId_3`, `probability_3`, `castTarget_3`, `targetParam1_3`, `targetParam2_3`, `castFlags_3`, `delayInitialMin_3`, `delayInitialMax_3`, `delayRepeatMin_3`, `delayRepeatMax_3`, `scriptId_3`, `spellId_4`, `probability_4`, `castTarget_4`, `targetParam1_4`, `targetParam2_4`, `castFlags_4`, `delayInitialMin_4`, `delayInitialMax_4`, `delayRepeatMin_4`, `delayRepeatMax_4`, `scriptId_4`, `spellId_5`, `probability_5`, `castTarget_5`, `targetParam1_5`, `targetParam2_5`, `castFlags_5`, `delayInitialMin_5`, `delayInitialMax_5`, `delayRepeatMin_5`, `delayRepeatMax_5`, `scriptId_5`, `spellId_6`, `probability_6`, `castTarget_6`, `targetParam1_6`, `targetParam2_6`, `castFlags_6`, `delayInitialMin_6`, `delayInitialMax_6`, `delayRepeatMin_6`, `delayRepeatMax_6`, `scriptId_6`, `spellId_7`, `probability_7`, `castTarget_7`, `targetParam1_7`, `targetParam2_7`, `castFlags_7`, `delayInitialMin_7`, `delayInitialMax_7`, `delayRepeatMin_7`, `delayRepeatMax_7`, `scriptId_7`, `spellId_8`, `probability_8`, `castTarget_8`, `targetParam1_8`, `targetParam2_8`, `castFlags_8`, `delayInitialMin_8`, `delayInitialMax_8`, `delayRepeatMin_8`, `delayRepeatMax_8`, `scriptId_8`) VALUES (124580, 'Blackwing Lair - Blackwing Taskmaster', 17289, 100, 1, 0, 0, 0, 5, 8, 4, 7, 0, 22458, 100, 15, 30, 30, 0, 11, 19, 16, 21, 0, 0, 0, 0, 0, 0, 0, 0, 0, 0, 0, 0, 0, 0, 0, 0, 0, 0, 0, 0, 0, 0, 0, 0, 0, 0, 0, 0, 0, 0, 0, 0, 0, 0, 0, 0, 0, 0, 0, 0, 0, 0, 0, 0, 0, 0, 0, 0, 0, 0, 0, 0, 0, 0, 0, 0, 0, 0, 0, 0, 0, 0, 0, 0, 0, 0, 0);

-- Spell list for Emeraldon Boughguard
UPDATE `creature_template` SET `spell_list_id`=124740, `ai_name`='' WHERE `entry`=12474;
DELETE FROM `creature_ai_scripts` WHERE `id` IN (1247401);
DELETE FROM `creature_ai_events` WHERE `creature_id`=12474;
REPLACE INTO `creature_spells` (`entry`, `name`, `spellId_1`, `probability_1`, `castTarget_1`, `targetParam1_1`, `targetParam2_1`, `castFlags_1`, `delayInitialMin_1`, `delayInitialMax_1`, `delayRepeatMin_1`, `delayRepeatMax_1`, `scriptId_1`, `spellId_2`, `probability_2`, `castTarget_2`, `targetParam1_2`, `targetParam2_2`, `castFlags_2`, `delayInitialMin_2`, `delayInitialMax_2`, `delayRepeatMin_2`, `delayRepeatMax_2`, `scriptId_2`, `spellId_3`, `probability_3`, `castTarget_3`, `targetParam1_3`, `targetParam2_3`, `castFlags_3`, `delayInitialMin_3`, `delayInitialMax_3`, `delayRepeatMin_3`, `delayRepeatMax_3`, `scriptId_3`, `spellId_4`, `probability_4`, `castTarget_4`, `targetParam1_4`, `targetParam2_4`, `castFlags_4`, `delayInitialMin_4`, `delayInitialMax_4`, `delayRepeatMin_4`, `delayRepeatMax_4`, `scriptId_4`, `spellId_5`, `probability_5`, `castTarget_5`, `targetParam1_5`, `targetParam2_5`, `castFlags_5`, `delayInitialMin_5`, `delayInitialMax_5`, `delayRepeatMin_5`, `delayRepeatMax_5`, `scriptId_5`, `spellId_6`, `probability_6`, `castTarget_6`, `targetParam1_6`, `targetParam2_6`, `castFlags_6`, `delayInitialMin_6`, `delayInitialMax_6`, `delayRepeatMin_6`, `delayRepeatMax_6`, `scriptId_6`, `spellId_7`, `probability_7`, `castTarget_7`, `targetParam1_7`, `targetParam2_7`, `castFlags_7`, `delayInitialMin_7`, `delayInitialMax_7`, `delayRepeatMin_7`, `delayRepeatMax_7`, `scriptId_7`, `spellId_8`, `probability_8`, `castTarget_8`, `targetParam1_8`, `targetParam2_8`, `castFlags_8`, `delayInitialMin_8`, `delayInitialMax_8`, `delayRepeatMin_8`, `delayRepeatMax_8`, `scriptId_8`) VALUES (124740, 'Ashenvale - Emeraldon Boughguard', 15708, 100, 1, 0, 0, 0, 9, 13, 10, 14, 0, 12021, 100, 1, 0, 0, 0, 5, 8, 14, 18, 0, 20666, 100, 1, 0, 0, 0, 7, 10, 7, 10, 0, 0, 0, 0, 0, 0, 0, 0, 0, 0, 0, 0, 0, 0, 0, 0, 0, 0, 0, 0, 0, 0, 0, 0, 0, 0, 0, 0, 0, 0, 0, 0, 0, 0, 0, 0, 0, 0, 0, 0, 0, 0, 0, 0, 0, 0, 0, 0, 0, 0, 0, 0, 0, 0, 0, 0);

-- Spell list for Death Howl
UPDATE `creature_template` SET `spell_list_id`=143390 WHERE `entry`=14339;
INSERT INTO `creature_spells` (`entry`, `name`, `spellId_1`, `probability_1`, `castTarget_1`, `targetParam1_1`, `targetParam2_1`, `castFlags_1`, `delayInitialMin_1`, `delayInitialMax_1`, `delayRepeatMin_1`, `delayRepeatMax_1`, `scriptId_1`, `spellId_2`, `probability_2`, `castTarget_2`, `targetParam1_2`, `targetParam2_2`, `castFlags_2`, `delayInitialMin_2`, `delayInitialMax_2`, `delayRepeatMin_2`, `delayRepeatMax_2`, `scriptId_2`, `spellId_3`, `probability_3`, `castTarget_3`, `targetParam1_3`, `targetParam2_3`, `castFlags_3`, `delayInitialMin_3`, `delayInitialMax_3`, `delayRepeatMin_3`, `delayRepeatMax_3`, `scriptId_3`, `spellId_4`, `probability_4`, `castTarget_4`, `targetParam1_4`, `targetParam2_4`, `castFlags_4`, `delayInitialMin_4`, `delayInitialMax_4`, `delayRepeatMin_4`, `delayRepeatMax_4`, `scriptId_4`, `spellId_5`, `probability_5`, `castTarget_5`, `targetParam1_5`, `targetParam2_5`, `castFlags_5`, `delayInitialMin_5`, `delayInitialMax_5`, `delayRepeatMin_5`, `delayRepeatMax_5`, `scriptId_5`, `spellId_6`, `probability_6`, `castTarget_6`, `targetParam1_6`, `targetParam2_6`, `castFlags_6`, `delayInitialMin_6`, `delayInitialMax_6`, `delayRepeatMin_6`, `delayRepeatMax_6`, `scriptId_6`, `spellId_7`, `probability_7`, `castTarget_7`, `targetParam1_7`, `targetParam2_7`, `castFlags_7`, `delayInitialMin_7`, `delayInitialMax_7`, `delayRepeatMin_7`, `delayRepeatMax_7`, `scriptId_7`, `spellId_8`, `probability_8`, `castTarget_8`, `targetParam1_8`, `targetParam2_8`, `castFlags_8`, `delayInitialMin_8`, `delayInitialMax_8`, `delayRepeatMin_8`, `delayRepeatMax_8`, `scriptId_8`) VALUES (143390, 'Felwood - Death Howl', 3427, 100, 1, 0, 0, 32, 0, 8, 8, 14, 0, 3604, 100, 1, 0, 0, 0, 0, 20, 20, 24, 0, 0, 100, 1, 0, 0, 0, 0, 0, 0, 0, 0, 0, 100, 1, 0, 0, 0, 0, 0, 0, 0, 0, 0, 100, 1, 0, 0, 0, 0, 0, 0, 0, 0, 0, 100, 1, 0, 0, 0, 0, 0, 0, 0, 0, 0, 100, 1, 0, 0, 0, 0, 0, 0, 0, 0, 0, 100, 1, 0, 0, 0, 0, 0, 0, 0, 0);

-- Spell list for Huntress Skymane
UPDATE `creature_template` SET `spell_list_id`=143780 WHERE `entry`=14378;
INSERT INTO `creature_spells` (`entry`, `name`, `spellId_1`, `probability_1`, `castTarget_1`, `targetParam1_1`, `targetParam2_1`, `castFlags_1`, `delayInitialMin_1`, `delayInitialMax_1`, `delayRepeatMin_1`, `delayRepeatMax_1`, `scriptId_1`, `spellId_2`, `probability_2`, `castTarget_2`, `targetParam1_2`, `targetParam2_2`, `castFlags_2`, `delayInitialMin_2`, `delayInitialMax_2`, `delayRepeatMin_2`, `delayRepeatMax_2`, `scriptId_2`, `spellId_3`, `probability_3`, `castTarget_3`, `targetParam1_3`, `targetParam2_3`, `castFlags_3`, `delayInitialMin_3`, `delayInitialMax_3`, `delayRepeatMin_3`, `delayRepeatMax_3`, `scriptId_3`, `spellId_4`, `probability_4`, `castTarget_4`, `targetParam1_4`, `targetParam2_4`, `castFlags_4`, `delayInitialMin_4`, `delayInitialMax_4`, `delayRepeatMin_4`, `delayRepeatMax_4`, `scriptId_4`, `spellId_5`, `probability_5`, `castTarget_5`, `targetParam1_5`, `targetParam2_5`, `castFlags_5`, `delayInitialMin_5`, `delayInitialMax_5`, `delayRepeatMin_5`, `delayRepeatMax_5`, `scriptId_5`, `spellId_6`, `probability_6`, `castTarget_6`, `targetParam1_6`, `targetParam2_6`, `castFlags_6`, `delayInitialMin_6`, `delayInitialMax_6`, `delayRepeatMin_6`, `delayRepeatMax_6`, `scriptId_6`, `spellId_7`, `probability_7`, `castTarget_7`, `targetParam1_7`, `targetParam2_7`, `castFlags_7`, `delayInitialMin_7`, `delayInitialMax_7`, `delayRepeatMin_7`, `delayRepeatMax_7`, `scriptId_7`, `spellId_8`, `probability_8`, `castTarget_8`, `targetParam1_8`, `targetParam2_8`, `castFlags_8`, `delayInitialMin_8`, `delayInitialMax_8`, `delayRepeatMin_8`, `delayRepeatMax_8`, `scriptId_8`) VALUES (143780, 'Darnassus - Huntress Skymane', 14030, 100, 1, 0, 0, 0, 0, 3, 9, 14, 0, 0, 100, 1, 0, 0, 0, 0, 0, 0, 0, 0, 0, 100, 1, 0, 0, 0, 0, 0, 0, 0, 0, 0, 100, 1, 0, 0, 0, 0, 0, 0, 0, 0, 0, 100, 1, 0, 0, 0, 0, 0, 0, 0, 0, 0, 100, 1, 0, 0, 0, 0, 0, 0, 0, 0, 0, 100, 1, 0, 0, 0, 0, 0, 0, 0, 0, 0, 100, 1, 0, 0, 0, 0, 0, 0, 0, 0);

-- Spell list for Huntress Ravenoak
UPDATE `creature_template` SET `spell_list_id`=143790 WHERE `entry`=14379;
INSERT INTO `creature_spells` (`entry`, `name`, `spellId_1`, `probability_1`, `castTarget_1`, `targetParam1_1`, `targetParam2_1`, `castFlags_1`, `delayInitialMin_1`, `delayInitialMax_1`, `delayRepeatMin_1`, `delayRepeatMax_1`) VALUES (143790, 'Darnassus - Huntress Ravenoak', 14030, 100, 1, 0, 0, 0, 0, 3, 9, 14);

-- Spell list for Huntress Leafrunner
UPDATE `creature_template` SET `spell_list_id`=143800 WHERE `entry`=14380;
INSERT INTO `creature_spells` (`entry`, `name`, `spellId_1`, `probability_1`, `castTarget_1`, `targetParam1_1`, `targetParam2_1`, `castFlags_1`, `delayInitialMin_1`, `delayInitialMax_1`, `delayRepeatMin_1`, `delayRepeatMax_1`) VALUES (143800, 'Darnassus - Huntress Leafrunner', 14030, 100, 1, 0, 0, 0, 0, 3, 9, 14);

-- Spell list for Harb Foulmountain
UPDATE `creature_template` SET `spell_list_id`=144260 WHERE `entry`=14426;
INSERT INTO `creature_spells` (`entry`, `name`, `spellId_1`, `probability_1`, `castTarget_1`, `targetParam1_1`, `targetParam2_1`, `castFlags_1`, `delayInitialMin_1`, `delayInitialMax_1`, `delayRepeatMin_1`, `delayRepeatMax_1`, `scriptId_1`, `spellId_2`, `probability_2`, `castTarget_2`, `targetParam1_2`, `targetParam2_2`, `castFlags_2`, `delayInitialMin_2`, `delayInitialMax_2`, `delayRepeatMin_2`, `delayRepeatMax_2`, `scriptId_2`, `spellId_3`, `probability_3`, `castTarget_3`, `targetParam1_3`, `targetParam2_3`, `castFlags_3`, `delayInitialMin_3`, `delayInitialMax_3`, `delayRepeatMin_3`, `delayRepeatMax_3`, `scriptId_3`, `spellId_4`, `probability_4`, `castTarget_4`, `targetParam1_4`, `targetParam2_4`, `castFlags_4`, `delayInitialMin_4`, `delayInitialMax_4`, `delayRepeatMin_4`, `delayRepeatMax_4`, `scriptId_4`, `spellId_5`, `probability_5`, `castTarget_5`, `targetParam1_5`, `targetParam2_5`, `castFlags_5`, `delayInitialMin_5`, `delayInitialMax_5`, `delayRepeatMin_5`, `delayRepeatMax_5`, `scriptId_5`, `spellId_6`, `probability_6`, `castTarget_6`, `targetParam1_6`, `targetParam2_6`, `castFlags_6`, `delayInitialMin_6`, `delayInitialMax_6`, `delayRepeatMin_6`, `delayRepeatMax_6`, `scriptId_6`, `spellId_7`, `probability_7`, `castTarget_7`, `targetParam1_7`, `targetParam2_7`, `castFlags_7`, `delayInitialMin_7`, `delayInitialMax_7`, `delayRepeatMin_7`, `delayRepeatMax_7`, `scriptId_7`, `spellId_8`, `probability_8`, `castTarget_8`, `targetParam1_8`, `targetParam2_8`, `castFlags_8`, `delayInitialMin_8`, `delayInitialMax_8`, `delayRepeatMin_8`, `delayRepeatMax_8`, `scriptId_8`) VALUES (144260, 'Thousand Needles - Harb Foulmountain', 45, 100, 0, 0, 0, 0, 8, 12, 12, 18, 0, 3391, 100, 0, 0, 0, 0, 10, 20, 10, 20, 0, 0, 100, 1, 0, 0, 0, 0, 0, 0, 0, 0, 0, 100, 1, 0, 0, 0, 0, 0, 0, 0, 0, 0, 100, 1, 0, 0, 0, 0, 0, 0, 0, 0, 0, 100, 1, 0, 0, 0, 0, 0, 0, 0, 0, 0, 100, 1, 0, 0, 0, 0, 0, 0, 0, 0, 0, 100, 1, 0, 0, 0, 0, 0, 0, 0, 0);

-- Spell list for Grimmaw
UPDATE `creature_template` SET `spell_list_id`=144290 WHERE `entry`=14429;
INSERT INTO `creature_spells` (`entry`, `name`, `spellId_1`, `probability_1`, `castTarget_1`, `targetParam1_1`, `targetParam2_1`, `castFlags_1`, `delayInitialMin_1`, `delayInitialMax_1`, `delayRepeatMin_1`, `delayRepeatMax_1`, `scriptId_1`, `spellId_2`, `probability_2`, `castTarget_2`, `targetParam1_2`, `targetParam2_2`, `castFlags_2`, `delayInitialMin_2`, `delayInitialMax_2`, `delayRepeatMin_2`, `delayRepeatMax_2`, `scriptId_2`, `spellId_3`, `probability_3`, `castTarget_3`, `targetParam1_3`, `targetParam2_3`, `castFlags_3`, `delayInitialMin_3`, `delayInitialMax_3`, `delayRepeatMin_3`, `delayRepeatMax_3`, `scriptId_3`, `spellId_4`, `probability_4`, `castTarget_4`, `targetParam1_4`, `targetParam2_4`, `castFlags_4`, `delayInitialMin_4`, `delayInitialMax_4`, `delayRepeatMin_4`, `delayRepeatMax_4`, `scriptId_4`, `spellId_5`, `probability_5`, `castTarget_5`, `targetParam1_5`, `targetParam2_5`, `castFlags_5`, `delayInitialMin_5`, `delayInitialMax_5`, `delayRepeatMin_5`, `delayRepeatMax_5`, `scriptId_5`, `spellId_6`, `probability_6`, `castTarget_6`, `targetParam1_6`, `targetParam2_6`, `castFlags_6`, `delayInitialMin_6`, `delayInitialMax_6`, `delayRepeatMin_6`, `delayRepeatMax_6`, `scriptId_6`, `spellId_7`, `probability_7`, `castTarget_7`, `targetParam1_7`, `targetParam2_7`, `castFlags_7`, `delayInitialMin_7`, `delayInitialMax_7`, `delayRepeatMin_7`, `delayRepeatMax_7`, `scriptId_7`, `spellId_8`, `probability_8`, `castTarget_8`, `targetParam1_8`, `targetParam2_8`, `castFlags_8`, `delayInitialMin_8`, `delayInitialMax_8`, `delayRepeatMin_8`, `delayRepeatMax_8`, `scriptId_8`) VALUES (144290, 'Teldrassil - Grimmaw', 19319, 100, 1, 0, 0, 0, 0, 8, 8, 12, 0, 0, 100, 1, 0, 0, 0, 0, 0, 0, 0, 0, 0, 100, 1, 0, 0, 0, 0, 0, 0, 0, 0, 0, 100, 1, 0, 0, 0, 0, 0, 0, 0, 0, 0, 100, 1, 0, 0, 0, 0, 0, 0, 0, 0, 0, 100, 1, 0, 0, 0, 0, 0, 0, 0, 0, 0, 100, 1, 0, 0, 0, 0, 0, 0, 0, 0, 0, 100, 1, 0, 0, 0, 0, 0, 0, 0, 0);

-- Spell list for Setis
UPDATE `creature_template` SET `spell_list_id`=144710 WHERE `entry`=14471;
INSERT INTO `creature_spells` (`entry`, `name`, `spellId_1`, `probability_1`, `castTarget_1`, `targetParam1_1`, `targetParam2_1`, `castFlags_1`, `delayInitialMin_1`, `delayInitialMax_1`, `delayRepeatMin_1`, `delayRepeatMax_1`, `scriptId_1`, `spellId_2`, `probability_2`, `castTarget_2`, `targetParam1_2`, `targetParam2_2`, `castFlags_2`, `delayInitialMin_2`, `delayInitialMax_2`, `delayRepeatMin_2`, `delayRepeatMax_2`, `scriptId_2`, `spellId_3`, `probability_3`, `castTarget_3`, `targetParam1_3`, `targetParam2_3`, `castFlags_3`, `delayInitialMin_3`, `delayInitialMax_3`, `delayRepeatMin_3`, `delayRepeatMax_3`, `scriptId_3`, `spellId_4`, `probability_4`, `castTarget_4`, `targetParam1_4`, `targetParam2_4`, `castFlags_4`, `delayInitialMin_4`, `delayInitialMax_4`, `delayRepeatMin_4`, `delayRepeatMax_4`, `scriptId_4`, `spellId_5`, `probability_5`, `castTarget_5`, `targetParam1_5`, `targetParam2_5`, `castFlags_5`, `delayInitialMin_5`, `delayInitialMax_5`, `delayRepeatMin_5`, `delayRepeatMax_5`, `scriptId_5`, `spellId_6`, `probability_6`, `castTarget_6`, `targetParam1_6`, `targetParam2_6`, `castFlags_6`, `delayInitialMin_6`, `delayInitialMax_6`, `delayRepeatMin_6`, `delayRepeatMax_6`, `scriptId_6`, `spellId_7`, `probability_7`, `castTarget_7`, `targetParam1_7`, `targetParam2_7`, `castFlags_7`, `delayInitialMin_7`, `delayInitialMax_7`, `delayRepeatMin_7`, `delayRepeatMax_7`, `scriptId_7`, `spellId_8`, `probability_8`, `castTarget_8`, `targetParam1_8`, `targetParam2_8`, `castFlags_8`, `delayInitialMin_8`, `delayInitialMax_8`, `delayRepeatMin_8`, `delayRepeatMax_8`, `scriptId_8`) VALUES (144710, 'Silithus - Setis', 10887, 100, 0, 0, 0, 0, 15, 15, 15, 15, 0, 16727, 100, 0, 0, 0, 0, 12, 15, 17, 24, 0, 0, 100, 1, 0, 0, 0, 0, 0, 0, 0, 0, 0, 100, 1, 0, 0, 0, 0, 0, 0, 0, 0, 0, 100, 1, 0, 0, 0, 0, 0, 0, 0, 0, 0, 100, 1, 0, 0, 0, 0, 0, 0, 0, 0, 0, 100, 1, 0, 0, 0, 0, 0, 0, 0, 0, 0, 100, 1, 0, 0, 0, 0, 0, 0, 0, 0);

-- Spell list for Gretheer
UPDATE `creature_template` SET `spell_list_id`=144720 WHERE `entry`=14472;
INSERT INTO `creature_spells` (`entry`, `name`, `spellId_1`, `probability_1`, `castTarget_1`, `targetParam1_1`, `targetParam2_1`, `castFlags_1`, `delayInitialMin_1`, `delayInitialMax_1`, `delayRepeatMin_1`, `delayRepeatMax_1`, `scriptId_1`, `spellId_2`, `probability_2`, `castTarget_2`, `targetParam1_2`, `targetParam2_2`, `castFlags_2`, `delayInitialMin_2`, `delayInitialMax_2`, `delayRepeatMin_2`, `delayRepeatMax_2`, `scriptId_2`, `spellId_3`, `probability_3`, `castTarget_3`, `targetParam1_3`, `targetParam2_3`, `castFlags_3`, `delayInitialMin_3`, `delayInitialMax_3`, `delayRepeatMin_3`, `delayRepeatMax_3`, `scriptId_3`, `spellId_4`, `probability_4`, `castTarget_4`, `targetParam1_4`, `targetParam2_4`, `castFlags_4`, `delayInitialMin_4`, `delayInitialMax_4`, `delayRepeatMin_4`, `delayRepeatMax_4`, `scriptId_4`, `spellId_5`, `probability_5`, `castTarget_5`, `targetParam1_5`, `targetParam2_5`, `castFlags_5`, `delayInitialMin_5`, `delayInitialMax_5`, `delayRepeatMin_5`, `delayRepeatMax_5`, `scriptId_5`, `spellId_6`, `probability_6`, `castTarget_6`, `targetParam1_6`, `targetParam2_6`, `castFlags_6`, `delayInitialMin_6`, `delayInitialMax_6`, `delayRepeatMin_6`, `delayRepeatMax_6`, `scriptId_6`, `spellId_7`, `probability_7`, `castTarget_7`, `targetParam1_7`, `targetParam2_7`, `castFlags_7`, `delayInitialMin_7`, `delayInitialMax_7`, `delayRepeatMin_7`, `delayRepeatMax_7`, `scriptId_7`, `spellId_8`, `probability_8`, `castTarget_8`, `targetParam1_8`, `targetParam2_8`, `castFlags_8`, `delayInitialMin_8`, `delayInitialMax_8`, `delayRepeatMin_8`, `delayRepeatMax_8`, `scriptId_8`) VALUES (144720, 'Silithus - Gretheer', 745, 100, 1, 0, 0, 0, 0, 9, 9, 14, 0, 0, 100, 1, 0, 0, 0, 0, 0, 0, 0, 0, 0, 100, 1, 0, 0, 0, 0, 0, 0, 0, 0, 0, 100, 1, 0, 0, 0, 0, 0, 0, 0, 0, 0, 100, 1, 0, 0, 0, 0, 0, 0, 0, 0, 0, 100, 1, 0, 0, 0, 0, 0, 0, 0, 0, 0, 100, 1, 0, 0, 0, 0, 0, 0, 0, 0, 0, 100, 1, 0, 0, 0, 0, 0, 0, 0, 0);

-- Spell list for Zora
UPDATE `creature_template` SET `spell_list_id`=144740 WHERE `entry`=14474;
INSERT INTO `creature_spells` (`entry`, `name`, `spellId_1`, `probability_1`, `castTarget_1`, `targetParam1_1`, `targetParam2_1`, `castFlags_1`, `delayInitialMin_1`, `delayInitialMax_1`, `delayRepeatMin_1`, `delayRepeatMax_1`) VALUES (144740, 'Silithus - Zora', 21971, 100, 1, 0, 0, 0, 0, 0, 5, 9);

-- Spell list for Rex Ashil
UPDATE `creature_template` SET `spell_list_id`=144750 WHERE `entry`=14475;
INSERT INTO `creature_spells` (`entry`, `name`, `spellId_1`, `probability_1`, `castTarget_1`, `targetParam1_1`, `targetParam2_1`, `castFlags_1`, `delayInitialMin_1`, `delayInitialMax_1`, `delayRepeatMin_1`, `delayRepeatMax_1`) VALUES (144750, 'Silithus - Rex Ashil', 6016, 100, 1, 0, 0, 0, 5, 7, 12, 14);

-- Spell list for Grubthor
UPDATE `creature_template` SET `spell_list_id`=144770 WHERE `entry`=14477;
INSERT INTO `creature_spells` (`entry`, `name`, `spellId_1`, `probability_1`, `castTarget_1`, `targetParam1_1`, `targetParam2_1`, `castFlags_1`, `delayInitialMin_1`, `delayInitialMax_1`, `delayRepeatMin_1`, `delayRepeatMax_1`) VALUES (144770, 'Silithus - Grubthor', 5568, 100, 0, 0, 0, 0, 5, 8, 9, 13);

-- Spell list for Huricanian
UPDATE `creature_template` SET `spell_list_id`=144780 WHERE `entry`=14478;
INSERT INTO `creature_spells` (`entry`, `name`, `spellId_1`, `probability_1`, `castTarget_1`, `targetParam1_1`, `targetParam2_1`, `castFlags_1`, `delayInitialMin_1`, `delayInitialMax_1`, `delayRepeatMin_1`, `delayRepeatMax_1`) VALUES (144780, 'Silithus - Huricanian', 15659, 100, 4, 0, 0, 0, 4, 10, 5, 15);

-- Events list for Twilight Lord Everun
UPDATE `creature_template` SET `spell_list_id`=144790 WHERE `entry`=14479;
INSERT INTO `creature_spells` (`entry`, `name`, `spellId_1`, `probability_1`, `castTarget_1`, `targetParam1_1`, `targetParam2_1`, `castFlags_1`, `delayInitialMin_1`, `delayInitialMax_1`, `delayRepeatMin_1`, `delayRepeatMax_1`, `scriptId_1`, `spellId_2`, `probability_2`, `castTarget_2`, `targetParam1_2`, `targetParam2_2`, `castFlags_2`, `delayInitialMin_2`, `delayInitialMax_2`, `delayRepeatMin_2`, `delayRepeatMax_2`, `scriptId_2`, `spellId_3`, `probability_3`, `castTarget_3`, `targetParam1_3`, `targetParam2_3`, `castFlags_3`, `delayInitialMin_3`, `delayInitialMax_3`, `delayRepeatMin_3`, `delayRepeatMax_3`, `scriptId_3`, `spellId_4`, `probability_4`, `castTarget_4`, `targetParam1_4`, `targetParam2_4`, `castFlags_4`, `delayInitialMin_4`, `delayInitialMax_4`, `delayRepeatMin_4`, `delayRepeatMax_4`, `scriptId_4`, `spellId_5`, `probability_5`, `castTarget_5`, `targetParam1_5`, `targetParam2_5`, `castFlags_5`, `delayInitialMin_5`, `delayInitialMax_5`, `delayRepeatMin_5`, `delayRepeatMax_5`, `scriptId_5`, `spellId_6`, `probability_6`, `castTarget_6`, `targetParam1_6`, `targetParam2_6`, `castFlags_6`, `delayInitialMin_6`, `delayInitialMax_6`, `delayRepeatMin_6`, `delayRepeatMax_6`, `scriptId_6`, `spellId_7`, `probability_7`, `castTarget_7`, `targetParam1_7`, `targetParam2_7`, `castFlags_7`, `delayInitialMin_7`, `delayInitialMax_7`, `delayRepeatMin_7`, `delayRepeatMax_7`, `scriptId_7`, `spellId_8`, `probability_8`, `castTarget_8`, `targetParam1_8`, `targetParam2_8`, `castFlags_8`, `delayInitialMin_8`, `delayInitialMax_8`, `delayRepeatMin_8`, `delayRepeatMax_8`, `scriptId_8`) VALUES (144790, 'Silithus - Twilight Lord Everun', 17439, 100, 1, 0, 0, 0, 0, 5, 5, 25, 0, 19816, 100, 1, 0, 0, 8, 0, 0, 2, 3, 0, 0, 100, 1, 0, 0, 0, 0, 0, 0, 0, 0, 0, 100, 1, 0, 0, 0, 0, 0, 0, 0, 0, 0, 100, 1, 0, 0, 0, 0, 0, 0, 0, 0, 0, 100, 1, 0, 0, 0, 0, 0, 0, 0, 0, 0, 100, 1, 0, 0, 0, 0, 0, 0, 0, 0, 0, 100, 1, 0, 0, 0, 0, 0, 0, 0, 0);

-- Spell list for Roloch
UPDATE `creature_template` SET `spell_list_id`=144880 WHERE `entry`=14488;
INSERT INTO `creature_spells` (`entry`, `name`, `spellId_1`, `probability_1`, `castTarget_1`, `targetParam1_1`, `targetParam2_1`, `castFlags_1`, `delayInitialMin_1`, `delayInitialMax_1`, `delayRepeatMin_1`, `delayRepeatMax_1`) VALUES (144880, 'Stranglethorn Vale - Roloch', 15496, 100, 1, 0, 0, 0, 7, 14, 7, 14);

-- Spell list for Verifonix
UPDATE `creature_template` SET `spell_list_id`=144920 WHERE `entry`=14492;
INSERT INTO `creature_spells` (`entry`, `name`, `spellId_1`, `probability_1`, `castTarget_1`, `targetParam1_1`, `targetParam2_1`, `castFlags_1`, `delayInitialMin_1`, `delayInitialMax_1`, `delayRepeatMin_1`, `delayRepeatMax_1`) VALUES (144920, 'Stranglethorn Vale - Verifonix', 12097, 100, 1, 0, 0, 32, 1, 7, 34, 56);

-- Spell list for Razzashi Venombrood
UPDATE `creature_template` SET `spell_list_id`=145320, `auras`='8601' WHERE `entry`=14532;
INSERT INTO `creature_spells` (`entry`, `name`, `spellId_1`, `probability_1`, `castTarget_1`, `targetParam1_1`, `targetParam2_1`, `castFlags_1`, `delayInitialMin_1`, `delayInitialMax_1`, `delayRepeatMin_1`, `delayRepeatMax_1`) VALUES (145320, 'Zul\'Gurub - Razzashi Venombrood', 24596, 100, 1, 0, 0, 32, 1, 5, 20, 25);

-- Spell list for Razzashi Raptor
UPDATE `creature_template` SET `spell_list_id`=148210 WHERE `entry`=14821;
INSERT INTO `creature_spells` (`entry`, `name`, `spellId_1`, `probability_1`, `castTarget_1`, `targetParam1_1`, `targetParam2_1`, `castFlags_1`, `delayInitialMin_1`, `delayInitialMax_1`, `delayRepeatMin_1`, `delayRepeatMax_1`, `scriptId_1`, `spellId_2`, `probability_2`, `castTarget_2`, `targetParam1_2`, `targetParam2_2`, `castFlags_2`, `delayInitialMin_2`, `delayInitialMax_2`, `delayRepeatMin_2`, `delayRepeatMax_2`, `scriptId_2`, `spellId_3`, `probability_3`, `castTarget_3`, `targetParam1_3`, `targetParam2_3`, `castFlags_3`, `delayInitialMin_3`, `delayInitialMax_3`, `delayRepeatMin_3`, `delayRepeatMax_3`, `scriptId_3`, `spellId_4`, `probability_4`, `castTarget_4`, `targetParam1_4`, `targetParam2_4`, `castFlags_4`, `delayInitialMin_4`, `delayInitialMax_4`, `delayRepeatMin_4`, `delayRepeatMax_4`, `scriptId_4`, `spellId_5`, `probability_5`, `castTarget_5`, `targetParam1_5`, `targetParam2_5`, `castFlags_5`, `delayInitialMin_5`, `delayInitialMax_5`, `delayRepeatMin_5`, `delayRepeatMax_5`, `scriptId_5`, `spellId_6`, `probability_6`, `castTarget_6`, `targetParam1_6`, `targetParam2_6`, `castFlags_6`, `delayInitialMin_6`, `delayInitialMax_6`, `delayRepeatMin_6`, `delayRepeatMax_6`, `scriptId_6`, `spellId_7`, `probability_7`, `castTarget_7`, `targetParam1_7`, `targetParam2_7`, `castFlags_7`, `delayInitialMin_7`, `delayInitialMax_7`, `delayRepeatMin_7`, `delayRepeatMax_7`, `scriptId_7`, `spellId_8`, `probability_8`, `castTarget_8`, `targetParam1_8`, `targetParam2_8`, `castFlags_8`, `delayInitialMin_8`, `delayInitialMax_8`, `delayRepeatMin_8`, `delayRepeatMax_8`, `scriptId_8`) VALUES (148210, 'Zul\'Gurub - Razzashi Raptor', 24339, 100, 1, 0, 0, 32, 1, 5, 20, 25, 0, 3391, 100, 1, 0, 0, 0, 5, 10, 5, 10, 0, 0, 100, 1, 0, 0, 0, 0, 0, 0, 0, 0, 0, 100, 1, 0, 0, 0, 0, 0, 0, 0, 0, 0, 100, 1, 0, 0, 0, 0, 0, 0, 0, 0, 0, 100, 1, 0, 0, 0, 0, 0, 0, 0, 0, 0, 100, 1, 0, 0, 0, 0, 0, 0, 0, 0, 0, 100, 1, 0, 0, 0, 0, 0, 0, 0, 0);

-- Spell list for Zulian Crocolisk
UPDATE `creature_template` SET `spell_list_id`=150430 WHERE `entry`=15043;
INSERT INTO `creature_spells` (`entry`, `name`, `spellId_1`, `probability_1`, `castTarget_1`, `targetParam1_1`, `targetParam2_1`, `castFlags_1`, `delayInitialMin_1`, `delayInitialMax_1`, `delayRepeatMin_1`, `delayRepeatMax_1`, `spellId_2`, `probability_2`, `castTarget_2`, `targetParam1_2`, `targetParam2_2`, `castFlags_2`, `delayInitialMin_2`, `delayInitialMax_2`, `delayRepeatMin_2`, `delayRepeatMax_2`) VALUES (150430, 'Zul\'Gurub - Zulian Crocolisk', 13445, 100, 1, 0, 0, 32, 1, 3, 5, 7, 3604, 100, 1, 0, 0, 32, 3, 6, 20, 25);

-- Spell list for Zulian Guardian
UPDATE `creature_template` SET `spell_list_id`=150680 WHERE `entry`=15068;
INSERT INTO `creature_spells` (`entry`, `name`, `spellId_1`, `probability_1`, `castTarget_1`, `targetParam1_1`, `targetParam2_1`, `castFlags_1`, `delayInitialMin_1`, `delayInitialMax_1`, `delayRepeatMin_1`, `delayRepeatMax_1`) VALUES (150680, 'Zul\'Gurub - Zulian Guardian', 24187, 100, 1, 0, 0, 0, 1, 3, 5, 7);

-- Spell list for Twilight Marauder Morna
UPDATE `creature_template` SET `spell_list_id`=155410 WHERE `entry`=15541;
INSERT INTO `creature_spells` (`entry`, `name`, `spellId_1`, `probability_1`, `castTarget_1`, `targetParam1_1`, `targetParam2_1`, `castFlags_1`, `delayInitialMin_1`, `delayInitialMax_1`, `delayRepeatMin_1`, `delayRepeatMax_1`, `scriptId_1`, `spellId_2`, `probability_2`, `castTarget_2`, `targetParam1_2`, `targetParam2_2`, `castFlags_2`, `delayInitialMin_2`, `delayInitialMax_2`, `delayRepeatMin_2`, `delayRepeatMax_2`, `scriptId_2`, `spellId_3`, `probability_3`, `castTarget_3`, `targetParam1_3`, `targetParam2_3`, `castFlags_3`, `delayInitialMin_3`, `delayInitialMax_3`, `delayRepeatMin_3`, `delayRepeatMax_3`, `scriptId_3`, `spellId_4`, `probability_4`, `castTarget_4`, `targetParam1_4`, `targetParam2_4`, `castFlags_4`, `delayInitialMin_4`, `delayInitialMax_4`, `delayRepeatMin_4`, `delayRepeatMax_4`, `scriptId_4`, `spellId_5`, `probability_5`, `castTarget_5`, `targetParam1_5`, `targetParam2_5`, `castFlags_5`, `delayInitialMin_5`, `delayInitialMax_5`, `delayRepeatMin_5`, `delayRepeatMax_5`, `scriptId_5`, `spellId_6`, `probability_6`, `castTarget_6`, `targetParam1_6`, `targetParam2_6`, `castFlags_6`, `delayInitialMin_6`, `delayInitialMax_6`, `delayRepeatMin_6`, `delayRepeatMax_6`, `scriptId_6`, `spellId_7`, `probability_7`, `castTarget_7`, `targetParam1_7`, `targetParam2_7`, `castFlags_7`, `delayInitialMin_7`, `delayInitialMax_7`, `delayRepeatMin_7`, `delayRepeatMax_7`, `scriptId_7`, `spellId_8`, `probability_8`, `castTarget_8`, `targetParam1_8`, `targetParam2_8`, `castFlags_8`, `delayInitialMin_8`, `delayInitialMax_8`, `delayRepeatMin_8`, `delayRepeatMax_8`, `scriptId_8`) VALUES (155410, 'Silithus - Twilight Marauder Morna', 16856, 100, 1, 0, 0, 0, 5, 8, 9, 13, 0, 15572, 100, 1, 0, 0, 0, 0, 0, 5, 9, 0, 23600, 100, 0, 0, 0, 0, 9, 15, 14, 18, 0, 0, 100, 1, 0, 0, 0, 0, 0, 0, 0, 0, 0, 100, 1, 0, 0, 0, 0, 0, 0, 0, 0, 0, 100, 1, 0, 0, 0, 0, 0, 0, 0, 0, 0, 100, 1, 0, 0, 0, 0, 0, 0, 0, 0, 0, 100, 1, 0, 0, 0, 0, 0, 0, 0, 0);

-- Spell list for Twilight Marauder
UPDATE `creature_template` SET `spell_list_id`=155420 WHERE `entry`=15542;
INSERT INTO `creature_spells` (`entry`, `name`, `spellId_1`, `probability_1`, `castTarget_1`, `targetParam1_1`, `targetParam2_1`, `castFlags_1`, `delayInitialMin_1`, `delayInitialMax_1`, `delayRepeatMin_1`, `delayRepeatMax_1`, `scriptId_1`, `spellId_2`, `probability_2`, `castTarget_2`, `targetParam1_2`, `targetParam2_2`, `castFlags_2`, `delayInitialMin_2`, `delayInitialMax_2`, `delayRepeatMin_2`, `delayRepeatMax_2`, `scriptId_2`, `spellId_3`, `probability_3`, `castTarget_3`, `targetParam1_3`, `targetParam2_3`, `castFlags_3`, `delayInitialMin_3`, `delayInitialMax_3`, `delayRepeatMin_3`, `delayRepeatMax_3`, `scriptId_3`, `spellId_4`, `probability_4`, `castTarget_4`, `targetParam1_4`, `targetParam2_4`, `castFlags_4`, `delayInitialMin_4`, `delayInitialMax_4`, `delayRepeatMin_4`, `delayRepeatMax_4`, `scriptId_4`, `spellId_5`, `probability_5`, `castTarget_5`, `targetParam1_5`, `targetParam2_5`, `castFlags_5`, `delayInitialMin_5`, `delayInitialMax_5`, `delayRepeatMin_5`, `delayRepeatMax_5`, `scriptId_5`, `spellId_6`, `probability_6`, `castTarget_6`, `targetParam1_6`, `targetParam2_6`, `castFlags_6`, `delayInitialMin_6`, `delayInitialMax_6`, `delayRepeatMin_6`, `delayRepeatMax_6`, `scriptId_6`, `spellId_7`, `probability_7`, `castTarget_7`, `targetParam1_7`, `targetParam2_7`, `castFlags_7`, `delayInitialMin_7`, `delayInitialMax_7`, `delayRepeatMin_7`, `delayRepeatMax_7`, `scriptId_7`, `spellId_8`, `probability_8`, `castTarget_8`, `targetParam1_8`, `targetParam2_8`, `castFlags_8`, `delayInitialMin_8`, `delayInitialMax_8`, `delayRepeatMin_8`, `delayRepeatMax_8`, `scriptId_8`) VALUES (155420, 'Silithus - Twilight Marauder', 23600, 100, 0, 0, 0, 0, 9, 15, 14, 18, 0, 22911, 100, 4, 0, 0, 0, 0, 1, 10, 20, 0, 0, 100, 1, 0, 0, 0, 0, 0, 0, 0, 0, 0, 100, 1, 0, 0, 0, 0, 0, 0, 0, 0, 0, 100, 1, 0, 0, 0, 0, 0, 0, 0, 0, 0, 100, 1, 0, 0, 0, 0, 0, 0, 0, 0, 0, 100, 1, 0, 0, 0, 0, 0, 0, 0, 0, 0, 100, 1, 0, 0, 0, 0, 0, 0, 0, 0);

-- Spell list for Southsea Kidnapper
UPDATE `creature_template` SET `spell_list_id`=156850 WHERE `entry`=15685;
INSERT INTO `creature_spells` (`entry`, `name`, `spellId_1`, `probability_1`, `castTarget_1`, `targetParam1_1`, `targetParam2_1`, `castFlags_1`, `delayInitialMin_1`, `delayInitialMax_1`, `delayRepeatMin_1`, `delayRepeatMax_1`) VALUES (156850, 'Tanaris - Southsea Kidnapper', 6713, 100, 1, 0, 0, 0, 6, 15, 7, 15);

-- Spell list for Horde Silithyst Sentinel
UPDATE `creature_template` SET `spell_list_id`=177660 WHERE `entry`=17766;
INSERT INTO `creature_spells` (`entry`, `name`, `spellId_1`, `probability_1`, `castTarget_1`, `targetParam1_1`, `targetParam2_1`, `castFlags_1`, `delayInitialMin_1`, `delayInitialMax_1`, `delayRepeatMin_1`, `delayRepeatMax_1`, `scriptId_1`, `spellId_2`, `probability_2`, `castTarget_2`, `targetParam1_2`, `targetParam2_2`, `castFlags_2`, `delayInitialMin_2`, `delayInitialMax_2`, `delayRepeatMin_2`, `delayRepeatMax_2`, `scriptId_2`, `spellId_3`, `probability_3`, `castTarget_3`, `targetParam1_3`, `targetParam2_3`, `castFlags_3`, `delayInitialMin_3`, `delayInitialMax_3`, `delayRepeatMin_3`, `delayRepeatMax_3`, `scriptId_3`, `spellId_4`, `probability_4`, `castTarget_4`, `targetParam1_4`, `targetParam2_4`, `castFlags_4`, `delayInitialMin_4`, `delayInitialMax_4`, `delayRepeatMin_4`, `delayRepeatMax_4`, `scriptId_4`, `spellId_5`, `probability_5`, `castTarget_5`, `targetParam1_5`, `targetParam2_5`, `castFlags_5`, `delayInitialMin_5`, `delayInitialMax_5`, `delayRepeatMin_5`, `delayRepeatMax_5`, `scriptId_5`, `spellId_6`, `probability_6`, `castTarget_6`, `targetParam1_6`, `targetParam2_6`, `castFlags_6`, `delayInitialMin_6`, `delayInitialMax_6`, `delayRepeatMin_6`, `delayRepeatMax_6`, `scriptId_6`, `spellId_7`, `probability_7`, `castTarget_7`, `targetParam1_7`, `targetParam2_7`, `castFlags_7`, `delayInitialMin_7`, `delayInitialMax_7`, `delayRepeatMin_7`, `delayRepeatMax_7`, `scriptId_7`, `spellId_8`, `probability_8`, `castTarget_8`, `targetParam1_8`, `targetParam2_8`, `castFlags_8`, `delayInitialMin_8`, `delayInitialMax_8`, `delayRepeatMin_8`, `delayRepeatMax_8`, `scriptId_8`) VALUES (177660, 'Silithus - Horde Silithyst Sentinel', 19643, 100, 1, 0, 0, 0, 0, 0, 12, 14, 0, 18328, 100, 1, 0, 0, 0, 6, 8, 22, 24, 0, 11972, 100, 1, 0, 0, 256, 0, 0, 20, 30, 0, 0, 100, 1, 0, 0, 0, 0, 0, 0, 0, 0, 0, 100, 1, 0, 0, 0, 0, 0, 0, 0, 0, 0, 100, 1, 0, 0, 0, 0, 0, 0, 0, 0, 0, 100, 1, 0, 0, 0, 0, 0, 0, 0, 0, 0, 100, 1, 0, 0, 0, 0, 0, 0, 0, 0);

-- Removing useless AI from Zulian Tiger.
DELETE FROM `creature_ai_scripts` WHERE `id` IN (1136101);
DELETE FROM `creature_ai_events` WHERE `creature_id`=11361;
UPDATE `creature_template` SET `ai_name`='', `script_name`='' WHERE `entry`=11361;

-- Remove AI from Kirtonos the Herald (Spell Visual) which already has a spell list.
UPDATE `creature_template` SET `script_name`='' WHERE `entry`=10579;


-- End of migration.
END IF;
END??
delimiter ; 
CALL add_migration();
DROP PROCEDURE IF EXISTS add_migration;
