DROP PROCEDURE IF EXISTS add_migration;
delimiter ??
CREATE PROCEDURE `add_migration`()
BEGIN
DECLARE v INT DEFAULT 1;
SET v = (SELECT COUNT(*) FROM `migrations` WHERE `id`='20210516104918');
IF v=0 THEN
INSERT INTO `migrations` VALUES ('20210516104918');
-- Add your query below.


-- Giant Clam spawns in the open world.
INSERT INTO `gameobject` (`guid`, `id`, `map`, `position_x`, `position_y`, `position_z`, `orientation`, `rotation0`, `rotation1`, `rotation2`, `rotation3`, `spawntimesecsmin`, `spawntimesecsmax`, `state`, `animprogress`) VALUES 
(48019, 19018, 0, -2994.04, -903.637, -7.62413, 1.69297, 0, 0, 0.748956, 0.66262, 7200, 7200, 1, 100),
(48020, 19018, 0, -2858.22, -885.326, -10.7018, 5.63741, 0, 0, -0.317305, 0.948324, 7200, 7200, 1, 100),
(48021, 19018, 0, -2652.34, -1173, -14.9991, 0.506145, 0, 0, 0.25038, 0.968148, 7200, 7200, 1, 100),
(48022, 19018, 0, -3970.02, -825.537, -15.9226, 3.07177, 0, 0, 0.999391, 0.0349061, 7200, 7200, 1, 100),
(48023, 19018, 0, -3495, -614.751, -15.8589, 5.68977, 0, 0, -0.292372, 0.956305, 7200, 7200, 1, 100),
(48024, 19018, 0, -3818.38, -1027.33, -32.0284, 1.93731, 0, 0, 0.824125, 0.566408, 7200, 7200, 1, 100),
(48025, 19018, 0, -2693.15, -1125.63, -14.4795, 2.51327, 0, 0, 0.951056, 0.309017, 7200, 7200, 1, 100),
(48026, 19018, 0, -3889.25, -917.226, -16.32, 1.06465, 0, 0, 0.507538, 0.861629, 7200, 7200, 1, 100),
(48027, 19018, 0, -3276.94, -618.367, -19.3885, 2.63544, 0, 0, 0.968147, 0.250381, 7200, 7200, 1, 100),
(48028, 19018, 0, -3053.88, -858.912, -11.511, 1.5708, 0, 0, 0.707107, 0.707107, 7200, 7200, 1, 100),
(48029, 19018, 0, -2561.04, -1548.82, -13.6165, 2.67035, 0, 0, 0.972369, 0.233448, 7200, 7200, 1, 100),
(48030, 19018, 0, -3294.76, -725.894, -10.2695, 1.32645, 0, 0, 0.615661, 0.788011, 7200, 7200, 1, 100),
(48031, 19018, 0, -3772.39, -1127.48, -32.052, 5.48033, 0, 0, -0.390731, 0.920505, 7200, 7200, 1, 100),
(48032, 19018, 0, -3149.63, -691.317, -34.9023, 5.09636, 0, 0, -0.559193, 0.829038, 7200, 7200, 1, 100),
(48033, 19018, 0, -3278.25, -873.477, -12.465, 1.98967, 0, 0, 0.83867, 0.54464, 7200, 7200, 1, 100),
(48034, 19018, 0, -2615.08, -1484.81, -12.936, 6.23083, 0, 0, -0.0261765, 0.999657, 7200, 7200, 1, 100),
(48042, 19018, 0, -2517.14, -1307.27, -42.1596, 1.23918, 0, 0, 0.580703, 0.814116, 7200, 7200, 1, 100),
(48043, 19018, 0, -2516.31, -1265.5, -47.1902, 0.314158, 0, 0, 0.156434, 0.987688, 7200, 7200, 1, 100),
(48044, 19018, 0, -2631.94, -1345.48, -12.8758, 1.48353, 0, 0, 0.67559, 0.737278, 7200, 7200, 1, 100),
(48045, 19018, 0, -2646.41, -1246.56, -14.4197, 0.0698117, 0, 0, 0.0348988, 0.999391, 7200, 7200, 1, 100),
(48046, 19018, 1, 4350.63, 890.248, -21.1362, 3.87463, 0, 0, -0.93358, 0.358368, 7200, 7200, 1, 100),
(48047, 19018, 1, 4289.04, 988.901, -25.8321, 4.79966, 0, 0, -0.67559, 0.737278, 7200, 7200, 1, 100);
INSERT INTO `pool_template` (`entry`, `max_limit`, `description`, `flags`, `instance`, `patch_min`, `patch_max`) VALUES (1340, 4, 'Wetlands - Giant Clam', 0, 0, 0, 10);
INSERT INTO `pool_gameobject` (`guid`, `pool_entry`, `chance`, `description`) VALUES
(14630, 1340, 0, 'Giant Clam'),
(48019, 1340, 0, 'Giant Clam'),
(48020, 1340, 0, 'Giant Clam'),
(48021, 1340, 0, 'Giant Clam'),
(48022, 1340, 0, 'Giant Clam'),
(48023, 1340, 0, 'Giant Clam'),
(48024, 1340, 0, 'Giant Clam'),
(48025, 1340, 0, 'Giant Clam'),
(48026, 1340, 0, 'Giant Clam'),
(48027, 1340, 0, 'Giant Clam'),
(48028, 1340, 0, 'Giant Clam'),
(48029, 1340, 0, 'Giant Clam'),
(48030, 1340, 0, 'Giant Clam'),
(48031, 1340, 0, 'Giant Clam'),
(48032, 1340, 0, 'Giant Clam'),
(48033, 1340, 0, 'Giant Clam'),
(48034, 1340, 0, 'Giant Clam'),
(48042, 1340, 0, 'Giant Clam'),
(48043, 1340, 0, 'Giant Clam'),
(48044, 1340, 0, 'Giant Clam'),
(48045, 1340, 0, 'Giant Clam');

-- Giant Clam spawns in Blackfathom Deeps.
INSERT INTO `gameobject` (`guid`, `id`, `map`, `position_x`, `position_y`, `position_z`, `orientation`, `rotation0`, `rotation1`, `rotation2`, `rotation3`, `spawntimesecsmin`, `spawntimesecsmax`, `state`, `animprogress`) VALUES 
(32936, 19018, 48, -302.454, 48.7869, -67.4272, 4.53786, 0, 0, -0.766044, 0.642789, 7200, 7200, 1, 100),
(32937, 19018, 48, -348.722, -34.5047, -68.4577, 3.45576, 0, 0, -0.987688, 0.156436, 7200, 7200, 1, 100),
(32938, 19018, 48, -345.41, 222.052, -67.923, 4.5204, 0, 0, -0.771625, 0.636078, 7200, 7200, 1, 100),
(32939, 19018, 48, -489.734, 144.383, -72.4147, 1.58825, 0, 0, 0.71325, 0.70091, 7200, 7200, 1, 100),
(32940, 19018, 48, -359.856, 279.128, -77.019, 2.61799, 0, 0, 0.965925, 0.258821, 7200, 7200, 1, 100),
(32941, 19018, 48, -526.051, 149.893, -79.707, 4.66003, 0, 0, -0.725374, 0.688355, 7200, 7200, 1, 100);
INSERT INTO `pool_template` (`entry`, `max_limit`, `description`, `flags`, `instance`, `patch_min`, `patch_max`) VALUES (1341, 6, 'Blackfathom Deeps - Giant Clam', 0, 0, 0, 10);
INSERT INTO `pool_gameobject` (`guid`, `pool_entry`, `chance`, `description`) VALUES
(32607, 1341, 0, 'Giant Clam'),
(32609, 1341, 0, 'Giant Clam'),
(32615, 1341, 0, 'Giant Clam'),
(32617, 1341, 0, 'Giant Clam'),
(32618, 1341, 0, 'Giant Clam'),
(32619, 1341, 0, 'Giant Clam'),
(32685, 1341, 0, 'Giant Clam'),
(32687, 1341, 0, 'Giant Clam'),
(32689, 1341, 0, 'Giant Clam'),
(32691, 1341, 0, 'Giant Clam'),
(32692, 1341, 0, 'Giant Clam'),
(32934, 1341, 0, 'Giant Clam'),
(32936, 1341, 0, 'Giant Clam'),
(32937, 1341, 0, 'Giant Clam'),
(32938, 1341, 0, 'Giant Clam'),
(32939, 1341, 0, 'Giant Clam'),
(32940, 1341, 0, 'Giant Clam'),
(32941, 1341, 0, 'Giant Clam');


-- End of migration.
END IF;
END??
delimiter ; 
CALL add_migration();
DROP PROCEDURE IF EXISTS add_migration;
