DROP PROCEDURE IF EXISTS add_migration;
delimiter ??
CREATE PROCEDURE `add_migration`()
BEGIN
DECLARE v INT DEFAULT 1;
SET v = (SELECT COUNT(*) FROM `migrations` WHERE `id`='20220219123344');
IF v=0 THEN
INSERT INTO `migrations` VALUES ('20220219123344');
-- Add your query below.


SET @LOVE_IS_IN_THE_AIR_EVENT = 8;
SET @POPULARITY_CONTEST_WINNER_DARNASSUS_EVENT = 110;
SET @POPULARITY_CONTEST_WINNER_IRONFORGE_EVENT = 111;
SET @POPULARITY_CONTEST_WINNER_STORMWIND_EVENT = 112;
SET @POPULARITY_CONTEST_WINNER_ORGRIMMAR_EVENT = 113;
SET @POPULARITY_CONTEST_WINNER_THUNDERBLUFF_EVENT = 114;
SET @POPULARITY_CONTEST_WINNER_UNDERCITY_EVENT = 115;
SET @LOVE_IS_IN_THE_AIR_GGUID = 72611;
SET @POPULARITY_CONTEST_WINNER_DARNASSUS_GGUID = 17555;
SET @POPULARITY_CONTEST_WINNER_IRONFORGE_GGUID = 32760;
SET @POPULARITY_CONTEST_WINNER_STORMWIND_GGUID = 13263;
SET @POPULARITY_CONTEST_WINNER_ORGRIMMAR_GGUID = 20591;
SET @POPULARITY_CONTEST_WINNER_THUNDERBLUFF_GGUID = 31660;
SET @POPULARITY_CONTEST_WINNER_UNDERCITY_GGUID = 52477;
SET @POPULARITY_CONTEST_PEDDLE_CGUID = 2354;

-- Missing Templates (TC Bruteforce).
INSERT INTO `gameobject_template` (`entry`, `patch`, `type`, `displayId`, `name`, `faction`, `flags`, `size`, `data0`, `data1`, `data2`, `data3`, `data4`, `data5`, `data6`, `data7`, `data8`, `data9`, `data10`, `data11`, `data12`, `data13`, `data14`, `data15`, `data16`, `data17`, `data18`, `data19`, `data20`, `data21`, `data22`, `data23`, `mingold`, `maxgold`, `script_name`) VALUES
    (181088, 7, 6, 327, 'Event Trap, Thrall', 0, 0, 1, 0, 0, 0, 0, 0, 0, -1, 0, 1, 0, 0, 0, 0, 0, 0, 0, 0, 0, 0, 0, 0, 0, 0, 0, 0, 0, ''),
    (181089, 7, 6, 327, 'Event Trap, Bolvar', 0, 0, 1, 0, 0, 0, 0, 0, 0, -1, 0, 1, 0, 0, 0, 0, 0, 0, 0, 0, 0, 0, 0, 0, 0, 0, 0, 0, 0, ''),
    (181090, 7, 6, 327, 'Event Trap, Magni', 0, 0, 1, 0, 0, 0, 0, 0, 0, -1, 0, 1, 0, 0, 0, 0, 0, 0, 0, 0, 0, 0, 0, 0, 0, 0, 0, 0, 0, ''),
    (181091, 7, 6, 327, 'Event Trap, Tyrande', 0, 0, 1, 0, 0, 0, 0, 0, 0, -1, 0, 1, 0, 0, 0, 0, 0, 0, 0, 0, 0, 0, 0, 0, 0, 0, 0, 0, 0, ''),
    (181092, 7, 6, 327, 'Event Trap, Cairne', 0, 0, 1, 0, 0, 0, 0, 0, 0, -1, 0, 1, 0, 0, 0, 0, 0, 0, 0, 0, 0, 0, 0, 0, 0, 0, 0, 0, 0, ''),
    (181093, 7, 6, 327, 'Event Trap, Sylvanas', 0, 0, 1, 0, 0, 0, 0, 0, 0, -1, 0, 1, 0, 0, 0, 0, 0, 0, 0, 0, 0, 0, 0, 0, 0, 0, 0, 0, 0, '');

-- Spell 27663 targets those GameObjects (not used rn in vmangos, its hardcoded in peddles script)
INSERT INTO `spell_script_target` (`entry`, `type`, `targetEntry`, `conditionId`, `inverseEffectMask`, `build_min`, `build_max`) VALUES
    (27663, 0, 181088, 0, 0, 5059, 5875),
    (27663, 0, 181089, 0, 0, 5059, 5875),
    (27663, 0, 181090, 0, 0, 5059, 5875),
    (27663, 0, 181091, 0, 0, 5059, 5875),
    (27663, 0, 181092, 0, 0, 5059, 5875),
    (27663, 0, 181093, 0, 0, 5059, 5875);

-- Peddle.
UPDATE `creature_template` SET `unit_flags`=32768 WHERE `entry`=16075;

-- Some Gameobject corrections.
UPDATE `gameobject_template` SET `faction`=114 WHERE `entry` IN (181014,181015,181016,181017,181018,181019,181020,181021,181022,181024,181025,181027,181055,181086,181060,181087);
UPDATE `gameobject_template` SET `faction`=0, `patch`=7 WHERE `entry`=181073;

-- Undercity Contest Winning Peddle.
INSERT INTO `creature` (`guid`, `id`, `id2`, `id3`, `id4`, `map`, `position_x`, `position_y`, `position_z`, `orientation`, `spawntimesecsmin`, `spawntimesecsmax`, `wander_distance`, `health_percent`, `mana_percent`, `movement_type`, `spawn_flags`, `visibility_mod`, `patch_min`, `patch_max`) VALUES
    (@POPULARITY_CONTEST_PEDDLE_CGUID+1, 16075, 0, 0, 0, 1, 9666.29, 2518.08, 1360.08, 0.610865, 120, 120, 0, 100, 100, 0, 0, 0, 7, 10),    -- DA
    (@POPULARITY_CONTEST_PEDDLE_CGUID+2, 16075, 0, 0, 0, 0, -4866.89, -1030.8, 502.273, 5.48033, 120, 120, 0, 100, 100, 0, 0, 0, 7, 10),    -- IF
    (@POPULARITY_CONTEST_PEDDLE_CGUID+3, 16075, 0, 0, 0, 0, -8444.45, 334.545, 122.246, 2.26893, 120, 120, 0, 100, 100, 0, 0, 0, 7, 10),    -- SW
    (@POPULARITY_CONTEST_PEDDLE_CGUID+4, 16075, 0, 0, 0, 1, 1918.24, -4139.84, 40.4727, 4.85202, 120, 120, 0, 100, 100, 0, 0, 0, 7, 10),    -- OG
    (@POPULARITY_CONTEST_PEDDLE_CGUID+5, 16075, 0, 0, 0, 1, -1213.54, -101.545, 162.865, 1.20428, 120, 120, 0, 100, 100, 0, 0, 0, 7, 10),   -- TB
    (@POPULARITY_CONTEST_PEDDLE_CGUID+6, 16075, 0, 0, 0, 0, 1296.95, 331.865, -59.9998, 1.20428, 120, 120, 0, 100, 100, 0, 0, 0, 7, 10);    -- UC

INSERT INTO `game_event_creature` (`guid`, `event`) VALUES
    (@POPULARITY_CONTEST_PEDDLE_CGUID+1, @POPULARITY_CONTEST_WINNER_DARNASSUS_EVENT),
    (@POPULARITY_CONTEST_PEDDLE_CGUID+2, @POPULARITY_CONTEST_WINNER_IRONFORGE_EVENT),
    (@POPULARITY_CONTEST_PEDDLE_CGUID+3, @POPULARITY_CONTEST_WINNER_STORMWIND_EVENT),
    (@POPULARITY_CONTEST_PEDDLE_CGUID+4, @POPULARITY_CONTEST_WINNER_ORGRIMMAR_EVENT),
    (@POPULARITY_CONTEST_PEDDLE_CGUID+5, @POPULARITY_CONTEST_WINNER_THUNDERBLUFF_EVENT),
    (@POPULARITY_CONTEST_PEDDLE_CGUID+6, @POPULARITY_CONTEST_WINNER_UNDERCITY_EVENT);

-- Undercity Contest Winning Gameobjects.
INSERT INTO `gameobject` (`guid`, `id`, `map`, `position_x`, `position_y`, `position_z`, `orientation`, `rotation0`, `rotation1`, `rotation2`, `rotation3`, `spawntimesecsmin`, `spawntimesecsmax`, `animprogress`, `state`, `spawn_flags`, `visibility_mod`, `patch_min`, `patch_max`) VALUES
    (@POPULARITY_CONTEST_WINNER_UNDERCITY_GGUID+1, 181016, 0, 1291.54, 331.683, -60.0831, 1.93731, 0, 0, 0.824125, 0.566408, 120, 120, 100, 1, 0, 0, 7, 10),
    (@POPULARITY_CONTEST_WINNER_UNDERCITY_GGUID+2, 181016, 0, 1298, 329.864, -60.0831, 0.767944, 0, 0, 0.374606, 0.927184, 120, 120, 100, 1, 0, 0, 7, 10),
    (@POPULARITY_CONTEST_WINNER_UNDERCITY_GGUID+3, 181024, 0, 1307.84, 377.899, -51.5738, 1.29154, 0, 0, 0.601814, 0.798636, 120, 120, 100, 1, 0, 0, 7, 10),
    (@POPULARITY_CONTEST_WINNER_UNDERCITY_GGUID+4, 181024, 0, 1307.93, 378.982, -53.309, 1.25664, 0, 0, 0.587785, 0.809017, 120, 120, 100, 1, 0, 0, 7, 10),
    (@POPULARITY_CONTEST_WINNER_UNDERCITY_GGUID+5, 181025, 0, 1275.68, 315.589, -58.2578, 1.02974, 0, 0, 0.492423, 0.870356, 120, 120, 100, 1, 0, 0, 7, 10),
    (@POPULARITY_CONTEST_WINNER_UNDERCITY_GGUID+6, 181025, 0, 1283.47, 344.265, -58.0373, 0.942477, 0, 0, 0.45399, 0.891007, 120, 120, 100, 1, 0, 0, 7, 10),
    (@POPULARITY_CONTEST_WINNER_UNDERCITY_GGUID+7, 181025, 0, 1302.94, 308.317, -58.2572, 1.46608, 0, 0, 0.66913, 0.743145, 120, 120, 100, 1, 0, 0, 7, 10),
    (@POPULARITY_CONTEST_WINNER_UNDERCITY_GGUID+8, 181025, 0, 1310.57, 336.817, -58.488, 1.72787, 0, 0, 0.760406, 0.649449, 120, 120, 100, 1, 0, 0, 7, 10),
    (@POPULARITY_CONTEST_WINNER_UNDERCITY_GGUID+9, 181086, 0, 1294.49, 330.321, -60.0831, 1.29154, 0, 0, 0.601814, 0.798636, 120, 120, 100, 1, 0, 0, 7, 10),
    (@POPULARITY_CONTEST_WINNER_UNDERCITY_GGUID+10, 181087, 0, 1290.13, 332.09, -60.0831, 1.32645, 0, 0, 0.615661, 0.788011, 120, 120, 100, 1, 0, 0, 7, 10),
    (@POPULARITY_CONTEST_WINNER_UNDERCITY_GGUID+11, 181087, 0, 1290.74, 333.091, -60.0831, 1.44862, 0, 0, 0.66262, 0.748956, 120, 120, 100, 1, 0, 0, 7, 10),
    (@POPULARITY_CONTEST_WINNER_UNDERCITY_GGUID+12, 181087, 0, 1291.58, 333.534, -60.0831, 2.19911, 0, 0, 0.891006, 0.453991, 120, 120, 100, 1, 0, 0, 7, 10),
    (@POPULARITY_CONTEST_WINNER_UNDERCITY_GGUID+13, 181087, 0, 1292.6, 333.716, -60.0831, 4.15388, 0, 0, -0.874619, 0.48481, 120, 120, 100, 1, 0, 0, 7, 10),
    (@POPULARITY_CONTEST_WINNER_UNDERCITY_GGUID+14, 181087, 0, 1298.34, 331.26, -60.0831, 2.58308, 0, 0, 0.961261, 0.27564, 120, 120, 100, 1, 0, 0, 7, 10),
    (@POPULARITY_CONTEST_WINNER_UNDERCITY_GGUID+15, 181087, 0, 1299.3, 330.869, -60.0831, 6.14356, 0, 0, -0.0697556, 0.997564, 120, 120, 100, 1, 0, 0, 7, 10),
    (@POPULARITY_CONTEST_WINNER_UNDERCITY_GGUID+16, 181087, 0, 1300.02, 329.854, -60.0831, 0.90757, 0, 0, 0.438371, 0.898794, 120, 120, 100, 1, 0, 0, 7, 10),
    (@POPULARITY_CONTEST_WINNER_UNDERCITY_GGUID+17, 181087, 0, 1300.22, 326.837, -60.0831, 2.93214, 0, 0, 0.994521, 0.104536, 120, 120, 100, 1, 0, 0, 7, 10),
    (@POPULARITY_CONTEST_WINNER_UNDERCITY_GGUID+18, 181087, 0, 1300.31, 328.454, -60.0831, 4.17134, 0, 0, -0.870356, 0.492424, 120, 120, 100, 1, 0, 0, 7, 10);
INSERT INTO `game_event_gameobject` SELECT gameobject.guid, @POPULARITY_CONTEST_WINNER_UNDERCITY_EVENT FROM `gameobject` WHERE gameobject.guid BETWEEN @POPULARITY_CONTEST_WINNER_UNDERCITY_GGUID+1 AND @POPULARITY_CONTEST_WINNER_UNDERCITY_GGUID+18;

-- Orgrimmar Contest Winning Gameobjects (I did this already last year but some stuff is missing, thats why i delete the old objects).
DELETE FROM `gameobject` WHERE `guid` IN (SELECT `guid` FROM `game_event_gameobject` WHERE `event`=@POPULARITY_CONTEST_WINNER_ORGRIMMAR_EVENT);
DELETE FROM `game_event_gameobject` WHERE `event`=@POPULARITY_CONTEST_WINNER_ORGRIMMAR_EVENT;
INSERT INTO `gameobject` (`guid`, `id`, `map`, `position_x`, `position_y`, `position_z`, `orientation`, `rotation0`, `rotation1`, `rotation2`, `rotation3`, `spawntimesecsmin`, `spawntimesecsmax`, `animprogress`, `state`, `spawn_flags`, `visibility_mod`, `patch_min`, `patch_max`) VALUES
    (@POPULARITY_CONTEST_WINNER_ORGRIMMAR_GGUID+1, 181016, 1, 1917.01, -4138.25, 40.3796, 4.41568, 0, 0, -0.803857, 0.594823, 120, 120, 100, 1, 0, 0, 7, 10),
    (@POPULARITY_CONTEST_WINNER_ORGRIMMAR_GGUID+2, 181016, 1, 1924.46, -4137.94, 40.3811, 4.99164, 0, 0, -0.601814, 0.798636, 120, 120, 100, 1, 0, 0, 7, 10),
    (@POPULARITY_CONTEST_WINNER_ORGRIMMAR_GGUID+3, 181021, 1, 1381.49, -4369.8, 52.8347, 3.28124, 0, 0, -0.997563, 0.0697661, 120, 120, 100, 1, 0, 0, 7, 10),
    (@POPULARITY_CONTEST_WINNER_ORGRIMMAR_GGUID+4, 181021, 1, 1484.87, -4416.72, 53.1904, 0.104719, 0, 0, 0.0523357, 0.99863, 120, 120, 100, 1, 0, 0, 7, 10),
    (@POPULARITY_CONTEST_WINNER_ORGRIMMAR_GGUID+5, 181021, 1, 1659.82, -4329.04, 75.2346, 2.68781, 0, 0, 0.97437, 0.224951, 120, 120, 100, 1, 0, 0, 7, 10),
    (@POPULARITY_CONTEST_WINNER_ORGRIMMAR_GGUID+6, 181021, 1, 1661.55, -4344.48, 75.2458, 3.7001, 0, 0, -0.961261, 0.27564, 120, 120, 100, 1, 0, 0, 7, 10),
    (@POPULARITY_CONTEST_WINNER_ORGRIMMAR_GGUID+7, 181021, 1, 1672.88, -4320.48, 74.9852, 1.64061, 0, 0, 0.731353, 0.681999, 120, 120, 100, 1, 0, 0, 7, 10),
    (@POPULARITY_CONTEST_WINNER_ORGRIMMAR_GGUID+8, 181021, 1, 1685.85, -4327.43, 74.8583, 0.698131, 0, 0, 0.34202, 0.939693, 120, 120, 100, 1, 0, 0, 7, 10),
    (@POPULARITY_CONTEST_WINNER_ORGRIMMAR_GGUID+9, 181021, 1, 1687.43, -4340.11, 74.9505, 5.79449, 0, 0, -0.241921, 0.970296, 120, 120, 100, 1, 0, 0, 7, 10),
    (@POPULARITY_CONTEST_WINNER_ORGRIMMAR_GGUID+10, 181021, 1, 1706.77, -3929.71, 71.8858, 5.2709, 0, 0, -0.484809, 0.87462, 120, 120, 100, 1, 0, 0, 7, 10),
    (@POPULARITY_CONTEST_WINNER_ORGRIMMAR_GGUID+11, 181025, 1, 1910.07, -4126.43, 42.8192, 5.09636, 0, 0, -0.559193, 0.829038, 120, 120, 100, 1, 0, 0, 7, 10),
    (@POPULARITY_CONTEST_WINNER_ORGRIMMAR_GGUID+12, 181025, 1, 1916.17, -4252.84, 40.584, 4.72984, 0, 0, -0.700909, 0.713251, 120, 120, 100, 1, 0, 0, 7, 10),
    (@POPULARITY_CONTEST_WINNER_ORGRIMMAR_GGUID+13, 181025, 1, 1930, -4125.44, 42.9065, 4.57276, 0, 0, -0.754709, 0.656059, 120, 120, 100, 1, 0, 0, 7, 10),
    (@POPULARITY_CONTEST_WINNER_ORGRIMMAR_GGUID+14, 181025, 1, 1941.25, -4251.97, 39.8368, 4.60767, 0, 0, -0.743144, 0.669131, 120, 120, 100, 1, 0, 0, 7, 10),
    (@POPULARITY_CONTEST_WINNER_ORGRIMMAR_GGUID+15, 181086, 1, 1920.9, -4138.83, 40.3446, 4.76475, 0, 0, -0.688354, 0.725374, 120, 120, 100, 1, 0, 0, 7, 10),
    (@POPULARITY_CONTEST_WINNER_ORGRIMMAR_GGUID+16, 181087, 1, 1915.15, -4137.65, 40.4083, 5.37562, 0, 0, -0.438371, 0.898794, 120, 120, 100, 1, 0, 0, 7, 10),
    (@POPULARITY_CONTEST_WINNER_ORGRIMMAR_GGUID+17, 181087, 1, 1915.54, -4139.13, 40.4075, 6.14356, 0, 0, -0.0697556, 0.997564, 120, 120, 100, 1, 0, 0, 7, 10),
    (@POPULARITY_CONTEST_WINNER_ORGRIMMAR_GGUID+18, 181087, 1, 1916.38, -4140.26, 40.4081, 0.90757, 0, 0, 0.438371, 0.898794, 120, 120, 100, 1, 0, 0, 7, 10),
    (@POPULARITY_CONTEST_WINNER_ORGRIMMAR_GGUID+19, 181087, 1, 1917.35, -4140.83, 40.4098, 4.17134, 0, 0, -0.870356, 0.492424, 120, 120, 100, 1, 0, 0, 7, 10),
    (@POPULARITY_CONTEST_WINNER_ORGRIMMAR_GGUID+20, 181087, 1, 1924.86, -4139.68, 40.4048, 2.93214, 0, 0, 0.994521, 0.104536, 120, 120, 100, 1, 0, 0, 7, 10),
    (@POPULARITY_CONTEST_WINNER_ORGRIMMAR_GGUID+21, 181087, 1, 1925.43, -4140.79, 40.3955, 1.32645, 0, 0, 0.615661, 0.788011, 120, 120, 100, 1, 0, 0, 7, 10),
    (@POPULARITY_CONTEST_WINNER_ORGRIMMAR_GGUID+22, 181087, 1, 1926.18, -4141.52, 40.3869, 1.44862, 0, 0, 0.66262, 0.748956, 120, 120, 100, 1, 0, 0, 7, 10),
    (@POPULARITY_CONTEST_WINNER_ORGRIMMAR_GGUID+23, 181087, 1, 1927.15, -4141.59, 40.3858, 2.19911, 0, 0, 0.891006, 0.453991, 120, 120, 100, 1, 0, 0, 7, 10),
    (@POPULARITY_CONTEST_WINNER_ORGRIMMAR_GGUID+24, 181087, 1, 1928.18, -4141.17, 40.3907, 4.15388, 0, 0, -0.874619, 0.48481, 120, 120, 100, 1, 0, 0, 7, 10);
INSERT INTO `game_event_gameobject` SELECT gameobject.guid, @POPULARITY_CONTEST_WINNER_ORGRIMMAR_EVENT FROM `gameobject` WHERE gameobject.guid BETWEEN @POPULARITY_CONTEST_WINNER_ORGRIMMAR_GGUID+1 AND @POPULARITY_CONTEST_WINNER_ORGRIMMAR_GGUID+24;

-- Thunderbluff Contest Winning Gameobjects.
INSERT INTO `gameobject` (`guid`, `id`, `map`, `position_x`, `position_y`, `position_z`, `orientation`, `rotation0`, `rotation1`, `rotation2`, `rotation3`, `spawntimesecsmin`, `spawntimesecsmax`, `animprogress`, `state`, `spawn_flags`, `visibility_mod`, `patch_min`, `patch_max`) VALUES
    (@POPULARITY_CONTEST_WINNER_THUNDERBLUFF_GGUID+1, 181016, 1, -1213.19, -102.992, 162.85, 2.1293, 0, 0, 0.874619, 0.48481, 120, 120, 100, 1, 0, 0, 7, 10),
    (@POPULARITY_CONTEST_WINNER_THUNDERBLUFF_GGUID+2, 181016, 1, -1206.15, -103.015, 162.865, 1.06465, 0, 0, 0.507538, 0.861629, 120, 120, 100, 1, 0, 0, 7, 10),
    (@POPULARITY_CONTEST_WINNER_THUNDERBLUFF_GGUID+3, 181020, 1, -1204.61, 25.1163, 181.123, 0.750491, 0, 0, 0.366501, 0.930418, 120, 120, 100, 1, 0, 0, 7, 10),
    (@POPULARITY_CONTEST_WINNER_THUNDERBLUFF_GGUID+4, 181020, 1, -1200.74, 40.0504, 180.859, 4.93928, 0, 0, -0.622514, 0.782609, 120, 120, 100, 1, 0, 0, 7, 10),
    (@POPULARITY_CONTEST_WINNER_THUNDERBLUFF_GGUID+5, 181020, 1, -1192.92, 22.2192, 181.24, 1.90241, 0, 0, 0.814116, 0.580703, 120, 120, 100, 1, 0, 0, 7, 10),
    (@POPULARITY_CONTEST_WINNER_THUNDERBLUFF_GGUID+6, 181020, 1, -1189.54, 36.9993, 180.617, 3.87463, 0, 0, -0.93358, 0.358368, 120, 120, 100, 1, 0, 0, 7, 10),
    (@POPULARITY_CONTEST_WINNER_THUNDERBLUFF_GGUID+7, 181021, 1, -1277.65, 49.8685, 144.238, 0.558504, 0, 0, 0.275637, 0.961262, 120, 120, 100, 1, 0, 0, 7, 10),
    (@POPULARITY_CONTEST_WINNER_THUNDERBLUFF_GGUID+8, 181024, 1, -1215.22, -108.286, 171.342, 1.71042, 0, 0, 0.754709, 0.656059, 120, 120, 100, 1, 0, 0, 7, 10),
    (@POPULARITY_CONTEST_WINNER_THUNDERBLUFF_GGUID+9, 181024, 1, -1203.54, -108.963, 170.828, 1.3439, 0, 0, 0.622514, 0.782609, 120, 120, 100, 1, 0, 0, 7, 10),
    (@POPULARITY_CONTEST_WINNER_THUNDERBLUFF_GGUID+10, 181025, 1, -1219.47, -108.516, 163.443, 1.74533, 0, 0, 0.766044, 0.642789, 120, 120, 100, 1, 0, 0, 7, 10),
    (@POPULARITY_CONTEST_WINNER_THUNDERBLUFF_GGUID+11, 181025, 1, -1213.19, -124.699, 191.634, 3.71755, 0, 0, -0.958819, 0.284016, 120, 120, 100, 1, 0, 0, 7, 10),
    (@POPULARITY_CONTEST_WINNER_THUNDERBLUFF_GGUID+12, 181025, 1, -1206.81, -122.422, 193.272, 0.366518, 0, 0, 0.182235, 0.983255, 120, 120, 100, 1, 0, 0, 7, 10),
    (@POPULARITY_CONTEST_WINNER_THUNDERBLUFF_GGUID+13, 181025, 1, -1199.63, -110.76, 162.89, 1.51844, 0, 0, 0.688354, 0.725374, 120, 120, 100, 1, 0, 0, 7, 10),
    (@POPULARITY_CONTEST_WINNER_THUNDERBLUFF_GGUID+14, 181086, 1, -1209.8, -102.557, 162.853, 1.50098, 0, 0, 0.681998, 0.731354, 120, 120, 100, 1, 0, 0, 7, 10),
    (@POPULARITY_CONTEST_WINNER_THUNDERBLUFF_GGUID+15, 181087, 1, -1219.32, -103.334, 163.128, 4.17134, 0, 0, -0.870356, 0.492424, 120, 120, 100, 1, 0, 0, 7, 10),
    (@POPULARITY_CONTEST_WINNER_THUNDERBLUFF_GGUID+16, 181087, 1, -1217.96, -102.043, 162.86, 0.90757, 0, 0, 0.438371, 0.898794, 120, 120, 100, 1, 0, 0, 7, 10),
    (@POPULARITY_CONTEST_WINNER_THUNDERBLUFF_GGUID+17, 181087, 1, -1216.21, -101.659, 162.827, 6.14356, 0, 0, -0.0697556, 0.997564, 120, 120, 100, 1, 0, 0, 7, 10),
    (@POPULARITY_CONTEST_WINNER_THUNDERBLUFF_GGUID+18, 181087, 1, -1214.65, -102.141, 162.864, 2.58308, 0, 0, 0.961261, 0.27564, 120, 120, 100, 1, 0, 0, 7, 10),
    (@POPULARITY_CONTEST_WINNER_THUNDERBLUFF_GGUID+19, 181087, 1, -1205.11, -101.787, 162.816, 2.93214, 0, 0, 0.994521, 0.104536, 120, 120, 100, 1, 0, 0, 7, 10),
    (@POPULARITY_CONTEST_WINNER_THUNDERBLUFF_GGUID+20, 181087, 1, -1203.54, -101.896, 162.816, 1.32645, 0, 0, 0.615661, 0.788011, 120, 120, 100, 1, 0, 0, 7, 10),
    (@POPULARITY_CONTEST_WINNER_THUNDERBLUFF_GGUID+21, 181087, 1, -1202.04, -102.817, 162.869, 1.44862, 0, 0, 0.66262, 0.748956, 120, 120, 100, 1, 0, 0, 7, 10),
    (@POPULARITY_CONTEST_WINNER_THUNDERBLUFF_GGUID+22, 181087, 1, -1200.52, -104.445, 162.89, 2.19911, 0, 0, 0.891006, 0.453991, 120, 120, 100, 1, 0, 0, 7, 10),
    (@POPULARITY_CONTEST_WINNER_THUNDERBLUFF_GGUID+23, 181087, 1, -1199.17, -107.427, 162.89, 4.15388, 0, 0, -0.874619, 0.48481, 120, 120, 100, 1, 0, 0, 7, 10);   
INSERT INTO `game_event_gameobject` SELECT gameobject.guid, @POPULARITY_CONTEST_WINNER_THUNDERBLUFF_EVENT FROM `gameobject` WHERE gameobject.guid BETWEEN @POPULARITY_CONTEST_WINNER_THUNDERBLUFF_GGUID+1 AND @POPULARITY_CONTEST_WINNER_THUNDERBLUFF_GGUID+23;

-- Ironforge Contest Winning Gameobjects.
INSERT INTO `gameobject` (`guid`, `id`, `map`, `position_x`, `position_y`, `position_z`, `orientation`, `rotation0`, `rotation1`, `rotation2`, `rotation3`, `spawntimesecsmin`, `spawntimesecsmax`, `animprogress`, `state`, `spawn_flags`, `visibility_mod`, `patch_min`, `patch_max`) VALUES
    (@POPULARITY_CONTEST_WINNER_IRONFORGE_GGUID+1, 181016, 0, -4862.29, -1034.35, 502.19, 5.88176, 0, 0, -0.199368, 0.979925, 120, 120, 100, 1, 0, 0, 7, 10),
    (@POPULARITY_CONTEST_WINNER_IRONFORGE_GGUID+2, 181016, 0, -4854.53, -1028.77, 502.19, 4.93928, 0, 0, -0.622514, 0.782609, 120, 120, 100, 1, 0, 0, 7, 10),
    (@POPULARITY_CONTEST_WINNER_IRONFORGE_GGUID+3, 181021, 0, -5013.39, -862.519, 524.679, 0.698131, 0, 0, 0.34202, 0.939693, 120, 120, 100, 1, 0, 0, 7, 10),
    (@POPULARITY_CONTEST_WINNER_IRONFORGE_GGUID+4, 181021, 0, -5003.33, -874.714, 524.838, 0.680677, 0, 0, 0.333806, 0.942642, 120, 120, 100, 1, 0, 0, 7, 10),
    (@POPULARITY_CONTEST_WINNER_IRONFORGE_GGUID+5, 181021, 0, -4994.78, -847.123, 524.522, 3.82227, 0, 0, -0.942641, 0.333808, 120, 120, 100, 1, 0, 0, 7, 10),
    (@POPULARITY_CONTEST_WINNER_IRONFORGE_GGUID+6, 181021, 0, -4993.28, -886.917, 524.6, 0.680677, 0, 0, 0.333806, 0.942642, 120, 120, 100, 1, 0, 0, 7, 10),
    (@POPULARITY_CONTEST_WINNER_IRONFORGE_GGUID+7, 181021, 0, -4984.71, -859.337, 524.799, 3.82227, 0, 0, -0.942641, 0.333808, 120, 120, 100, 1, 0, 0, 7, 10),
    (@POPULARITY_CONTEST_WINNER_IRONFORGE_GGUID+8, 181021, 0, -4974.65, -871.542, 524.529, 3.83973, 0, 0, -0.939692, 0.34202, 120, 120, 100, 1, 0, 0, 7, 10),
    (@POPULARITY_CONTEST_WINNER_IRONFORGE_GGUID+9, 181021, 0, -4641.6, -1178.9, 515.026, 4.2237, 0, 0, -0.857167, 0.515038, 120, 120, 100, 1, 0, 0, 7, 10),
    (@POPULARITY_CONTEST_WINNER_IRONFORGE_GGUID+10, 181021, 0, -4634.71, -1025.57, 514.933, 1.8675, 0, 0, 0.803857, 0.594823, 120, 120, 100, 1, 0, 0, 7, 10),
    (@POPULARITY_CONTEST_WINNER_IRONFORGE_GGUID+11, 181024, 0, -4830.2, -1066.31, 513.329, 5.39307, 0, 0, -0.430511, 0.902586, 120, 120, 100, 1, 0, 0, 7, 10),
    (@POPULARITY_CONTEST_WINNER_IRONFORGE_GGUID+12, 181025, 0, -4832.54, -1071.08, 504.596, 5.39307, 0, 0, -0.430511, 0.902586, 120, 120, 100, 1, 0, 0, 7, 10),
    (@POPULARITY_CONTEST_WINNER_IRONFORGE_GGUID+13, 181025, 0, -4825.13, -1064.14, 504.505, 5.42797, 0, 0, -0.414693, 0.909961, 120, 120, 100, 1, 0, 0, 7, 10),
    (@POPULARITY_CONTEST_WINNER_IRONFORGE_GGUID+14, 181086, 0, -4859.17, -1031.14, 502.19, 5.37562, 0, 0, -0.438371, 0.898794, 120, 120, 100, 1, 0, 0, 7, 10),
    (@POPULARITY_CONTEST_WINNER_IRONFORGE_GGUID+15, 181087, 0, -4860.69, -1036.22, 502.19, 6.14356, 0, 0, -0.0697556, 0.997564, 120, 120, 100, 1, 0, 0, 7, 10),
    (@POPULARITY_CONTEST_WINNER_IRONFORGE_GGUID+16, 181087, 0, -4860.09, -1035.1, 502.19, 1.32645, 0, 0, 0.615661, 0.788011, 120, 120, 100, 1, 0, 0, 7, 10),
    (@POPULARITY_CONTEST_WINNER_IRONFORGE_GGUID+17, 181087, 0, -4859.07, -1036.16, 502.19, 4.17134, 0, 0, -0.870356, 0.492424, 120, 120, 100, 1, 0, 0, 7, 10),
    (@POPULARITY_CONTEST_WINNER_IRONFORGE_GGUID+18, 181087, 0, -4858.94, -1035.18, 502.19, 2.19911, 0, 0, 0.891006, 0.453991, 120, 120, 100, 1, 0, 0, 7, 10),
    (@POPULARITY_CONTEST_WINNER_IRONFORGE_GGUID+19, 181087, 0, -4855.59, -1030.04, 502.19, 2.93214, 0, 0, 0.994521, 0.104536, 120, 120, 100, 1, 0, 0, 7, 10),
    (@POPULARITY_CONTEST_WINNER_IRONFORGE_GGUID+20, 181087, 0, -4855.49, -1028.71, 502.19, 2.58308, 0, 0, 0.961261, 0.27564, 120, 120, 100, 1, 0, 0, 7, 10),
    (@POPULARITY_CONTEST_WINNER_IRONFORGE_GGUID+21, 181087, 0, -4854.39, -1031.51, 502.19, 4.15388, 0, 0, -0.874619, 0.48481, 120, 120, 100, 1, 0, 0, 7, 10),
    (@POPULARITY_CONTEST_WINNER_IRONFORGE_GGUID+22, 181087, 0, -4854.28, -1032.4, 502.19, 1.44862, 0, 0, 0.66262, 0.748956, 120, 120, 100, 1, 0, 0, 7, 10),
    (@POPULARITY_CONTEST_WINNER_IRONFORGE_GGUID+23, 181087, 0, -4853.44, -1031.29, 502.19, 0.90757, 0, 0, 0.438371, 0.898794, 120, 120, 100, 1, 0, 0, 7, 10);
INSERT INTO `game_event_gameobject` SELECT gameobject.guid, @POPULARITY_CONTEST_WINNER_IRONFORGE_EVENT FROM `gameobject` WHERE gameobject.guid BETWEEN @POPULARITY_CONTEST_WINNER_IRONFORGE_GGUID+1 AND @POPULARITY_CONTEST_WINNER_IRONFORGE_GGUID+23;

-- Stormwind Contest Winning Gameobjects.
INSERT INTO `gameobject` (`guid`, `id`, `map`, `position_x`, `position_y`, `position_z`, `orientation`, `rotation0`, `rotation1`, `rotation2`, `rotation3`, `spawntimesecsmin`, `spawntimesecsmax`, `animprogress`, `state`, `spawn_flags`, `visibility_mod`, `patch_min`, `patch_max`) VALUES
    (@POPULARITY_CONTEST_WINNER_STORMWIND_GGUID+1, 181016, 0, -8445.91, 333.747, 122.163, 1.97222, 0, 0, 0.833885, 0.551938, 120, 120, 100, 1, 0, 0, 7, 10),
    (@POPULARITY_CONTEST_WINNER_STORMWIND_GGUID+2, 181016, 0, -8441.12, 337.44, 122.163, 2.33874, 0, 0, 0.920505, 0.390732, 120, 120, 100, 1, 0, 0, 7, 10),
    (@POPULARITY_CONTEST_WINNER_STORMWIND_GGUID+3, 181025, 0, -8434.54, 312.12, 122.283, 2.02458, 0, 0, 0.848047, 0.529921, 120, 120, 100, 1, 0, 0, 7, 10),
    (@POPULARITY_CONTEST_WINNER_STORMWIND_GGUID+4, 181025, 0, -8423.04, 321.285, 122.056, 2.44346, 0, 0, 0.939692, 0.34202, 120, 120, 100, 1, 0, 0, 7, 10),
    (@POPULARITY_CONTEST_WINNER_STORMWIND_GGUID+5, 181086, 0, -8442.19, 333.947, 122.579, 2.23402, 0, 0, 0.898793, 0.438373, 120, 120, 100, 1, 0, 0, 7, 10),
    (@POPULARITY_CONTEST_WINNER_STORMWIND_GGUID+6, 181087, 0, -8448.16, 333.07, 121.746, 1.44862, 0, 0, 0.66262, 0.748956, 120, 120, 100, 1, 0, 0, 7, 10),
    (@POPULARITY_CONTEST_WINNER_STORMWIND_GGUID+7, 181087, 0, -8447.96, 335.173, 121.746, 0.90757, 0, 0, 0.438371, 0.898794, 120, 120, 100, 1, 0, 0, 7, 10),
    (@POPULARITY_CONTEST_WINNER_STORMWIND_GGUID+8, 181087, 0, -8447.25, 334.477, 121.746, 2.58308, 0, 0, 0.961261, 0.27564, 120, 120, 100, 1, 0, 0, 7, 10),
    (@POPULARITY_CONTEST_WINNER_STORMWIND_GGUID+9, 181087, 0, -8447.2, 335.362, 121.746, 2.93214, 0, 0, 0.994521, 0.104536, 120, 120, 100, 1, 0, 0, 7, 10),
    (@POPULARITY_CONTEST_WINNER_STORMWIND_GGUID+10, 181087, 0, -8442.42, 337.867, 122.071, 6.14356, 0, 0, -0.0697556, 0.997564, 120, 120, 100, 1, 0, 0, 7, 10),
    (@POPULARITY_CONTEST_WINNER_STORMWIND_GGUID+11, 181087, 0, -8442.35, 336.626, 122.163, 4.15388, 0, 0, -0.874619, 0.48481, 120, 120, 100, 1, 0, 0, 7, 10),
    (@POPULARITY_CONTEST_WINNER_STORMWIND_GGUID+12, 181087, 0, -8442.13, 338.372, 121.746, 4.17134, 0, 0, -0.870356, 0.492424, 120, 120, 100, 1, 0, 0, 7, 10),
    (@POPULARITY_CONTEST_WINNER_STORMWIND_GGUID+13, 181087, 0, -8441.14, 338.776, 121.746, 1.32645, 0, 0, 0.615661, 0.788011, 120, 120, 100, 1, 0, 0, 7, 10),
    (@POPULARITY_CONTEST_WINNER_STORMWIND_GGUID+14, 181087, 0, -8439.51, 338.919, 121.746, 2.19911, 0, 0, 0.891006, 0.453991, 120, 120, 100, 1, 0, 0, 7, 10);
INSERT INTO `game_event_gameobject` SELECT gameobject.guid, @POPULARITY_CONTEST_WINNER_STORMWIND_EVENT FROM `gameobject` WHERE gameobject.guid BETWEEN @POPULARITY_CONTEST_WINNER_STORMWIND_GGUID+1 AND @POPULARITY_CONTEST_WINNER_STORMWIND_GGUID+14;

-- Darnassus Contest Winning Gameobjects (I did this already last year but some stuff is missing, thats why i delete the old objects).
DELETE FROM `gameobject` WHERE `guid` IN (SELECT `guid` FROM `game_event_gameobject` WHERE `event`=@POPULARITY_CONTEST_WINNER_DARNASSUS_EVENT);
DELETE FROM `game_event_gameobject` WHERE `event`=@POPULARITY_CONTEST_WINNER_DARNASSUS_EVENT;
INSERT INTO `gameobject` (`guid`, `id`, `map`, `position_x`, `position_y`, `position_z`, `orientation`, `rotation0`, `rotation1`, `rotation2`, `rotation3`, `spawntimesecsmin`, `spawntimesecsmax`, `animprogress`, `state`, `spawn_flags`, `visibility_mod`, `patch_min`, `patch_max`) VALUES
    (@POPULARITY_CONTEST_WINNER_DARNASSUS_GGUID+1, 181016, 1, 9667.78, 2529.11, 1360, 0.244346, 0, 0, 0.121869, 0.992546, 120, 120, 100, 1, 0, 0, 7, 10),
    (@POPULARITY_CONTEST_WINNER_DARNASSUS_GGUID+2, 181016, 1, 9668.83, 2521.06, 1360, 5.88176, 0, 0, -0.199368, 0.979925, 120, 120, 100, 1, 0, 0, 7, 10),
    (@POPULARITY_CONTEST_WINNER_DARNASSUS_GGUID+3, 181021, 1, 9892.4, 2238.72, 1343.61, 6.19592, 0, 0, -0.0436192, 0.999048, 120, 120, 100, 1, 0, 0, 7, 10),
    (@POPULARITY_CONTEST_WINNER_DARNASSUS_GGUID+4, 181021, 1, 9892.59, 2223.51, 1343.63, 0.0174525, 0, 0, 0.00872612, 0.999962, 120, 120, 100, 1, 0, 0, 7, 10),
    (@POPULARITY_CONTEST_WINNER_DARNASSUS_GGUID+5, 181021, 1, 9893.36, 2207.54, 1343.76, 0.0349062, 0, 0, 0.0174522, 0.999848, 120, 120, 100, 1, 0, 0, 7, 10),
    (@POPULARITY_CONTEST_WINNER_DARNASSUS_GGUID+6, 181021, 1, 9985.94, 1978.34, 1352.14, 4.67748, 0, 0, -0.719339, 0.694659, 120, 120, 100, 1, 0, 0, 7, 10),
    (@POPULARITY_CONTEST_WINNER_DARNASSUS_GGUID+7, 181021, 1, 9986.28, 2022.9, 1351.84, 1.6057, 0, 0, 0.719339, 0.694659, 120, 120, 100, 1, 0, 0, 7, 10),
    (@POPULARITY_CONTEST_WINNER_DARNASSUS_GGUID+8, 181021, 1, 10013.6, 2242.08, 1343.91, 3.24635, 0, 0, -0.998629, 0.0523532, 120, 120, 100, 1, 0, 0, 7, 10),
    (@POPULARITY_CONTEST_WINNER_DARNASSUS_GGUID+9, 181021, 1, 10014, 2226.74, 1343.69, 3.15906, 0, 0, -0.999962, 0.00873464, 120, 120, 100, 1, 0, 0, 7, 10),
    (@POPULARITY_CONTEST_WINNER_DARNASSUS_GGUID+10, 181021, 1, 10014.4, 2211.14, 1343.83, 3.10665, 0, 0, 0.999847, 0.0174693, 120, 120, 100, 1, 0, 0, 7, 10),
    (@POPULARITY_CONTEST_WINNER_DARNASSUS_GGUID+11, 181024, 1, 9657.08, 2523.52, 1372, 3.15906, 0, 0, -0.999962, 0.00873464, 120, 120, 100, 1, 0, 0, 7, 10),
    (@POPULARITY_CONTEST_WINNER_DARNASSUS_GGUID+12, 181024, 1, 9663.88, 2525.11, 1369.32, 0.0523589, 0, 0, 0.0261765, 0.999657, 120, 120, 100, 1, 0, 0, 7, 10),
    (@POPULARITY_CONTEST_WINNER_DARNASSUS_GGUID+13, 181025, 1, 9655.11, 2530.81, 1360.8, 3.4383, 0, 0, -0.989016, 0.147811, 120, 120, 100, 1, 0, 0, 7, 10),
    (@POPULARITY_CONTEST_WINNER_DARNASSUS_GGUID+14, 181025, 1, 9657.18, 2516.03, 1361, 3.31614, 0, 0, -0.996194, 0.087165, 120, 120, 100, 1, 0, 0, 7, 10),
    (@POPULARITY_CONTEST_WINNER_DARNASSUS_GGUID+15, 181025, 1, 9663.72, 2531.88, 1361.8, 0.0174525, 0, 0, 0.00872612, 0.999962, 120, 120, 100, 1, 0, 0, 7, 10),
    (@POPULARITY_CONTEST_WINNER_DARNASSUS_GGUID+16, 181025, 1, 9664.04, 2517.89, 1361.6, 0.279252, 0, 0, 0.139173, 0.990268, 120, 120, 100, 1, 0, 0, 7, 10),
    (@POPULARITY_CONTEST_WINNER_DARNASSUS_GGUID+17, 181055, 1, 10119.3, 2216.15, 1351.82, 2.16421, 0, 0, 0.882947, 0.469473, 120, 120, 100, 1, 0, 0, 7, 10),
    (@POPULARITY_CONTEST_WINNER_DARNASSUS_GGUID+18, 181055, 1, 10144.3, 2233.66, 1352.2, 2.16421, 0, 0, 0.882947, 0.469473, 120, 120, 100, 1, 0, 0, 7, 10),
    (@POPULARITY_CONTEST_WINNER_DARNASSUS_GGUID+19, 181086, 1, 9666.13, 2524.86, 1360, 6.26573, 0, 0, -0.00872612, 0.999962, 120, 120, 100, 1, 0, 0, 7, 10),
    (@POPULARITY_CONTEST_WINNER_DARNASSUS_GGUID+20, 181087, 1, 9668.46, 2530.89, 1360, 6.14356, 0, 0, -0.0697556, 0.997564, 120, 120, 100, 1, 0, 0, 7, 10),
    (@POPULARITY_CONTEST_WINNER_DARNASSUS_GGUID+21, 181087, 1, 9669.52, 2522.5, 1360, 2.58308, 0, 0, 0.961261, 0.27564, 120, 120, 100, 1, 0, 0, 7, 10),
    (@POPULARITY_CONTEST_WINNER_DARNASSUS_GGUID+22, 181087, 1, 9669.66, 2531.11, 1360, 0.90757, 0, 0, 0.438371, 0.898794, 120, 120, 100, 1, 0, 0, 7, 10),
    (@POPULARITY_CONTEST_WINNER_DARNASSUS_GGUID+23, 181087, 1, 9669.83, 2517.64, 1360, 4.15388, 0, 0, -0.874619, 0.48481, 120, 120, 100, 1, 0, 0, 7, 10),
    (@POPULARITY_CONTEST_WINNER_DARNASSUS_GGUID+24, 181087, 1, 9670.36, 2521.82, 1360, 4.17134, 0, 0, -0.870356, 0.492424, 120, 120, 100, 1, 0, 0, 7, 10),
    (@POPULARITY_CONTEST_WINNER_DARNASSUS_GGUID+25, 181087, 1, 9671.04, 2530.81, 1360, 1.32645, 0, 0, 0.615661, 0.788011, 120, 120, 100, 1, 0, 0, 7, 10),
    (@POPULARITY_CONTEST_WINNER_DARNASSUS_GGUID+26, 181087, 1, 9671.11, 2519.33, 1360, 1.44862, 0, 0, 0.66262, 0.748956, 120, 120, 100, 1, 0, 0, 7, 10),
    (@POPULARITY_CONTEST_WINNER_DARNASSUS_GGUID+27, 181087, 1, 9671.14, 2520.84, 1360, 2.93214, 0, 0, 0.994521, 0.104536, 120, 120, 100, 1, 0, 0, 7, 10),
    (@POPULARITY_CONTEST_WINNER_DARNASSUS_GGUID+28, 181087, 1, 9672.08, 2529.96, 1360, 2.19911, 0, 0, 0.891006, 0.453991, 120, 120, 100, 1, 0, 0, 7, 10);
INSERT INTO `game_event_gameobject` SELECT gameobject.guid, @POPULARITY_CONTEST_WINNER_DARNASSUS_EVENT FROM `gameobject` WHERE gameobject.guid BETWEEN @POPULARITY_CONTEST_WINNER_DARNASSUS_GGUID+1 AND @POPULARITY_CONTEST_WINNER_DARNASSUS_GGUID+28;

-- Love is in The Air Gameobjects (I did this already last year but some stuff is missing and wrong, that's why i respawn everything).
DELETE FROM `gameobject` WHERE `guid` IN (SELECT `guid` FROM `game_event_gameobject` WHERE `event`=@LOVE_IS_IN_THE_AIR_EVENT);
DELETE FROM `game_event_gameobject` WHERE `event`=@LOVE_IS_IN_THE_AIR_EVENT;
INSERT INTO `gameobject` (`guid`, `id`, `map`, `position_x`, `position_y`, `position_z`, `orientation`, `rotation0`, `rotation1`, `rotation2`, `rotation3`, `spawntimesecsmin`, `spawntimesecsmax`, `animprogress`, `state`, `spawn_flags`, `visibility_mod`, `patch_min`, `patch_max`) VALUES
    (@LOVE_IS_IN_THE_AIR_GGUID+1, 181014, 0, -9094.49, 429.216, 99.0901, 5.46288, 0, 0, -0.398748, 0.91706, 120, 120, 100, 1, 0, 0, 7, 10),
    (@LOVE_IS_IN_THE_AIR_GGUID+2, 181014, 0, -9075.37, 407.018, 98.6196, 2.25147, 0, 0, 0.902585, 0.430512, 120, 120, 100, 1, 0, 0, 7, 10),
    (@LOVE_IS_IN_THE_AIR_GGUID+3, 181014, 0, -8948.46, 538.727, 109.32, 3.80482, 0, 0, -0.945518, 0.325568, 120, 120, 100, 1, 0, 0, 7, 10),
    (@LOVE_IS_IN_THE_AIR_GGUID+4, 181014, 0, -8934.58, 521.12, 109.389, 3.80482, 0, 0, -0.945518, 0.325568, 120, 120, 100, 1, 0, 0, 7, 10),
    (@LOVE_IS_IN_THE_AIR_GGUID+5, 181014, 0, -8852.53, 539.681, 117.809, 0.244346, 0, 0, 0.121869, 0.992546, 120, 120, 100, 1, 0, 0, 7, 10),
    (@LOVE_IS_IN_THE_AIR_GGUID+6, 181014, 1, -1297.66, 192.871, 137.188, 1.65806, 0, 0, 0.737277, 0.675591, 120, 120, 100, 1, 0, 0, 7, 10),
    (@LOVE_IS_IN_THE_AIR_GGUID+7, 181014, 1, -1236.53, -90.0243, 178.074, 0.436332, 0, 0, 0.216439, 0.976296, 120, 120, 100, 1, 0, 0, 7, 10),
    (@LOVE_IS_IN_THE_AIR_GGUID+8, 181014, 1, -1210.72, 34.2156, 192.245, 2.84488, 0, 0, 0.989016, 0.147811, 120, 120, 100, 1, 0, 0, 7, 10),
    (@LOVE_IS_IN_THE_AIR_GGUID+9, 181014, 1, -1205, 134.352, 149.189, 3.85718, 0, 0, -0.936671, 0.35021, 120, 120, 100, 1, 0, 0, 7, 10),
    (@LOVE_IS_IN_THE_AIR_GGUID+10, 181014, 1, -1185.54, 27.9683, 195.245, 5.98648, 0, 0, -0.147809, 0.989016, 120, 120, 100, 1, 0, 0, 7, 10),
    (@LOVE_IS_IN_THE_AIR_GGUID+11, 181014, 1, -1180.66, -92.8976, 177.532, 2.53072, 0, 0, 0.953716, 0.300708, 120, 120, 100, 1, 0, 0, 7, 10),
    (@LOVE_IS_IN_THE_AIR_GGUID+12, 181014, 1, -1123.94, 65.1875, 158.35, 4.41568, 0, 0, -0.803857, 0.594823, 120, 120, 100, 1, 0, 0, 7, 10),
    (@LOVE_IS_IN_THE_AIR_GGUID+13, 181014, 1, -1108.48, -10.3021, 157.776, 1.78023, 0, 0, 0.777145, 0.629321, 120, 120, 100, 1, 0, 0, 7, 10),
    (@LOVE_IS_IN_THE_AIR_GGUID+14, 181014, 1, -1028.03, -41.6273, 147.165, 2.60054, 0, 0, 0.96363, 0.267241, 120, 120, 100, 1, 0, 0, 7, 10),
    (@LOVE_IS_IN_THE_AIR_GGUID+15, 181014, 1, 1659.33, -4346.13, 67.0861, 3.75246, 0, 0, -0.953716, 0.300708, 120, 120, 100, 1, 0, 0, 7, 10),
    (@LOVE_IS_IN_THE_AIR_GGUID+16, 181014, 1, 1663.45, -4345.16, 38.0168, 3.90954, 0, 0, -0.927183, 0.374608, 120, 120, 100, 1, 0, 0, 7, 10),
    (@LOVE_IS_IN_THE_AIR_GGUID+17, 181015, 0, -9106.58, 422.097, 93.7786, 3.78737, 0, 0, -0.948323, 0.317306, 120, 120, 100, 1, 0, 0, 7, 10),
    (@LOVE_IS_IN_THE_AIR_GGUID+18, 181015, 0, -9085.16, 396.496, 93.5758, 3.82227, 0, 0, -0.942641, 0.333808, 120, 120, 100, 1, 0, 0, 7, 10),
    (@LOVE_IS_IN_THE_AIR_GGUID+19, 181015, 0, -9079.23, 442.914, 93.2955, 5.37562, 0, 0, -0.438371, 0.898794, 120, 120, 100, 1, 0, 0, 7, 10),
    (@LOVE_IS_IN_THE_AIR_GGUID+20, 181015, 0, -9066.78, 452.947, 93.2955, 5.51524, 0, 0, -0.374606, 0.927184, 120, 120, 100, 1, 0, 0, 7, 10),
    (@LOVE_IS_IN_THE_AIR_GGUID+21, 181015, 0, -9060.67, 417.703, 93.2955, 2.28638, 0, 0, 0.909961, 0.414694, 120, 120, 100, 1, 0, 0, 7, 10),
    (@LOVE_IS_IN_THE_AIR_GGUID+22, 181015, 0, -9046.63, 428.583, 93.2955, 2.30383, 0, 0, 0.913545, 0.406738, 120, 120, 100, 1, 0, 0, 7, 10),
    (@LOVE_IS_IN_THE_AIR_GGUID+23, 181015, 0, -9018.08, 485.234, 97.1197, 5.42797, 0, 0, -0.414693, 0.909961, 120, 120, 100, 1, 0, 0, 7, 10),
    (@LOVE_IS_IN_THE_AIR_GGUID+24, 181015, 0, -9003.58, 466.834, 97.1185, 2.1293, 0, 0, 0.874619, 0.48481, 120, 120, 100, 1, 0, 0, 7, 10),
    (@LOVE_IS_IN_THE_AIR_GGUID+25, 181015, 0, -8987.69, 509.24, 97.0765, 5.39307, 0, 0, -0.430511, 0.902586, 120, 120, 100, 1, 0, 0, 7, 10),
    (@LOVE_IS_IN_THE_AIR_GGUID+26, 181015, 0, -8973.18, 490.654, 97.0779, 2.19911, 0, 0, 0.891006, 0.453991, 120, 120, 100, 1, 0, 0, 7, 10),
    (@LOVE_IS_IN_THE_AIR_GGUID+27, 181015, 0, -8893.99, 578.844, 92.8094, 0.680677, 0, 0, 0.333806, 0.942642, 120, 120, 100, 1, 0, 0, 7, 10),
    (@LOVE_IS_IN_THE_AIR_GGUID+28, 181015, 0, -8884.23, 566.347, 92.8298, 0.715585, 0, 0, 0.350207, 0.936672, 120, 120, 100, 1, 0, 0, 7, 10),
    (@LOVE_IS_IN_THE_AIR_GGUID+29, 181015, 0, 1595.84, 240.163, -52.1429, 0.890117, 0, 0, 0.430511, 0.902586, 120, 120, 100, 1, 0, 0, 7, 10),
    (@LOVE_IS_IN_THE_AIR_GGUID+30, 181016, 0, -8879.18, 649.492, 96.0198, 0.488691, 0, 0, 0.241921, 0.970296, 120, 120, 100, 1, 0, 0, 7, 10),
    (@LOVE_IS_IN_THE_AIR_GGUID+31, 181016, 0, -8874.09, 640.259, 96.0894, 0.541051, 0, 0, 0.267238, 0.963631, 120, 120, 100, 1, 0, 0, 7, 10),
    (@LOVE_IS_IN_THE_AIR_GGUID+32, 181016, 0, -8861.03, 658.585, 96.7187, 5.48033, 0, 0, -0.390731, 0.920505, 120, 120, 100, 1, 0, 0, 7, 10),
    (@LOVE_IS_IN_THE_AIR_GGUID+33, 181016, 0, -8856.85, 661.656, 97.1286, 5.3058, 0, 0, -0.469471, 0.882948, 120, 120, 100, 1, 0, 0, 7, 10),
    (@LOVE_IS_IN_THE_AIR_GGUID+34, 181016, 0, -8839.07, 545.266, 96.8377, 1.01229, 0, 0, 0.484809, 0.87462, 120, 120, 100, 1, 0, 0, 7, 10),
    (@LOVE_IS_IN_THE_AIR_GGUID+35, 181016, 0, -8833.52, 541.753, 96.9853, 0.942477, 0, 0, 0.45399, 0.891007, 120, 120, 100, 1, 0, 0, 7, 10),
    (@LOVE_IS_IN_THE_AIR_GGUID+36, 181016, 0, -8621.19, 786.2, 97.1391, 3.68265, 0, 0, -0.96363, 0.267241, 120, 120, 100, 1, 0, 0, 7, 10),
    (@LOVE_IS_IN_THE_AIR_GGUID+37, 181016, 0, -8611.96, 774.592, 97.1369, 3.97935, 0, 0, -0.913545, 0.406738, 120, 120, 100, 1, 0, 0, 7, 10),
    (@LOVE_IS_IN_THE_AIR_GGUID+38, 181016, 0, -5018.23, -855.977, 501.659, 0.680677, 0, 0, 0.333806, 0.942642, 120, 120, 100, 1, 0, 0, 7, 10),
    (@LOVE_IS_IN_THE_AIR_GGUID+39, 181016, 0, -5008.32, -868.188, 501.659, 0.767944, 0, 0, 0.374606, 0.927184, 120, 120, 100, 1, 0, 0, 7, 10),
    (@LOVE_IS_IN_THE_AIR_GGUID+40, 181016, 0, -5000.16, -841.309, 501.659, 3.82227, 0, 0, -0.942641, 0.333808, 120, 120, 100, 1, 0, 0, 7, 10),
    (@LOVE_IS_IN_THE_AIR_GGUID+41, 181016, 0, -4997.85, -880.69, 501.659, 0.715585, 0, 0, 0.350207, 0.936672, 120, 120, 100, 1, 0, 0, 7, 10),
    (@LOVE_IS_IN_THE_AIR_GGUID+42, 181016, 0, -4990.29, -853.343, 501.659, 3.83973, 0, 0, -0.939692, 0.34202, 120, 120, 100, 1, 0, 0, 7, 10),
    (@LOVE_IS_IN_THE_AIR_GGUID+43, 181016, 0, -4980.03, -865.875, 501.659, 3.73501, 0, 0, -0.956305, 0.292372, 120, 120, 100, 1, 0, 0, 7, 10),
    (@LOVE_IS_IN_THE_AIR_GGUID+44, 181016, 0, 1589.55, 234.288, 60.1507, 0.785397, 0, 0, 0.382683, 0.92388, 120, 120, 100, 1, 0, 0, 7, 10),
    (@LOVE_IS_IN_THE_AIR_GGUID+45, 181016, 0, 1589.83, 245.835, 60.1507, 5.49779, 0, 0, -0.382683, 0.92388, 120, 120, 100, 1, 0, 0, 7, 10),
    (@LOVE_IS_IN_THE_AIR_GGUID+46, 181016, 1, -1399.61, -48.9439, 156.685, 3.89209, 0, 0, -0.930417, 0.366502, 120, 120, 100, 1, 0, 0, 7, 10),
    (@LOVE_IS_IN_THE_AIR_GGUID+47, 181016, 1, -1385.49, -58.1903, 158.535, 4.17134, 0, 0, -0.870356, 0.492424, 120, 120, 100, 1, 0, 0, 7, 10),
    (@LOVE_IS_IN_THE_AIR_GGUID+48, 181016, 1, -1304.97, 144.895, 131.385, 1.41372, 0, 0, 0.649447, 0.760406, 120, 120, 100, 1, 0, 0, 7, 10),
    (@LOVE_IS_IN_THE_AIR_GGUID+49, 181016, 1, -1292.91, 49.4335, 129.209, 5.11382, 0, 0, -0.551936, 0.833886, 120, 120, 100, 1, 0, 0, 7, 10),
    (@LOVE_IS_IN_THE_AIR_GGUID+50, 181016, 1, -1290.7, 150.55, 129.743, 1.76278, 0, 0, 0.771625, 0.636078, 120, 120, 100, 1, 0, 0, 7, 10),
    (@LOVE_IS_IN_THE_AIR_GGUID+51, 181016, 1, -1287.73, 37.0892, 129.209, 1.97222, 0, 0, 0.833885, 0.551938, 120, 120, 100, 1, 0, 0, 7, 10),
    (@LOVE_IS_IN_THE_AIR_GGUID+52, 181016, 1, -1277.25, 162.139, 131.136, 2.68781, 0, 0, 0.97437, 0.224951, 120, 120, 100, 1, 0, 0, 7, 10),
    (@LOVE_IS_IN_THE_AIR_GGUID+53, 181016, 1, -1265.91, 26.0747, 128.187, 6.05629, 0, 0, -0.113203, 0.993572, 120, 120, 100, 1, 0, 0, 7, 10),
    (@LOVE_IS_IN_THE_AIR_GGUID+54, 181016, 1, -1263.3, 18.5099, 128.187, 0.820303, 0, 0, 0.398748, 0.91706, 120, 120, 100, 1, 0, 0, 7, 10),
    (@LOVE_IS_IN_THE_AIR_GGUID+55, 181016, 1, -1251.77, 20.0596, 128.187, 2.54818, 0, 0, 0.956305, 0.292372, 120, 120, 100, 1, 0, 0, 7, 10),
    (@LOVE_IS_IN_THE_AIR_GGUID+56, 181016, 1, -1250.87, 27.5822, 128.187, 3.57793, 0, 0, -0.976295, 0.216442, 120, 120, 100, 1, 0, 0, 7, 10),
    (@LOVE_IS_IN_THE_AIR_GGUID+57, 181016, 1, -1202.39, 25.2032, 176.949, 0.855211, 0, 0, 0.414693, 0.909961, 120, 120, 100, 1, 0, 0, 7, 10),
    (@LOVE_IS_IN_THE_AIR_GGUID+58, 181016, 1, -1190.94, 25.9335, 176.949, 2.35619, 0, 0, 0.92388, 0.382683, 120, 120, 100, 1, 0, 0, 7, 10),
    (@LOVE_IS_IN_THE_AIR_GGUID+59, 181016, 1, -1079.05, 228.961, 112.256, 0.488691, 0, 0, 0.241921, 0.970296, 120, 120, 100, 1, 0, 0, 7, 10),
    (@LOVE_IS_IN_THE_AIR_GGUID+60, 181016, 1, -1074.37, 218.621, 110.217, 0.244346, 0, 0, 0.121869, 0.992546, 120, 120, 100, 1, 0, 0, 7, 10),
    (@LOVE_IS_IN_THE_AIR_GGUID+61, 181016, 1, -1071.91, -32.9583, 141.348, 6.10865, 0, 0, -0.0871553, 0.996195, 120, 120, 100, 1, 0, 0, 7, 10),
    (@LOVE_IS_IN_THE_AIR_GGUID+62, 181016, 1, -1067.54, -18.4062, 140.607, 5.75959, 0, 0, -0.258819, 0.965926, 120, 120, 100, 1, 0, 0, 7, 10),
    (@LOVE_IS_IN_THE_AIR_GGUID+63, 181016, 1, -1059.13, -7.60406, 141.311, 5.51524, 0, 0, -0.374606, 0.927184, 120, 120, 100, 1, 0, 0, 7, 10),
    (@LOVE_IS_IN_THE_AIR_GGUID+64, 181016, 1, -1031.92, 202.67, 135.27, 0.872664, 0, 0, 0.422618, 0.906308, 120, 120, 100, 1, 0, 0, 7, 10),
    (@LOVE_IS_IN_THE_AIR_GGUID+65, 181016, 1, -1021.13, 192.48, 135.497, 0.575957, 0, 0, 0.284015, 0.95882, 120, 120, 100, 1, 0, 0, 7, 10),
    (@LOVE_IS_IN_THE_AIR_GGUID+66, 181016, 1, -1000.07, 264.762, 137.59, 4.38078, 0, 0, -0.814116, 0.580703, 120, 120, 100, 1, 0, 0, 7, 10),
    (@LOVE_IS_IN_THE_AIR_GGUID+67, 181016, 1, -989.995, 260.398, 137.59, 4.11898, 0, 0, -0.882947, 0.469473, 120, 120, 100, 1, 0, 0, 7, 10),
    (@LOVE_IS_IN_THE_AIR_GGUID+68, 181016, 1, 1615.25, -4371.44, 12.3255, 5.96903, 0, 0, -0.156434, 0.987688, 120, 120, 100, 1, 0, 0, 7, 10),
    (@LOVE_IS_IN_THE_AIR_GGUID+69, 181016, 1, 1622.07, -4385.72, 12.2943, 0.872664, 0, 0, 0.422618, 0.906308, 120, 120, 100, 1, 0, 0, 7, 10),
    (@LOVE_IS_IN_THE_AIR_GGUID+70, 181016, 1, 1632.28, -4360.02, 12.7307, 3.97935, 0, 0, -0.913545, 0.406738, 120, 120, 100, 1, 0, 0, 7, 10),
    (@LOVE_IS_IN_THE_AIR_GGUID+71, 181016, 1, 1638.73, -4450.24, 15.4065, 1.98967, 0, 0, 0.83867, 0.54464, 120, 120, 100, 1, 0, 0, 7, 10),
    (@LOVE_IS_IN_THE_AIR_GGUID+72, 181016, 1, 1642.59, -4372.39, 12.7448, 3.42085, 0, 0, -0.990268, 0.139175, 120, 120, 100, 1, 0, 0, 7, 10),
    (@LOVE_IS_IN_THE_AIR_GGUID+73, 181016, 1, 1643.54, -4444.94, 15.4065, 3.17653, 0, 0, -0.999847, 0.0174693, 120, 120, 100, 1, 0, 0, 7, 10),
    (@LOVE_IS_IN_THE_AIR_GGUID+74, 181016, 1, 1650.02, -4332.94, 61.5018, 0, 0, 0, 0, 1, 120, 120, 100, 1, 0, 0, 7, 10),
    (@LOVE_IS_IN_THE_AIR_GGUID+75, 181016, 1, 1658.49, -4314.09, 62.0468, 5.28835, 0, 0, -0.477159, 0.878817, 120, 120, 100, 1, 0, 0, 7, 10),
    (@LOVE_IS_IN_THE_AIR_GGUID+76, 181016, 1, 1675.11, -4361.82, 62.06, 1.65806, 0, 0, 0.737277, 0.675591, 120, 120, 100, 1, 0, 0, 7, 10),
    (@LOVE_IS_IN_THE_AIR_GGUID+77, 181016, 1, 1675.8, -4311.48, 61.6065, 4.69494, 0, 0, -0.71325, 0.70091, 120, 120, 100, 1, 0, 0, 7, 10),
    (@LOVE_IS_IN_THE_AIR_GGUID+78, 181016, 1, 1688.17, -4313.84, 61.6555, 3.99681, 0, 0, -0.909961, 0.414694, 120, 120, 100, 1, 0, 0, 7, 10),
    (@LOVE_IS_IN_THE_AIR_GGUID+79, 181016, 1, 1693.92, -4351.96, 61.5084, 2.32129, 0, 0, 0.91706, 0.39875, 120, 120, 100, 1, 0, 0, 7, 10),
    (@LOVE_IS_IN_THE_AIR_GGUID+80, 181016, 1, 1695.3, -4321.7, 61.498, 3.73501, 0, 0, -0.956305, 0.292372, 120, 120, 100, 1, 0, 0, 7, 10),
    (@LOVE_IS_IN_THE_AIR_GGUID+81, 181016, 1, 1698.88, -4342.24, 62.0575, 2.74016, 0, 0, 0.979924, 0.19937, 120, 120, 100, 1, 0, 0, 7, 10),
    (@LOVE_IS_IN_THE_AIR_GGUID+82, 181016, 1, 8636.46, 849.685, 23.0551, 4.85202, 0, 0, -0.656058, 0.75471, 120, 120, 100, 1, 0, 0, 7, 10),
    (@LOVE_IS_IN_THE_AIR_GGUID+83, 181016, 1, 8636.49, 858.517, 22.4537, 6.16101, 0, 0, -0.0610485, 0.998135, 120, 120, 100, 1, 0, 0, 7, 10),
    (@LOVE_IS_IN_THE_AIR_GGUID+84, 181016, 1, 8637.42, 832.573, 23.1649, 1.44862, 0, 0, 0.66262, 0.748956, 120, 120, 100, 1, 0, 0, 7, 10),
    (@LOVE_IS_IN_THE_AIR_GGUID+85, 181016, 1, 8652.41, 859.318, 22.5535, 3.17653, 0, 0, -0.999847, 0.0174693, 120, 120, 100, 1, 0, 0, 7, 10),
    (@LOVE_IS_IN_THE_AIR_GGUID+86, 181016, 1, 8666.79, 884.054, 22.2721, 4.7473, 0, 0, -0.694658, 0.71934, 120, 120, 100, 1, 0, 0, 7, 10),
    (@LOVE_IS_IN_THE_AIR_GGUID+87, 181016, 1, 8667.61, 868.788, 22.2681, 1.65806, 0, 0, 0.737277, 0.675591, 120, 120, 100, 1, 0, 0, 7, 10),
    (@LOVE_IS_IN_THE_AIR_GGUID+88, 181016, 1, 8679.38, 904.317, 21.5485, 6.19592, 0, 0, -0.0436192, 0.999048, 120, 120, 100, 1, 0, 0, 7, 10),
    (@LOVE_IS_IN_THE_AIR_GGUID+89, 181016, 1, 8694.31, 904.751, 21.662, 3.08918, 0, 0, 0.999657, 0.0262016, 120, 120, 100, 1, 0, 0, 7, 10),
    (@LOVE_IS_IN_THE_AIR_GGUID+90, 181016, 1, 9939.09, 2585.65, 1316.41, 6.26573, 0, 0, -0.00872612, 0.999962, 120, 120, 100, 1, 0, 0, 7, 10),
    (@LOVE_IS_IN_THE_AIR_GGUID+91, 181016, 1, 9939.42, 2606.72, 1316.73, 6.23083, 0, 0, -0.0261765, 0.999657, 120, 120, 100, 1, 0, 0, 7, 10),
    (@LOVE_IS_IN_THE_AIR_GGUID+92, 181016, 1, 9939.75, 2594.98, 1316.24, 6.17847, 0, 0, -0.0523357, 0.99863, 120, 120, 100, 1, 0, 0, 7, 10),
    (@LOVE_IS_IN_THE_AIR_GGUID+93, 181016, 1, 9952.15, 2585.77, 1316.13, 3.17653, 0, 0, -0.999847, 0.0174693, 120, 120, 100, 1, 0, 0, 7, 10),
    (@LOVE_IS_IN_THE_AIR_GGUID+94, 181016, 1, 9952.37, 2593.96, 1316.53, 3.08918, 0, 0, 0.999657, 0.0262016, 120, 120, 100, 1, 0, 0, 7, 10),
    (@LOVE_IS_IN_THE_AIR_GGUID+95, 181016, 1, 9952.86, 2607.13, 1316.19, 3.26377, 0, 0, -0.998135, 0.0610518, 120, 120, 100, 1, 0, 0, 7, 10),
    (@LOVE_IS_IN_THE_AIR_GGUID+96, 181017, 0, -8906.31, 628.792, 106.67, 3.64774, 0, 0, -0.968147, 0.250381, 120, 120, 100, 1, 0, 0, 7, 10),
    (@LOVE_IS_IN_THE_AIR_GGUID+97, 181017, 0, -8871.9, 682.277, 102.292, 5.28835, 0, 0, -0.477159, 0.878817, 120, 120, 100, 1, 0, 0, 7, 10),
    (@LOVE_IS_IN_THE_AIR_GGUID+98, 181017, 0, -8860.68, 662.838, 101.16, 5.35816, 0, 0, -0.446198, 0.894935, 120, 120, 100, 1, 0, 0, 7, 10),
    (@LOVE_IS_IN_THE_AIR_GGUID+99, 181017, 0, -8841.08, 658.815, 101.888, 3.6652, 0, 0, -0.965925, 0.258821, 120, 120, 100, 1, 0, 0, 7, 10),
    (@LOVE_IS_IN_THE_AIR_GGUID+100, 181017, 0, -5041.65, -1166.19, 508.227, 0.314158, 0, 0, 0.156434, 0.987688, 120, 120, 100, 1, 0, 0, 7, 10),
    (@LOVE_IS_IN_THE_AIR_GGUID+101, 181017, 0, -5030.98, -1153.9, 509.76, 5.00909, 0, 0, -0.594823, 0.803857, 120, 120, 100, 1, 0, 0, 7, 10),
    (@LOVE_IS_IN_THE_AIR_GGUID+102, 181017, 0, -5017.75, -1125.04, 509.957, 0.191985, 0, 0, 0.0958452, 0.995396, 120, 120, 100, 1, 0, 0, 7, 10),
    (@LOVE_IS_IN_THE_AIR_GGUID+103, 181017, 0, -4989.78, -1117.28, 508.186, 3.31614, 0, 0, -0.996194, 0.087165, 120, 120, 100, 1, 0, 0, 7, 10),
    (@LOVE_IS_IN_THE_AIR_GGUID+104, 181017, 0, -4974.48, -1033.47, 510.385, 2.77507, 0, 0, 0.983254, 0.182238, 120, 120, 100, 1, 0, 0, 7, 10),
    (@LOVE_IS_IN_THE_AIR_GGUID+105, 181017, 0, -4927.71, -1279.47, 509.796, 2.65289, 0, 0, 0.970295, 0.241925, 120, 120, 100, 1, 0, 0, 7, 10),
    (@LOVE_IS_IN_THE_AIR_GGUID+106, 181017, 0, -4899.03, -982.314, 510.777, 2.28638, 0, 0, 0.909961, 0.414694, 120, 120, 100, 1, 0, 0, 7, 10),
    (@LOVE_IS_IN_THE_AIR_GGUID+107, 181017, 0, -4880.1, -957.773, 509.628, 1.93731, 0, 0, 0.824125, 0.566408, 120, 120, 100, 1, 0, 0, 7, 10),
    (@LOVE_IS_IN_THE_AIR_GGUID+108, 181017, 0, -4868.57, -1144.73, 510.407, 0.383971, 0, 0, 0.190808, 0.981627, 120, 120, 100, 1, 0, 0, 7, 10),
    (@LOVE_IS_IN_THE_AIR_GGUID+109, 181017, 0, -4849.92, -877.536, 506.389, 4.88692, 0, 0, -0.642787, 0.766045, 120, 120, 100, 1, 0, 0, 7, 10),
    (@LOVE_IS_IN_THE_AIR_GGUID+110, 181017, 0, -4847.69, -1162.96, 508.747, 0.837757, 0, 0, 0.406736, 0.913546, 120, 120, 100, 1, 0, 0, 7, 10),
    (@LOVE_IS_IN_THE_AIR_GGUID+111, 181017, 0, -4840.27, -859.969, 506.082, 4.79966, 0, 0, -0.67559, 0.737278, 120, 120, 100, 1, 0, 0, 7, 10),
    (@LOVE_IS_IN_THE_AIR_GGUID+112, 181017, 0, -4804.96, -1180.35, 510.459, 1.5708, 0, 0, 0.707107, 0.707107, 120, 120, 100, 1, 0, 0, 7, 10),
    (@LOVE_IS_IN_THE_AIR_GGUID+113, 181017, 0, -4798.37, -908.976, 503.25, 1.5708, 0, 0, 0.707107, 0.707107, 120, 120, 100, 1, 0, 0, 7, 10),
    (@LOVE_IS_IN_THE_AIR_GGUID+114, 181017, 0, -4765.77, -913.387, 508.234, 1.32645, 0, 0, 0.615661, 0.788011, 120, 120, 100, 1, 0, 0, 7, 10),
    (@LOVE_IS_IN_THE_AIR_GGUID+115, 181017, 0, -4732.77, -1146.49, 507.539, 2.65289, 0, 0, 0.970295, 0.241925, 120, 120, 100, 1, 0, 0, 7, 10),
    (@LOVE_IS_IN_THE_AIR_GGUID+116, 181017, 0, -4730.89, -1063.31, 508.738, 3.6652, 0, 0, -0.965925, 0.258821, 120, 120, 100, 1, 0, 0, 7, 10),
    (@LOVE_IS_IN_THE_AIR_GGUID+117, 181017, 0, -4707.57, -948.41, 509.872, 0.90757, 0, 0, 0.438371, 0.898794, 120, 120, 100, 1, 0, 0, 7, 10),
    (@LOVE_IS_IN_THE_AIR_GGUID+118, 181017, 0, -4691.64, -1183.9, 509.915, 5.55015, 0, 0, -0.358368, 0.93358, 120, 120, 100, 1, 0, 0, 7, 10),
    (@LOVE_IS_IN_THE_AIR_GGUID+119, 181017, 0, -4614.04, -1114.48, 509.55, 3.33359, 0, 0, -0.995396, 0.0958512, 120, 120, 100, 1, 0, 0, 7, 10),
    (@LOVE_IS_IN_THE_AIR_GGUID+120, 181017, 0, -4612.88, -1093.26, 509.641, 3.05433, 0, 0, 0.999048, 0.0436193, 120, 120, 100, 1, 0, 0, 7, 10),
    (@LOVE_IS_IN_THE_AIR_GGUID+121, 181017, 0, -4601.88, -1010.22, 509.911, 1.81514, 0, 0, 0.788011, 0.615662, 120, 120, 100, 1, 0, 0, 7, 10),
    (@LOVE_IS_IN_THE_AIR_GGUID+122, 181017, 0, -4591.77, -999.464, 508.207, 3.4383, 0, 0, -0.989016, 0.147811, 120, 120, 100, 1, 0, 0, 7, 10),
    (@LOVE_IS_IN_THE_AIR_GGUID+123, 181017, 1, -1311.32, 32.3073, 135.914, 0.541051, 0, 0, 0.267238, 0.963631, 120, 120, 100, 1, 0, 0, 7, 10),
    (@LOVE_IS_IN_THE_AIR_GGUID+124, 181017, 1, -1294.72, 40.1545, 135.862, 3.61284, 0, 0, -0.972369, 0.233448, 120, 120, 100, 1, 0, 0, 7, 10),
    (@LOVE_IS_IN_THE_AIR_GGUID+125, 181017, 1, -1259.44, 39.8108, 133.912, 1.62316, 0, 0, 0.725374, 0.688355, 120, 120, 100, 1, 0, 0, 7, 10),
    (@LOVE_IS_IN_THE_AIR_GGUID+126, 181017, 1, 1621.98, -4439.55, 25.8617, 2.49582, 0, 0, 0.948323, 0.317306, 120, 120, 100, 1, 0, 0, 7, 10),
    (@LOVE_IS_IN_THE_AIR_GGUID+127, 181017, 1, 1624.57, -4435.78, 25.7124, 2.51327, 0, 0, 0.951056, 0.309017, 120, 120, 100, 1, 0, 0, 7, 10),
    (@LOVE_IS_IN_THE_AIR_GGUID+128, 181017, 1, 1627.62, -4431.78, 25.5626, 2.54818, 0, 0, 0.956305, 0.292372, 120, 120, 100, 1, 0, 0, 7, 10),
    (@LOVE_IS_IN_THE_AIR_GGUID+129, 181018, 0, -8910.36, 636.253, 101.55, 3.6652, 0, 0, -0.965925, 0.258821, 120, 120, 100, 1, 0, 0, 7, 10),
    (@LOVE_IS_IN_THE_AIR_GGUID+130, 181018, 0, -8902.26, 621.338, 101.596, 3.63029, 0, 0, -0.970295, 0.241925, 120, 120, 100, 1, 0, 0, 7, 10),
    (@LOVE_IS_IN_THE_AIR_GGUID+131, 181018, 0, -8800.71, 664.397, 97.7356, 2.89725, 0, 0, 0.992546, 0.12187, 120, 120, 100, 1, 0, 0, 7, 10),
    (@LOVE_IS_IN_THE_AIR_GGUID+132, 181018, 0, -4897.69, -1002.05, 510.054, 2.07694, 0, 0, 0.861629, 0.507539, 120, 120, 100, 1, 0, 0, 7, 10),
    (@LOVE_IS_IN_THE_AIR_GGUID+133, 181018, 0, -4888.82, -994.738, 510.049, 2.32129, 0, 0, 0.91706, 0.39875, 120, 120, 100, 1, 0, 0, 7, 10),
    (@LOVE_IS_IN_THE_AIR_GGUID+134, 181018, 0, -4879.83, -987.33, 509.983, 2.14675, 0, 0, 0.878817, 0.47716, 120, 120, 100, 1, 0, 0, 7, 10),
    (@LOVE_IS_IN_THE_AIR_GGUID+135, 181018, 0, 1585.86, 230.646, -47.0358, 3.927, 0, 0, -0.923879, 0.382686, 120, 120, 100, 1, 0, 0, 7, 10),
    (@LOVE_IS_IN_THE_AIR_GGUID+136, 181018, 0, 1586.07, 250.113, -47.0321, 2.35619, 0, 0, 0.92388, 0.382683, 120, 120, 100, 1, 0, 0, 7, 10),
    (@LOVE_IS_IN_THE_AIR_GGUID+137, 181018, 0, 1605.31, 230.502, -47.0688, 5.53269, 0, 0, -0.366501, 0.930418, 120, 120, 100, 1, 0, 0, 7, 10),
    (@LOVE_IS_IN_THE_AIR_GGUID+138, 181018, 0, 1605.47, 249.859, -47.1107, 0.802851, 0, 0, 0.390731, 0.920505, 120, 120, 100, 1, 0, 0, 7, 10),
    (@LOVE_IS_IN_THE_AIR_GGUID+139, 181018, 1, 1425.61, -4369.41, 38.829, 0.90757, 0, 0, 0.438371, 0.898794, 120, 120, 100, 1, 0, 0, 7, 10),
    (@LOVE_IS_IN_THE_AIR_GGUID+140, 181018, 1, 1432.57, -4427.82, 38.966, 0.890117, 0, 0, 0.430511, 0.902586, 120, 120, 100, 1, 0, 0, 7, 10),
    (@LOVE_IS_IN_THE_AIR_GGUID+141, 181018, 1, 1434.22, -4358.4, 38.2172, 4.18879, 0, 0, -0.866025, 0.500001, 120, 120, 100, 1, 0, 0, 7, 10),
    (@LOVE_IS_IN_THE_AIR_GGUID+142, 181018, 1, 1441.37, -4416.68, 37.9758, 3.99681, 0, 0, -0.909961, 0.414694, 120, 120, 100, 1, 0, 0, 7, 10),
    (@LOVE_IS_IN_THE_AIR_GGUID+143, 181018, 1, 1498.93, -4223.1, 49.3495, 0.244346, 0, 0, 0.121869, 0.992546, 120, 120, 100, 1, 0, 0, 7, 10),
    (@LOVE_IS_IN_THE_AIR_GGUID+144, 181018, 1, 1630.14, -4373.75, 19.1125, 3.56047, 0, 0, -0.978148, 0.207912, 120, 120, 100, 1, 0, 0, 7, 10),
    (@LOVE_IS_IN_THE_AIR_GGUID+145, 181018, 1, 1656.47, -4433.01, 28.1114, 2.33874, 0, 0, 0.920505, 0.390732, 120, 120, 100, 1, 0, 0, 7, 10),
    (@LOVE_IS_IN_THE_AIR_GGUID+146, 181018, 1, 1674.43, -4334.04, 64.0697, 1.11701, 0, 0, 0.529919, 0.848048, 120, 120, 100, 1, 0, 0, 7, 10),
    (@LOVE_IS_IN_THE_AIR_GGUID+147, 181018, 1, 1677.66, -4423.05, 28.1319, 1.5708, 0, 0, 0.707107, 0.707107, 120, 120, 100, 1, 0, 0, 7, 10),
    (@LOVE_IS_IN_THE_AIR_GGUID+148, 181018, 1, 1695.88, -4277.76, 41.1063, 4.04917, 0, 0, -0.898793, 0.438373, 120, 120, 100, 1, 0, 0, 7, 10),
    (@LOVE_IS_IN_THE_AIR_GGUID+149, 181018, 1, 1712.41, -4219.7, 55.258, 4.43314, 0, 0, -0.798635, 0.601815, 120, 120, 100, 1, 0, 0, 7, 10),
    (@LOVE_IS_IN_THE_AIR_GGUID+150, 181018, 1, 1724.71, -4416.39, 46.0725, 0.698131, 0, 0, 0.34202, 0.939693, 120, 120, 100, 1, 0, 0, 7, 10),
    (@LOVE_IS_IN_THE_AIR_GGUID+151, 181018, 1, 1743.51, -4403.31, 46.0636, 3.63029, 0, 0, -0.970295, 0.241925, 120, 120, 100, 1, 0, 0, 7, 10),
    (@LOVE_IS_IN_THE_AIR_GGUID+152, 181018, 1, 1887.7, -4604.38, 41.2229, 6.0912, 0, 0, -0.0958452, 0.995396, 120, 120, 100, 1, 0, 0, 7, 10),
    (@LOVE_IS_IN_THE_AIR_GGUID+153, 181018, 1, 1897.01, -4606.08, 40.9014, 2.91469, 0, 0, 0.993571, 0.113208, 120, 120, 100, 1, 0, 0, 7, 10),
    (@LOVE_IS_IN_THE_AIR_GGUID+154, 181018, 1, 1900.84, -4339.25, 26.3603, 5.55015, 0, 0, -0.358368, 0.93358, 120, 120, 100, 1, 0, 0, 7, 10),
    (@LOVE_IS_IN_THE_AIR_GGUID+155, 181018, 1, 1907.3, -4315.75, 28.5347, 0.279252, 0, 0, 0.139173, 0.990268, 120, 120, 100, 1, 0, 0, 7, 10),
    (@LOVE_IS_IN_THE_AIR_GGUID+156, 181018, 1, 1915.1, -4371.97, 32.7758, 0.314158, 0, 0, 0.156434, 0.987688, 120, 120, 100, 1, 0, 0, 7, 10),
    (@LOVE_IS_IN_THE_AIR_GGUID+157, 181018, 1, 1915.48, -4252.46, 50.5299, 4.7822, 0, 0, -0.681998, 0.731354, 120, 120, 100, 1, 0, 0, 7, 10),
    (@LOVE_IS_IN_THE_AIR_GGUID+158, 181018, 1, 1919.7, -4582.7, 41.1832, 5.96903, 0, 0, -0.156434, 0.987688, 120, 120, 100, 1, 0, 0, 7, 10),
    (@LOVE_IS_IN_THE_AIR_GGUID+159, 181018, 1, 1928.96, -4584.59, 41.3925, 3.03684, 0, 0, 0.998629, 0.0523532, 120, 120, 100, 1, 0, 0, 7, 10),
    (@LOVE_IS_IN_THE_AIR_GGUID+160, 181018, 1, 1941.74, -4251.02, 50.9597, 4.60767, 0, 0, -0.743144, 0.669131, 120, 120, 100, 1, 0, 0, 7, 10),
    (@LOVE_IS_IN_THE_AIR_GGUID+161, 181018, 1, 1956.05, -4361.1, 33.1505, 3.4034, 0, 0, -0.991445, 0.130528, 120, 120, 100, 1, 0, 0, 7, 10),
    (@LOVE_IS_IN_THE_AIR_GGUID+162, 181018, 1, 2011.81, -4645.75, 36.5273, 3.7001, 0, 0, -0.961261, 0.27564, 120, 120, 100, 1, 0, 0, 7, 10),
    (@LOVE_IS_IN_THE_AIR_GGUID+163, 181018, 1, 2030.91, -4657.26, 37.322, 4.76475, 0, 0, -0.688354, 0.725374, 120, 120, 100, 1, 0, 0, 7, 10),
    (@LOVE_IS_IN_THE_AIR_GGUID+164, 181018, 1, 2052.84, -4818.59, 28.2096, 1.8675, 0, 0, 0.803857, 0.594823, 120, 120, 100, 1, 0, 0, 7, 10),
    (@LOVE_IS_IN_THE_AIR_GGUID+165, 181018, 1, 2071.97, -4828.26, 27.8896, 0.698131, 0, 0, 0.34202, 0.939693, 120, 120, 100, 1, 0, 0, 7, 10),
    (@LOVE_IS_IN_THE_AIR_GGUID+166, 181019, 0, -8933.17, 629.211, 100.613, 0.0174525, 0, 0, 0.00872612, 0.999962, 120, 120, 100, 1, 0, 0, 7, 10),
    (@LOVE_IS_IN_THE_AIR_GGUID+167, 181019, 0, -8920.66, 606.056, 100.606, 1.0472, 0, 0, 0.5, 0.866025, 120, 120, 100, 1, 0, 0, 7, 10),
    (@LOVE_IS_IN_THE_AIR_GGUID+168, 181019, 0, -8919.73, 636.243, 100.627, 4.20625, 0, 0, -0.861629, 0.507539, 120, 120, 100, 1, 0, 0, 7, 10),
    (@LOVE_IS_IN_THE_AIR_GGUID+169, 181019, 0, -8907.3, 613.16, 100.627, 3.38594, 0, 0, -0.992546, 0.12187, 120, 120, 100, 1, 0, 0, 7, 10),
    (@LOVE_IS_IN_THE_AIR_GGUID+170, 181019, 0, -8856.15, 671.781, 98.8406, 5.96903, 0, 0, -0.156434, 0.987688, 120, 120, 100, 1, 0, 0, 7, 10),
    (@LOVE_IS_IN_THE_AIR_GGUID+171, 181019, 0, -4905.37, -979.254, 503.518, 5.74214, 0, 0, -0.267238, 0.963631, 120, 120, 100, 1, 0, 0, 7, 10),
    (@LOVE_IS_IN_THE_AIR_GGUID+172, 181019, 0, -4900.67, -975.41, 503.491, 2.70526, 0, 0, 0.976295, 0.216442, 120, 120, 100, 1, 0, 0, 7, 10),
    (@LOVE_IS_IN_THE_AIR_GGUID+173, 181019, 0, -4899.35, -1004.48, 504.758, 5.60251, 0, 0, -0.333807, 0.942641, 120, 120, 100, 1, 0, 0, 7, 10),
    (@LOVE_IS_IN_THE_AIR_GGUID+174, 181019, 0, -4895.29, -1001.13, 504.758, 3.26377, 0, 0, -0.998135, 0.0610518, 120, 120, 100, 1, 0, 0, 7, 10),
    (@LOVE_IS_IN_THE_AIR_GGUID+175, 181019, 0, -4890.23, -996.799, 504.758, 0.418879, 0, 0, 0.207911, 0.978148, 120, 120, 100, 1, 0, 0, 7, 10),
    (@LOVE_IS_IN_THE_AIR_GGUID+176, 181019, 0, -4886.38, -993.683, 504.758, 2.32129, 0, 0, 0.91706, 0.39875, 120, 120, 100, 1, 0, 0, 7, 10),
    (@LOVE_IS_IN_THE_AIR_GGUID+177, 181019, 0, -4881.06, -989.323, 504.758, 5.25344, 0, 0, -0.492423, 0.870356, 120, 120, 100, 1, 0, 0, 7, 10),
    (@LOVE_IS_IN_THE_AIR_GGUID+178, 181019, 0, -4877.42, -986.308, 504.758, 5.70723, 0, 0, -0.284015, 0.95882, 120, 120, 100, 1, 0, 0, 7, 10),
    (@LOVE_IS_IN_THE_AIR_GGUID+179, 181019, 0, -4846.32, -864.108, 502.844, 5.48033, 0, 0, -0.390731, 0.920505, 120, 120, 100, 1, 0, 0, 7, 10),
    (@LOVE_IS_IN_THE_AIR_GGUID+180, 181019, 0, -4837.51, -865.437, 502.851, 0.855211, 0, 0, 0.414693, 0.909961, 120, 120, 100, 1, 0, 0, 7, 10),
    (@LOVE_IS_IN_THE_AIR_GGUID+181, 181019, 0, 1586.32, 277.428, -54.2526, 1.13446, 0, 0, 0.537299, 0.843392, 120, 120, 100, 1, 0, 0, 7, 10),
    (@LOVE_IS_IN_THE_AIR_GGUID+182, 181019, 0, 1590.35, 206.828, -54.2666, 2.91469, 0, 0, 0.993571, 0.113208, 120, 120, 100, 1, 0, 0, 7, 10),
    (@LOVE_IS_IN_THE_AIR_GGUID+183, 181019, 0, 1605.69, 276.238, -54.2526, 6.00393, 0, 0, -0.139173, 0.990268, 120, 120, 100, 1, 0, 0, 7, 10),
    (@LOVE_IS_IN_THE_AIR_GGUID+184, 181019, 0, 1682.74, 246.803, -41.2577, 0.0698117, 0, 0, 0.0348988, 0.999391, 120, 120, 100, 1, 0, 0, 7, 10),
    (@LOVE_IS_IN_THE_AIR_GGUID+185, 181019, 0, 1682.87, 232.56, -41.257, 2.16421, 0, 0, 0.882947, 0.469473, 120, 120, 100, 1, 0, 0, 7, 10),
    (@LOVE_IS_IN_THE_AIR_GGUID+186, 181019, 0, 1690.85, 246.782, -41.2577, 1.09956, 0, 0, 0.522498, 0.85264, 120, 120, 100, 1, 0, 0, 7, 10),
    (@LOVE_IS_IN_THE_AIR_GGUID+187, 181019, 0, 1691.12, 232.09, -41.2572, 2.44346, 0, 0, 0.939692, 0.34202, 120, 120, 100, 1, 0, 0, 7, 10),
    (@LOVE_IS_IN_THE_AIR_GGUID+188, 181019, 0, 1701.35, 237.729, -41.5009, 2.1293, 0, 0, 0.874619, 0.48481, 120, 120, 100, 1, 0, 0, 7, 10),
    (@LOVE_IS_IN_THE_AIR_GGUID+189, 181019, 0, 1701.38, 241.146, -41.5217, 1.309, 0, 0, 0.608761, 0.793354, 120, 120, 100, 1, 0, 0, 7, 10),
    (@LOVE_IS_IN_THE_AIR_GGUID+190, 181019, 0, 1701.99, 232.31, -41.2565, 3.15906, 0, 0, -0.999962, 0.00873464, 120, 120, 100, 1, 0, 0, 7, 10),
    (@LOVE_IS_IN_THE_AIR_GGUID+191, 181019, 0, 1702.21, 246.72, -41.2573, 0.226892, 0, 0, 0.113203, 0.993572, 120, 120, 100, 1, 0, 0, 7, 10),
    (@LOVE_IS_IN_THE_AIR_GGUID+192, 181019, 0, 1708.3, 231.784, -41.2571, 1.67551, 0, 0, 0.743144, 0.669131, 120, 120, 100, 1, 0, 0, 7, 10),
    (@LOVE_IS_IN_THE_AIR_GGUID+193, 181019, 0, 1709.12, 246.94, -41.2577, 4.88692, 0, 0, -0.642787, 0.766045, 120, 120, 100, 1, 0, 0, 7, 10),
    (@LOVE_IS_IN_THE_AIR_GGUID+194, 181019, 0, 1715.13, 232.002, -41.266, 4.72984, 0, 0, -0.700909, 0.713251, 120, 120, 100, 1, 0, 0, 7, 10),
    (@LOVE_IS_IN_THE_AIR_GGUID+195, 181019, 0, 1715.21, 246.746, -41.2577, 2.18166, 0, 0, 0.887011, 0.461749, 120, 120, 100, 1, 0, 0, 7, 10),
    (@LOVE_IS_IN_THE_AIR_GGUID+196, 181019, 1, -1290.56, 49.203, 138.795, 4.5204, 0, 0, -0.771625, 0.636078, 120, 120, 100, 1, 0, 0, 7, 10),
    (@LOVE_IS_IN_THE_AIR_GGUID+197, 181019, 1, 1639.59, -4445.7, 16.3232, 4.92183, 0, 0, -0.62932, 0.777146, 120, 120, 100, 1, 0, 0, 7, 10),
    (@LOVE_IS_IN_THE_AIR_GGUID+198, 181019, 1, 1640.67, -4445.25, 16.3232, 0.715585, 0, 0, 0.350207, 0.936672, 120, 120, 100, 1, 0, 0, 7, 10),
    (@LOVE_IS_IN_THE_AIR_GGUID+199, 181019, 1, 10129.6, 2220.79, 1330.94, 2.9496, 0, 0, 0.995396, 0.0958512, 120, 120, 100, 1, 0, 0, 7, 10),
    (@LOVE_IS_IN_THE_AIR_GGUID+200, 181019, 1, 10137.6, 2226.17, 1330.95, 0.279252, 0, 0, 0.139173, 0.990268, 120, 120, 100, 1, 0, 0, 7, 10),
    (@LOVE_IS_IN_THE_AIR_GGUID+201, 181019, 1, 10139.6, 2208.23, 1331.84, 4.55531, 0, 0, -0.760406, 0.649449, 120, 120, 100, 1, 0, 0, 7, 10),
    (@LOVE_IS_IN_THE_AIR_GGUID+202, 181019, 1, 10145, 2211.82, 1331.84, 4.59022, 0, 0, -0.748956, 0.66262, 120, 120, 100, 1, 0, 0, 7, 10),
    (@LOVE_IS_IN_THE_AIR_GGUID+203, 181020, 0, -8883.68, 758.493, 105.122, 5.37562, 0, 0, -0.438371, 0.898794, 120, 120, 100, 1, 0, 0, 7, 10),
    (@LOVE_IS_IN_THE_AIR_GGUID+204, 181020, 0, -8842.43, 716.519, 109.501, 2.02458, 0, 0, 0.848047, 0.529921, 120, 120, 100, 1, 0, 0, 7, 10),
    (@LOVE_IS_IN_THE_AIR_GGUID+205, 181020, 0, -8822.07, 652.003, 95.9321, 5.20108, 0, 0, -0.515038, 0.857168, 120, 120, 100, 1, 0, 0, 7, 10),
    (@LOVE_IS_IN_THE_AIR_GGUID+206, 181020, 0, -8811.8, 808.563, 110.495, 3.78737, 0, 0, -0.948323, 0.317306, 120, 120, 100, 1, 0, 0, 7, 10),
    (@LOVE_IS_IN_THE_AIR_GGUID+207, 181020, 0, -8811.44, 655.375, 97.0114, 4.46804, 0, 0, -0.788011, 0.615662, 120, 120, 100, 1, 0, 0, 7, 10),
    (@LOVE_IS_IN_THE_AIR_GGUID+208, 181020, 0, -8805.12, 868.183, 109.955, 2.18166, 0, 0, 0.887011, 0.461749, 120, 120, 100, 1, 0, 0, 7, 10),
    (@LOVE_IS_IN_THE_AIR_GGUID+209, 181020, 0, -8803.75, 653.544, 97.3249, 4.4855, 0, 0, -0.782608, 0.622515, 120, 120, 100, 1, 0, 0, 7, 10),
    (@LOVE_IS_IN_THE_AIR_GGUID+210, 181020, 0, -8772.35, 967.408, 113.837, 0.750491, 0, 0, 0.366501, 0.930418, 120, 120, 100, 1, 0, 0, 7, 10),
    (@LOVE_IS_IN_THE_AIR_GGUID+211, 181020, 0, -8743.36, 695.376, 110.7, 0.628317, 0, 0, 0.309016, 0.951057, 120, 120, 100, 1, 0, 0, 7, 10),
    (@LOVE_IS_IN_THE_AIR_GGUID+212, 181020, 0, -8740.8, 579.024, 109.82, 5.49779, 0, 0, -0.382683, 0.92388, 120, 120, 100, 1, 0, 0, 7, 10),
    (@LOVE_IS_IN_THE_AIR_GGUID+213, 181020, 0, -8736.05, 945.346, 113.195, 2.18166, 0, 0, 0.887011, 0.461749, 120, 120, 100, 1, 0, 0, 7, 10),
    (@LOVE_IS_IN_THE_AIR_GGUID+214, 181020, 0, -8719.57, 507.913, 107.537, 2.18166, 0, 0, 0.887011, 0.461749, 120, 120, 100, 1, 0, 0, 7, 10),
    (@LOVE_IS_IN_THE_AIR_GGUID+215, 181020, 0, -8665.59, 741.219, 108.801, 0.733038, 0, 0, 0.358368, 0.93358, 120, 120, 100, 1, 0, 0, 7, 10),
    (@LOVE_IS_IN_THE_AIR_GGUID+216, 181020, 0, -8656.22, 844.977, 108.954, 5.42797, 0, 0, -0.414693, 0.909961, 120, 120, 100, 1, 0, 0, 7, 10),
    (@LOVE_IS_IN_THE_AIR_GGUID+217, 181020, 0, -8612.71, 504.637, 115.304, 0.575957, 0, 0, 0.284015, 0.95882, 120, 120, 100, 1, 0, 0, 7, 10),
    (@LOVE_IS_IN_THE_AIR_GGUID+218, 181020, 0, -8588.41, 706.812, 108.989, 2.18166, 0, 0, 0.887011, 0.461749, 120, 120, 100, 1, 0, 0, 7, 10),
    (@LOVE_IS_IN_THE_AIR_GGUID+219, 181020, 0, -8511.38, 527.79, 110.699, 0.663223, 0, 0, 0.325567, 0.945519, 120, 120, 100, 1, 0, 0, 7, 10),
    (@LOVE_IS_IN_THE_AIR_GGUID+220, 181020, 0, -8468.74, 686.889, 110.725, 2.21657, 0, 0, 0.894934, 0.446199, 120, 120, 100, 1, 0, 0, 7, 10),
    (@LOVE_IS_IN_THE_AIR_GGUID+221, 181020, 1, -1423.93, -109.049, 167.31, 5.67232, 0, 0, -0.300705, 0.953717, 120, 120, 100, 1, 0, 0, 7, 10),
    (@LOVE_IS_IN_THE_AIR_GGUID+222, 181020, 1, -1248.75, -62.7547, 170.309, 0.087266, 0, 0, 0.0436192, 0.999048, 120, 120, 100, 1, 0, 0, 7, 10),
    (@LOVE_IS_IN_THE_AIR_GGUID+223, 181020, 1, -1204.61, 25.1163, 181.123, 0.750491, 0, 0, 0.366501, 0.930418, 120, 120, 100, 1, 0, 0, 7, 10),
    (@LOVE_IS_IN_THE_AIR_GGUID+224, 181020, 1, -1200.74, 40.0504, 180.859, 4.93928, 0, 0, -0.622514, 0.782609, 120, 120, 100, 1, 0, 0, 7, 10),
    (@LOVE_IS_IN_THE_AIR_GGUID+225, 181020, 1, -1192.92, 22.2192, 181.24, 1.90241, 0, 0, 0.814116, 0.580703, 120, 120, 100, 1, 0, 0, 7, 10),
    (@LOVE_IS_IN_THE_AIR_GGUID+226, 181020, 1, -1189.54, 36.9993, 180.617, 3.87463, 0, 0, -0.93358, 0.358368, 120, 120, 100, 1, 0, 0, 7, 10),
    (@LOVE_IS_IN_THE_AIR_GGUID+227, 181020, 1, -1175.14, -48.8111, 167.614, 3.07177, 0, 0, 0.999391, 0.0349061, 120, 120, 100, 1, 0, 0, 7, 10),
    (@LOVE_IS_IN_THE_AIR_GGUID+228, 181020, 1, -1146.22, 17.2813, 150.335, 0.488691, 0, 0, 0.241921, 0.970296, 120, 120, 100, 1, 0, 0, 7, 10),
    (@LOVE_IS_IN_THE_AIR_GGUID+229, 181020, 1, -1085.99, 5.73009, 147.634, 3.38594, 0, 0, -0.992546, 0.12187, 120, 120, 100, 1, 0, 0, 7, 10),
    (@LOVE_IS_IN_THE_AIR_GGUID+230, 181020, 1, -1057.54, -259.685, 168.674, 1.71042, 0, 0, 0.754709, 0.656059, 120, 120, 100, 1, 0, 0, 7, 10),
    (@LOVE_IS_IN_THE_AIR_GGUID+231, 181020, 1, 9695.81, 2338.86, 1340.98, 2.18166, 0, 0, 0.887011, 0.461749, 120, 120, 100, 1, 0, 0, 7, 10),
    (@LOVE_IS_IN_THE_AIR_GGUID+232, 181020, 1, 9696.47, 2532.07, 1339.74, 0, 0, 0, 0, 1, 120, 120, 100, 1, 0, 0, 7, 10),
    (@LOVE_IS_IN_THE_AIR_GGUID+233, 181020, 1, 9696.83, 2518.31, 1339.86, 0.0523589, 0, 0, 0.0261765, 0.999657, 120, 120, 100, 1, 0, 0, 7, 10),
    (@LOVE_IS_IN_THE_AIR_GGUID+234, 181020, 1, 9737.77, 2294.83, 1346.49, 5.58505, 0, 0, -0.34202, 0.939693, 120, 120, 100, 1, 0, 0, 7, 10),
    (@LOVE_IS_IN_THE_AIR_GGUID+235, 181020, 1, 9798.35, 2309.28, 1330.56, 4.41568, 0, 0, -0.803857, 0.594823, 120, 120, 100, 1, 0, 0, 7, 10),
    (@LOVE_IS_IN_THE_AIR_GGUID+236, 181020, 1, 9821.78, 2252.39, 1346.21, 6.03884, 0, 0, -0.121869, 0.992546, 120, 120, 100, 1, 0, 0, 7, 10),
    (@LOVE_IS_IN_THE_AIR_GGUID+237, 181020, 1, 9857.45, 2344.73, 1334.97, 2.89725, 0, 0, 0.992546, 0.12187, 120, 120, 100, 1, 0, 0, 7, 10),
    (@LOVE_IS_IN_THE_AIR_GGUID+238, 181020, 1, 10072.8, 2344.4, 1335.17, 5.55015, 0, 0, -0.358368, 0.93358, 120, 120, 100, 1, 0, 0, 7, 10),
    (@LOVE_IS_IN_THE_AIR_GGUID+239, 181020, 1, 10091.1, 2264.78, 1346.51, 0.471238, 0, 0, 0.233445, 0.97237, 120, 120, 100, 1, 0, 0, 7, 10),
    (@LOVE_IS_IN_THE_AIR_GGUID+240, 181020, 1, 10147.9, 2358.49, 1341.1, 1.309, 0, 0, 0.608761, 0.793354, 120, 120, 100, 1, 0, 0, 7, 10),
    (@LOVE_IS_IN_THE_AIR_GGUID+241, 181021, 0, -5013.39, -862.519, 524.679, 0.698131, 0, 0, 0.34202, 0.939693, 120, 120, 100, 1, 0, 0, 7, 10),
    (@LOVE_IS_IN_THE_AIR_GGUID+242, 181021, 0, -5003.33, -874.714, 524.838, 0.680677, 0, 0, 0.333806, 0.942642, 120, 120, 100, 1, 0, 0, 7, 10),
    (@LOVE_IS_IN_THE_AIR_GGUID+243, 181021, 0, -4994.78, -847.123, 524.522, 3.82227, 0, 0, -0.942641, 0.333808, 120, 120, 100, 1, 0, 0, 7, 10),
    (@LOVE_IS_IN_THE_AIR_GGUID+244, 181021, 0, -4993.28, -886.917, 524.6, 0.680677, 0, 0, 0.333806, 0.942642, 120, 120, 100, 1, 0, 0, 7, 10),
    (@LOVE_IS_IN_THE_AIR_GGUID+245, 181021, 0, -4984.71, -859.337, 524.799, 3.82227, 0, 0, -0.942641, 0.333808, 120, 120, 100, 1, 0, 0, 7, 10),
    (@LOVE_IS_IN_THE_AIR_GGUID+246, 181021, 0, -4974.65, -871.542, 524.529, 3.83973, 0, 0, -0.939692, 0.34202, 120, 120, 100, 1, 0, 0, 7, 10),
    (@LOVE_IS_IN_THE_AIR_GGUID+247, 181021, 0, -4641.6, -1178.9, 515.026, 4.2237, 0, 0, -0.857167, 0.515038, 120, 120, 100, 1, 0, 0, 7, 10),
    (@LOVE_IS_IN_THE_AIR_GGUID+248, 181021, 0, -4634.71, -1025.57, 514.933, 1.8675, 0, 0, 0.803857, 0.594823, 120, 120, 100, 1, 0, 0, 7, 10),
    (@LOVE_IS_IN_THE_AIR_GGUID+249, 181021, 1, -1277.65, 49.8685, 144.238, 0.558504, 0, 0, 0.275637, 0.961262, 120, 120, 100, 1, 0, 0, 7, 10),
    (@LOVE_IS_IN_THE_AIR_GGUID+250, 181021, 1, 1381.49, -4369.8, 52.8347, 3.28124, 0, 0, -0.997563, 0.0697661, 120, 120, 100, 1, 0, 0, 7, 10),
    (@LOVE_IS_IN_THE_AIR_GGUID+251, 181021, 1, 1484.87, -4416.72, 53.1904, 0.104719, 0, 0, 0.0523357, 0.99863, 120, 120, 100, 1, 0, 0, 7, 10),
    (@LOVE_IS_IN_THE_AIR_GGUID+252, 181021, 1, 1659.82, -4329.04, 75.2346, 2.68781, 0, 0, 0.97437, 0.224951, 120, 120, 100, 1, 0, 0, 7, 10),
    (@LOVE_IS_IN_THE_AIR_GGUID+253, 181021, 1, 1661.55, -4344.48, 75.2458, 3.7001, 0, 0, -0.961261, 0.27564, 120, 120, 100, 1, 0, 0, 7, 10),
    (@LOVE_IS_IN_THE_AIR_GGUID+254, 181021, 1, 1672.88, -4320.48, 74.9852, 1.64061, 0, 0, 0.731353, 0.681999, 120, 120, 100, 1, 0, 0, 7, 10),
    (@LOVE_IS_IN_THE_AIR_GGUID+255, 181021, 1, 1685.85, -4327.43, 74.8583, 0.698131, 0, 0, 0.34202, 0.939693, 120, 120, 100, 1, 0, 0, 7, 10),
    (@LOVE_IS_IN_THE_AIR_GGUID+256, 181021, 1, 1687.43, -4340.11, 74.9505, 5.79449, 0, 0, -0.241921, 0.970296, 120, 120, 100, 1, 0, 0, 7, 10),
    (@LOVE_IS_IN_THE_AIR_GGUID+257, 181021, 1, 1706.77, -3929.71, 71.8858, 5.2709, 0, 0, -0.484809, 0.87462, 120, 120, 100, 1, 0, 0, 7, 10),
    (@LOVE_IS_IN_THE_AIR_GGUID+258, 181021, 1, 9892.4, 2238.72, 1343.61, 6.19592, 0, 0, -0.0436192, 0.999048, 120, 120, 100, 1, 0, 0, 7, 10),
    (@LOVE_IS_IN_THE_AIR_GGUID+259, 181021, 1, 9892.59, 2223.51, 1343.63, 0.0174525, 0, 0, 0.00872612, 0.999962, 120, 120, 100, 1, 0, 0, 7, 10),
    (@LOVE_IS_IN_THE_AIR_GGUID+260, 181021, 1, 9893.36, 2207.54, 1343.76, 0.0349062, 0, 0, 0.0174522, 0.999848, 120, 120, 100, 1, 0, 0, 7, 10),
    (@LOVE_IS_IN_THE_AIR_GGUID+261, 181021, 1, 9985.94, 1978.34, 1352.14, 4.67748, 0, 0, -0.719339, 0.694659, 120, 120, 100, 1, 0, 0, 7, 10),
    (@LOVE_IS_IN_THE_AIR_GGUID+262, 181021, 1, 9986.28, 2022.9, 1351.84, 1.6057, 0, 0, 0.719339, 0.694659, 120, 120, 100, 1, 0, 0, 7, 10),
    (@LOVE_IS_IN_THE_AIR_GGUID+263, 181021, 1, 10013.6, 2242.08, 1343.91, 3.24635, 0, 0, -0.998629, 0.0523532, 120, 120, 100, 1, 0, 0, 7, 10),
    (@LOVE_IS_IN_THE_AIR_GGUID+264, 181021, 1, 10014, 2226.74, 1343.69, 3.15906, 0, 0, -0.999962, 0.00873464, 120, 120, 100, 1, 0, 0, 7, 10),
    (@LOVE_IS_IN_THE_AIR_GGUID+265, 181021, 1, 10014.4, 2211.14, 1343.83, 3.10665, 0, 0, 0.999847, 0.0174693, 120, 120, 100, 1, 0, 0, 7, 10),
    (@LOVE_IS_IN_THE_AIR_GGUID+266, 181022, 0, -8430.99, 596.351, 94.6203, 3.45576, 0, 0, -0.987688, 0.156436, 120, 120, 100, 1, 0, 0, 7, 10),
    (@LOVE_IS_IN_THE_AIR_GGUID+267, 181022, 1, 1858.83, -4514.74, 23.7042, 3.6652, 0, 0, -0.965925, 0.258821, 120, 120, 100, 1, 0, 0, 7, 10),
    (@LOVE_IS_IN_THE_AIR_GGUID+268, 181025, 0, -9085.24, 418.316, 121.565, 3.78737, 0, 0, -0.948323, 0.317306, 120, 120, 100, 1, 0, 0, 7, 10),
    (@LOVE_IS_IN_THE_AIR_GGUID+269, 181025, 0, -5003.48, -983.329, 510.498, 5.79449, 0, 0, -0.241921, 0.970296, 120, 120, 100, 1, 0, 0, 7, 10),
    (@LOVE_IS_IN_THE_AIR_GGUID+270, 181025, 0, -4971.15, -937.866, 510.349, 5.53269, 0, 0, -0.366501, 0.930418, 120, 120, 100, 1, 0, 0, 7, 10),
    (@LOVE_IS_IN_THE_AIR_GGUID+271, 181025, 0, -4959.71, -1172.35, 509.83, 3.7001, 0, 0, -0.961261, 0.27564, 120, 120, 100, 1, 0, 0, 7, 10),
    (@LOVE_IS_IN_THE_AIR_GGUID+272, 181025, 0, -4931.61, -1206.36, 509.64, 3.9619, 0, 0, -0.91706, 0.39875, 120, 120, 100, 1, 0, 0, 7, 10),
    (@LOVE_IS_IN_THE_AIR_GGUID+273, 181025, 0, -4928.49, -902.764, 510.451, 5.28835, 0, 0, -0.477159, 0.878817, 120, 120, 100, 1, 0, 0, 7, 10),
    (@LOVE_IS_IN_THE_AIR_GGUID+274, 181025, 0, -4878.06, -879.947, 510.242, 5.02655, 0, 0, -0.587785, 0.809017, 120, 120, 100, 1, 0, 0, 7, 10),
    (@LOVE_IS_IN_THE_AIR_GGUID+275, 181025, 0, -4720.98, -1235.2, 510.423, 2.1293, 0, 0, 0.874619, 0.48481, 120, 120, 100, 1, 0, 0, 7, 10),
    (@LOVE_IS_IN_THE_AIR_GGUID+276, 181025, 0, -4700.94, -958.901, 510.295, 0.820303, 0, 0, 0.398748, 0.91706, 120, 120, 100, 1, 0, 0, 7, 10),
    (@LOVE_IS_IN_THE_AIR_GGUID+277, 181025, 0, -4684.72, -1205.31, 510.45, 2.35619, 0, 0, 0.92388, 0.382683, 120, 120, 100, 1, 0, 0, 7, 10),
    (@LOVE_IS_IN_THE_AIR_GGUID+278, 181025, 0, -4672.9, -992.939, 510.192, 0.575957, 0, 0, 0.284015, 0.95882, 120, 120, 100, 1, 0, 0, 7, 10),
    (@LOVE_IS_IN_THE_AIR_GGUID+279, 181025, 0, 1408.34, 241.411, -50.6636, 0.0174525, 0, 0, 0.00872612, 0.999962, 120, 120, 100, 1, 0, 0, 7, 10),
    (@LOVE_IS_IN_THE_AIR_GGUID+280, 181025, 0, 1594.39, 52.9281, -50.7143, 1.5708, 0, 0, 0.707107, 0.707107, 120, 120, 100, 1, 0, 0, 7, 10),
    (@LOVE_IS_IN_THE_AIR_GGUID+281, 181025, 0, 1696.17, 524.719, -3.46358, 0.767944, 0, 0, 0.374606, 0.927184, 120, 120, 100, 1, 0, 0, 7, 10),
    (@LOVE_IS_IN_THE_AIR_GGUID+282, 181025, 0, 1702.95, 531.196, -3.75742, 3.87463, 0, 0, -0.93358, 0.358368, 120, 120, 100, 1, 0, 0, 7, 10),
    (@LOVE_IS_IN_THE_AIR_GGUID+283, 181025, 0, 1719.17, 239.088, -24.511, 0, 0, 0, 0, 1, 120, 120, 100, 1, 0, 0, 7, 10),
    (@LOVE_IS_IN_THE_AIR_GGUID+284, 181025, 0, 1783.2, 237.736, -50.6241, 3.15906, 0, 0, -0.999962, 0.00873464, 120, 120, 100, 1, 0, 0, 7, 10),
    (@LOVE_IS_IN_THE_AIR_GGUID+285, 181025, 1, 9906.45, 2306.75, 1340.89, 1.55334, 0, 0, 0.700909, 0.713251, 120, 120, 100, 1, 0, 0, 7, 10),
    (@LOVE_IS_IN_THE_AIR_GGUID+286, 181025, 1, 9995.74, 2309.05, 1340.94, 1.74533, 0, 0, 0.766044, 0.642789, 120, 120, 100, 1, 0, 0, 7, 10),
    (@LOVE_IS_IN_THE_AIR_GGUID+287, 181027, 0, -8539.9, 675.413, 95.4741, 4.57276, 0, 0, -0.754709, 0.656059, 120, 120, 100, 1, 0, 0, 7, 10),
    (@LOVE_IS_IN_THE_AIR_GGUID+288, 181027, 0, -8534.7, 668.871, 95.4741, 2.63544, 0, 0, 0.968147, 0.250381, 120, 120, 100, 1, 0, 0, 7, 10),
    (@LOVE_IS_IN_THE_AIR_GGUID+289, 181027, 0, -8528.46, 661.014, 95.4741, 4.71239, 0, 0, -0.707107, 0.707107, 120, 120, 100, 1, 0, 0, 7, 10),
    (@LOVE_IS_IN_THE_AIR_GGUID+290, 181027, 0, -8523.59, 653.759, 95.4741, 2.35619, 0, 0, 0.92388, 0.382683, 120, 120, 100, 1, 0, 0, 7, 10),
    (@LOVE_IS_IN_THE_AIR_GGUID+291, 181027, 0, -8522.51, 686.572, 95.4741, 3.49067, 0, 0, -0.984807, 0.173652, 120, 120, 100, 1, 0, 0, 7, 10),
    (@LOVE_IS_IN_THE_AIR_GGUID+292, 181027, 0, -8519.82, 680.901, 95.4741, 6.21337, 0, 0, -0.0348988, 0.999391, 120, 120, 100, 1, 0, 0, 7, 10),
    (@LOVE_IS_IN_THE_AIR_GGUID+293, 181027, 0, -8513.91, 672.697, 95.4741, 4.86947, 0, 0, -0.649447, 0.760406, 120, 120, 100, 1, 0, 0, 7, 10),
    (@LOVE_IS_IN_THE_AIR_GGUID+294, 181027, 0, -8508.91, 684.543, 95.4741, 2.30383, 0, 0, 0.913545, 0.406738, 120, 120, 100, 1, 0, 0, 7, 10),
    (@LOVE_IS_IN_THE_AIR_GGUID+295, 181027, 0, -8508.7, 665.687, 95.4741, 1.95477, 0, 0, 0.829038, 0.559193, 120, 120, 100, 1, 0, 0, 7, 10),
    (@LOVE_IS_IN_THE_AIR_GGUID+296, 181027, 0, -8503.91, 690.442, 95.4741, 5.25344, 0, 0, -0.492423, 0.870356, 120, 120, 100, 1, 0, 0, 7, 10),
    (@LOVE_IS_IN_THE_AIR_GGUID+297, 181027, 0, -8492.7, 700.762, 95.4741, 5.75959, 0, 0, -0.258819, 0.965926, 120, 120, 100, 1, 0, 0, 7, 10),
    (@LOVE_IS_IN_THE_AIR_GGUID+298, 181027, 0, -8481.46, 710.801, 95.4741, 3.61284, 0, 0, -0.972369, 0.233448, 120, 120, 100, 1, 0, 0, 7, 10),
    (@LOVE_IS_IN_THE_AIR_GGUID+299, 181027, 0, 1438, 242.31, -64.4785, 3.97935, 0, 0, -0.913545, 0.406738, 120, 120, 100, 1, 0, 0, 7, 10),
    (@LOVE_IS_IN_THE_AIR_GGUID+300, 181027, 0, 1442.43, 201.785, -64.4785, 4.66003, 0, 0, -0.725374, 0.688355, 120, 120, 100, 1, 0, 0, 7, 10),
    (@LOVE_IS_IN_THE_AIR_GGUID+301, 181027, 0, 1443.8, 285.548, -64.4785, 3.99681, 0, 0, -0.909961, 0.414694, 120, 120, 100, 1, 0, 0, 7, 10),
    (@LOVE_IS_IN_THE_AIR_GGUID+302, 181027, 0, 1458.7, 160.822, -64.4785, 3.85718, 0, 0, -0.936671, 0.35021, 120, 120, 100, 1, 0, 0, 7, 10),
    (@LOVE_IS_IN_THE_AIR_GGUID+303, 181027, 0, 1459.6, 319.881, -64.4785, 1.29154, 0, 0, 0.601814, 0.798636, 120, 120, 100, 1, 0, 0, 7, 10),
    (@LOVE_IS_IN_THE_AIR_GGUID+304, 181027, 0, 1481.61, 127.706, -64.4785, 1.309, 0, 0, 0.608761, 0.793354, 120, 120, 100, 1, 0, 0, 7, 10),
    (@LOVE_IS_IN_THE_AIR_GGUID+305, 181027, 0, 1485.2, 352.151, -64.4785, 1.48353, 0, 0, 0.67559, 0.737278, 120, 120, 100, 1, 0, 0, 7, 10),
    (@LOVE_IS_IN_THE_AIR_GGUID+306, 181027, 0, 1515.95, 104.481, -64.4785, 0.453785, 0, 0, 0.224951, 0.97437, 120, 120, 100, 1, 0, 0, 7, 10),
    (@LOVE_IS_IN_THE_AIR_GGUID+307, 181027, 0, 1521.35, 379.553, -64.4785, 0.296705, 0, 0, 0.147809, 0.989016, 120, 120, 100, 1, 0, 0, 7, 10),
    (@LOVE_IS_IN_THE_AIR_GGUID+308, 181027, 0, 1553.21, 89.4006, -64.4785, 3.76991, 0, 0, -0.951056, 0.309017, 120, 120, 100, 1, 0, 0, 7, 10),
    (@LOVE_IS_IN_THE_AIR_GGUID+309, 181027, 0, 1558.55, 393.236, -64.4785, 4.2237, 0, 0, -0.857167, 0.515038, 120, 120, 100, 1, 0, 0, 7, 10),
    (@LOVE_IS_IN_THE_AIR_GGUID+310, 181027, 0, 1581.26, 208.777, -64.4785, 5.61996, 0, 0, -0.325567, 0.945519, 120, 120, 100, 1, 0, 0, 7, 10),
    (@LOVE_IS_IN_THE_AIR_GGUID+311, 181027, 0, 1582.82, 270.919, -64.4785, 1.18682, 0, 0, 0.559193, 0.829038, 120, 120, 100, 1, 0, 0, 7, 10),
    (@LOVE_IS_IN_THE_AIR_GGUID+312, 181027, 0, 1595.46, 82.8779, -64.4785, 6.10865, 0, 0, -0.0871553, 0.996195, 120, 120, 100, 1, 0, 0, 7, 10),
    (@LOVE_IS_IN_THE_AIR_GGUID+313, 181027, 0, 1596.63, 397.226, -64.4785, 5.93412, 0, 0, -0.173648, 0.984808, 120, 120, 100, 1, 0, 0, 7, 10),
    (@LOVE_IS_IN_THE_AIR_GGUID+314, 181027, 0, 1609.73, 208.739, -64.4785, 4.99164, 0, 0, -0.601814, 0.798636, 120, 120, 100, 1, 0, 0, 7, 10),
    (@LOVE_IS_IN_THE_AIR_GGUID+315, 181027, 0, 1611.55, 269.952, -64.4785, 3.75246, 0, 0, -0.953716, 0.300708, 120, 120, 100, 1, 0, 0, 7, 10),
    (@LOVE_IS_IN_THE_AIR_GGUID+316, 181027, 0, 1634.06, 90.87, -64.4785, 2.23402, 0, 0, 0.898793, 0.438373, 120, 120, 100, 1, 0, 0, 7, 10),
    (@LOVE_IS_IN_THE_AIR_GGUID+317, 181027, 0, 1636.53, 389.252, -64.4785, 0.383971, 0, 0, 0.190808, 0.981627, 120, 120, 100, 1, 0, 0, 7, 10),
    (@LOVE_IS_IN_THE_AIR_GGUID+318, 181027, 0, 1672.13, 101.345, -64.4785, 5.02655, 0, 0, -0.587785, 0.809017, 120, 120, 100, 1, 0, 0, 7, 10),
    (@LOVE_IS_IN_THE_AIR_GGUID+319, 181027, 0, 1680.95, 370.951, -64.4785, 0.90757, 0, 0, 0.438371, 0.898794, 120, 120, 100, 1, 0, 0, 7, 10),
    (@LOVE_IS_IN_THE_AIR_GGUID+320, 181027, 0, 1704.93, 125.161, -64.4785, 4.18879, 0, 0, -0.866025, 0.500001, 120, 120, 100, 1, 0, 0, 7, 10),
    (@LOVE_IS_IN_THE_AIR_GGUID+321, 181027, 0, 1720.83, 336.018, -64.4785, 0.645772, 0, 0, 0.317305, 0.948324, 120, 120, 100, 1, 0, 0, 7, 10),
    (@LOVE_IS_IN_THE_AIR_GGUID+322, 181027, 0, 1731.75, 160.798, -64.4785, 4.59022, 0, 0, -0.748956, 0.66262, 120, 120, 100, 1, 0, 0, 7, 10),
    (@LOVE_IS_IN_THE_AIR_GGUID+323, 181027, 0, 1747.87, 199.132, -64.4785, 3.71755, 0, 0, -0.958819, 0.284016, 120, 120, 100, 1, 0, 0, 7, 10),
    (@LOVE_IS_IN_THE_AIR_GGUID+324, 181027, 0, 1748.11, 280.002, -64.4785, 0.802851, 0, 0, 0.390731, 0.920505, 120, 120, 100, 1, 0, 0, 7, 10),
    (@LOVE_IS_IN_THE_AIR_GGUID+325, 181027, 0, 1752.5, 239.586, -64.4785, 4.24115, 0, 0, -0.85264, 0.522499, 120, 120, 100, 1, 0, 0, 7, 10),
    (@LOVE_IS_IN_THE_AIR_GGUID+326, 181027, 1, -1266.06, 100.961, 127.886, 5.09636, 0, 0, -0.559193, 0.829038, 120, 120, 100, 1, 0, 0, 7, 10),
    (@LOVE_IS_IN_THE_AIR_GGUID+327, 181027, 1, -1261.52, 94.5747, 127.886, 0.872664, 0, 0, 0.422618, 0.906308, 120, 120, 100, 1, 0, 0, 7, 10),
    (@LOVE_IS_IN_THE_AIR_GGUID+328, 181027, 1, -1256.94, 101.069, 127.886, 2.19911, 0, 0, 0.891006, 0.453991, 120, 120, 100, 1, 0, 0, 7, 10),
    (@LOVE_IS_IN_THE_AIR_GGUID+329, 181027, 1, 1452.01, -4164.02, 40.0391, 4.59022, 0, 0, -0.748956, 0.66262, 120, 120, 100, 1, 0, 0, 7, 10),
    (@LOVE_IS_IN_THE_AIR_GGUID+330, 181027, 1, 1458.7, -4193.36, 40.0391, 1.55334, 0, 0, 0.700909, 0.713251, 120, 120, 100, 1, 0, 0, 7, 10),
    (@LOVE_IS_IN_THE_AIR_GGUID+331, 181027, 1, 1489.18, -4176.73, 40.0391, 1.0472, 0, 0, 0.5, 0.866025, 120, 120, 100, 1, 0, 0, 7, 10),
    (@LOVE_IS_IN_THE_AIR_GGUID+332, 181027, 1, 1505.88, -4204.14, 40.0391, 0.261798, 0, 0, 0.130526, 0.991445, 120, 120, 100, 1, 0, 0, 7, 10),
    (@LOVE_IS_IN_THE_AIR_GGUID+333, 181027, 1, 1519.75, -4197.81, 40.0391, 0.314158, 0, 0, 0.156434, 0.987688, 120, 120, 100, 1, 0, 0, 7, 10),
    (@LOVE_IS_IN_THE_AIR_GGUID+334, 181027, 1, 1527.36, -4174.78, 40.0391, 5.28835, 0, 0, -0.477159, 0.878817, 120, 120, 100, 1, 0, 0, 7, 10),
    (@LOVE_IS_IN_THE_AIR_GGUID+335, 181027, 1, 1961.35, -4645.08, 24.5558, 5.75959, 0, 0, -0.258819, 0.965926, 120, 120, 100, 1, 0, 0, 7, 10),
    (@LOVE_IS_IN_THE_AIR_GGUID+336, 181027, 1, 1967.51, -4664.97, 24.5558, 1.18682, 0, 0, 0.559193, 0.829038, 120, 120, 100, 1, 0, 0, 7, 10),
    (@LOVE_IS_IN_THE_AIR_GGUID+337, 181027, 1, 1987.8, -4625.01, 24.5558, 2.44346, 0, 0, 0.939692, 0.34202, 120, 120, 100, 1, 0, 0, 7, 10),
    (@LOVE_IS_IN_THE_AIR_GGUID+338, 181027, 1, 1993.21, -4673.66, 24.5558, 2.32129, 0, 0, 0.91706, 0.39875, 120, 120, 100, 1, 0, 0, 7, 10),
    (@LOVE_IS_IN_THE_AIR_GGUID+339, 181027, 1, 9686.7, 2619.66, 1313.66, 3.26377, 0, 0, -0.998135, 0.0610518, 120, 120, 100, 1, 0, 0, 7, 10),
    (@LOVE_IS_IN_THE_AIR_GGUID+340, 181027, 1, 9713.11, 2608.23, 1313.66, 0.698131, 0, 0, 0.34202, 0.939693, 120, 120, 100, 1, 0, 0, 7, 10),
    (@LOVE_IS_IN_THE_AIR_GGUID+341, 181027, 1, 9715.96, 2650.02, 1313.66, 4.45059, 0, 0, -0.793353, 0.608762, 120, 120, 100, 1, 0, 0, 7, 10),
    (@LOVE_IS_IN_THE_AIR_GGUID+342, 181027, 1, 9722.1, 2587.24, 1313.66, 4.64258, 0, 0, -0.731354, 0.681998, 120, 120, 100, 1, 0, 0, 7, 10),
    (@LOVE_IS_IN_THE_AIR_GGUID+343, 181027, 1, 9750.32, 2472.94, 1313.66, 0.942477, 0, 0, 0.45399, 0.891007, 120, 120, 100, 1, 0, 0, 7, 10),
    (@LOVE_IS_IN_THE_AIR_GGUID+344, 181027, 1, 9753.91, 2584.86, 1313.66, 5.81195, 0, 0, -0.233445, 0.97237, 120, 120, 100, 1, 0, 0, 7, 10),
    (@LOVE_IS_IN_THE_AIR_GGUID+345, 181027, 1, 9782.26, 2386.59, 1313.66, 4.67748, 0, 0, -0.719339, 0.694659, 120, 120, 100, 1, 0, 0, 7, 10),
    (@LOVE_IS_IN_THE_AIR_GGUID+346, 181027, 1, 9784.71, 2649.15, 1313.66, 4.24115, 0, 0, -0.85264, 0.522499, 120, 120, 100, 1, 0, 0, 7, 10),
    (@LOVE_IS_IN_THE_AIR_GGUID+347, 181027, 1, 9785.54, 2582.46, 1313.66, 5.53269, 0, 0, -0.366501, 0.930418, 120, 120, 100, 1, 0, 0, 7, 10),
    (@LOVE_IS_IN_THE_AIR_GGUID+348, 181027, 1, 9785.84, 2616.44, 1313.66, 3.4383, 0, 0, -0.989016, 0.147811, 120, 120, 100, 1, 0, 0, 7, 10),
    (@LOVE_IS_IN_THE_AIR_GGUID+349, 181027, 1, 9791.89, 2515.96, 1313.66, 0.209439, 0, 0, 0.104528, 0.994522, 120, 120, 100, 1, 0, 0, 7, 10),
    (@LOVE_IS_IN_THE_AIR_GGUID+350, 181027, 1, 9791.98, 2452.62, 1313.66, 5.00909, 0, 0, -0.594823, 0.803857, 120, 120, 100, 1, 0, 0, 7, 10),
    (@LOVE_IS_IN_THE_AIR_GGUID+351, 181027, 1, 9791.99, 2473.6, 1313.66, 0.471238, 0, 0, 0.233445, 0.97237, 120, 120, 100, 1, 0, 0, 7, 10),
    (@LOVE_IS_IN_THE_AIR_GGUID+352, 181027, 1, 9813.96, 2555.76, 1313.66, 4.64258, 0, 0, -0.731354, 0.681998, 120, 120, 100, 1, 0, 0, 7, 10),
    (@LOVE_IS_IN_THE_AIR_GGUID+353, 181027, 1, 9814.59, 2612.67, 1313.66, 4.7473, 0, 0, -0.694658, 0.71934, 120, 120, 100, 1, 0, 0, 7, 10),
    (@LOVE_IS_IN_THE_AIR_GGUID+354, 181027, 1, 9816.61, 2485.6, 1313.66, 1.93731, 0, 0, 0.824125, 0.566408, 120, 120, 100, 1, 0, 0, 7, 10),
    (@LOVE_IS_IN_THE_AIR_GGUID+355, 181027, 1, 9816.98, 2516.38, 1313.66, 1.22173, 0, 0, 0.573576, 0.819152, 120, 120, 100, 1, 0, 0, 7, 10),
    (@LOVE_IS_IN_THE_AIR_GGUID+356, 181027, 1, 9817.47, 2450.54, 1313.66, 0.767944, 0, 0, 0.374606, 0.927184, 120, 120, 100, 1, 0, 0, 7, 10),
    (@LOVE_IS_IN_THE_AIR_GGUID+357, 181027, 1, 9819.46, 2391.37, 1313.66, 3.97935, 0, 0, -0.913545, 0.406738, 120, 120, 100, 1, 0, 0, 7, 10),
    (@LOVE_IS_IN_THE_AIR_GGUID+358, 181027, 1, 9820.88, 2653.01, 1313.66, 4.59022, 0, 0, -0.748956, 0.66262, 120, 120, 100, 1, 0, 0, 7, 10),
    (@LOVE_IS_IN_THE_AIR_GGUID+359, 181027, 1, 9823.38, 2416.88, 1313.66, 2.25147, 0, 0, 0.902585, 0.430512, 120, 120, 100, 1, 0, 0, 7, 10),
    (@LOVE_IS_IN_THE_AIR_GGUID+360, 181027, 1, 9848.24, 2479.29, 1313.66, 0.750491, 0, 0, 0.366501, 0.930418, 120, 120, 100, 1, 0, 0, 7, 10),
    (@LOVE_IS_IN_THE_AIR_GGUID+361, 181027, 1, 9849.22, 2418.98, 1313.66, 1.22173, 0, 0, 0.573576, 0.819152, 120, 120, 100, 1, 0, 0, 7, 10),
    (@LOVE_IS_IN_THE_AIR_GGUID+362, 181027, 1, 9853.22, 2517.56, 1313.66, 4.18879, 0, 0, -0.866025, 0.500001, 120, 120, 100, 1, 0, 0, 7, 10),
    (@LOVE_IS_IN_THE_AIR_GGUID+363, 181027, 1, 9854.16, 2651.85, 1313.66, 1.3439, 0, 0, 0.622514, 0.782609, 120, 120, 100, 1, 0, 0, 7, 10),
    (@LOVE_IS_IN_THE_AIR_GGUID+364, 181027, 1, 9855.38, 2594.17, 1313.66, 0.698131, 0, 0, 0.34202, 0.939693, 120, 120, 100, 1, 0, 0, 7, 10),
    (@LOVE_IS_IN_THE_AIR_GGUID+365, 181027, 1, 9855.78, 2612.98, 1313.66, 2.72271, 0, 0, 0.978148, 0.207912, 120, 120, 100, 1, 0, 0, 7, 10),
    (@LOVE_IS_IN_THE_AIR_GGUID+366, 181027, 1, 9879.48, 2611.53, 1313.66, 4.20625, 0, 0, -0.861629, 0.507539, 120, 120, 100, 1, 0, 0, 7, 10),
    (@LOVE_IS_IN_THE_AIR_GGUID+367, 181027, 1, 9880.62, 2653.09, 1313.66, 2.87979, 0, 0, 0.991445, 0.130528, 120, 120, 100, 1, 0, 0, 7, 10),
    (@LOVE_IS_IN_THE_AIR_GGUID+368, 181027, 1, 9884.55, 2517.38, 1313.66, 4.06662, 0, 0, -0.894934, 0.446199, 120, 120, 100, 1, 0, 0, 7, 10),
    (@LOVE_IS_IN_THE_AIR_GGUID+369, 181027, 1, 9885.83, 2408.99, 1313.66, 2.65289, 0, 0, 0.970295, 0.241925, 120, 120, 100, 1, 0, 0, 7, 10),
    (@LOVE_IS_IN_THE_AIR_GGUID+370, 181027, 1, 9887.99, 2548.04, 1313.66, 3.56047, 0, 0, -0.978148, 0.207912, 120, 120, 100, 1, 0, 0, 7, 10),
    (@LOVE_IS_IN_THE_AIR_GGUID+371, 181027, 1, 9888.75, 2392.52, 1313.66, 1.3439, 0, 0, 0.622514, 0.782609, 120, 120, 100, 1, 0, 0, 7, 10),
    (@LOVE_IS_IN_THE_AIR_GGUID+372, 181027, 1, 9910.92, 2589, 1313.66, 0.680677, 0, 0, 0.333806, 0.942642, 120, 120, 100, 1, 0, 0, 7, 10),
    (@LOVE_IS_IN_THE_AIR_GGUID+373, 181027, 1, 9916.01, 2481.23, 1313.66, 0.541051, 0, 0, 0.267238, 0.963631, 120, 120, 100, 1, 0, 0, 7, 10),
    (@LOVE_IS_IN_THE_AIR_GGUID+374, 181027, 1, 9916.19, 2415.84, 1313.66, 0.645772, 0, 0, 0.317305, 0.948324, 120, 120, 100, 1, 0, 0, 7, 10),
    (@LOVE_IS_IN_THE_AIR_GGUID+375, 181027, 1, 9921.48, 2386.86, 1313.66, 2.67035, 0, 0, 0.972369, 0.233448, 120, 120, 100, 1, 0, 0, 7, 10),
    (@LOVE_IS_IN_THE_AIR_GGUID+376, 181027, 1, 9923, 2450.67, 1313.66, 5.5676, 0, 0, -0.350207, 0.936672, 120, 120, 100, 1, 0, 0, 7, 10),
    (@LOVE_IS_IN_THE_AIR_GGUID+377, 181027, 1, 9950.99, 2441.91, 1313.66, 1.32645, 0, 0, 0.615661, 0.788011, 120, 120, 100, 1, 0, 0, 7, 10),
    (@LOVE_IS_IN_THE_AIR_GGUID+378, 181027, 1, 9951.83, 2377.67, 1313.66, 2.40855, 0, 0, 0.93358, 0.358368, 120, 120, 100, 1, 0, 0, 7, 10),
    (@LOVE_IS_IN_THE_AIR_GGUID+379, 181027, 1, 9982.73, 2383.53, 1313.66, 2.77507, 0, 0, 0.983254, 0.182238, 120, 120, 100, 1, 0, 0, 7, 10),
    (@LOVE_IS_IN_THE_AIR_GGUID+380, 181027, 1, 9985.42, 2477.57, 1313.66, 2.16421, 0, 0, 0.882947, 0.469473, 120, 120, 100, 1, 0, 0, 7, 10),
    (@LOVE_IS_IN_THE_AIR_GGUID+381, 181027, 1, 9987.97, 2582.2, 1313.66, 2.47837, 0, 0, 0.945518, 0.325568, 120, 120, 100, 1, 0, 0, 7, 10),
    (@LOVE_IS_IN_THE_AIR_GGUID+382, 181027, 1, 9988.74, 2449.6, 1313.66, 1.15192, 0, 0, 0.544639, 0.838671, 120, 120, 100, 1, 0, 0, 7, 10),
    (@LOVE_IS_IN_THE_AIR_GGUID+383, 181027, 1, 9990.15, 2556.42, 1313.66, 6.03884, 0, 0, -0.121869, 0.992546, 120, 120, 100, 1, 0, 0, 7, 10),
    (@LOVE_IS_IN_THE_AIR_GGUID+384, 181027, 1, 9992.48, 2419.78, 1313.66, 1.06465, 0, 0, 0.507538, 0.861629, 120, 120, 100, 1, 0, 0, 7, 10),
    (@LOVE_IS_IN_THE_AIR_GGUID+385, 181027, 1, 10015.5, 2398.33, 1313.66, 1.65806, 0, 0, 0.737277, 0.675591, 120, 120, 100, 1, 0, 0, 7, 10),
    (@LOVE_IS_IN_THE_AIR_GGUID+386, 181027, 1, 10016.5, 2549.55, 1313.66, 1.53589, 0, 0, 0.694658, 0.71934, 120, 120, 100, 1, 0, 0, 7, 10),
    (@LOVE_IS_IN_THE_AIR_GGUID+387, 181027, 1, 10016.9, 2522.34, 1313.66, 0.715585, 0, 0, 0.350207, 0.936672, 120, 120, 100, 1, 0, 0, 7, 10),
    (@LOVE_IS_IN_THE_AIR_GGUID+388, 181027, 1, 10017, 2582.8, 1313.66, 2.33874, 0, 0, 0.920505, 0.390732, 120, 120, 100, 1, 0, 0, 7, 10),
    (@LOVE_IS_IN_THE_AIR_GGUID+389, 181027, 1, 10017.7, 2611.61, 1313.66, 3.05433, 0, 0, 0.999048, 0.0436193, 120, 120, 100, 1, 0, 0, 7, 10),
    (@LOVE_IS_IN_THE_AIR_GGUID+390, 181027, 1, 10019.5, 2649.18, 1313.66, 5.044, 0, 0, -0.580703, 0.814116, 120, 120, 100, 1, 0, 0, 7, 10),
    (@LOVE_IS_IN_THE_AIR_GGUID+391, 181027, 1, 10020.8, 2461.28, 1313.66, 2.30383, 0, 0, 0.913545, 0.406738, 120, 120, 100, 1, 0, 0, 7, 10),
    (@LOVE_IS_IN_THE_AIR_GGUID+392, 181027, 1, 10023, 2351.21, 1313.66, 4.08407, 0, 0, -0.891006, 0.453991, 120, 120, 100, 1, 0, 0, 7, 10),
    (@LOVE_IS_IN_THE_AIR_GGUID+393, 181027, 1, 10039.7, 2546.71, 1313.66, 3.85718, 0, 0, -0.936671, 0.35021, 120, 120, 100, 1, 0, 0, 7, 10),
    (@LOVE_IS_IN_THE_AIR_GGUID+394, 181027, 1, 10040.2, 2582.51, 1313.66, 4.13643, 0, 0, -0.878817, 0.47716, 120, 120, 100, 1, 0, 0, 7, 10),
    (@LOVE_IS_IN_THE_AIR_GGUID+395, 181027, 1, 10040.3, 2614.06, 1313.66, 1.41372, 0, 0, 0.649447, 0.760406, 120, 120, 100, 1, 0, 0, 7, 10),
    (@LOVE_IS_IN_THE_AIR_GGUID+396, 181027, 1, 10043.9, 2380.27, 1313.66, 4.32842, 0, 0, -0.829037, 0.559194, 120, 120, 100, 1, 0, 0, 7, 10),
    (@LOVE_IS_IN_THE_AIR_GGUID+397, 181027, 1, 10047.5, 2525, 1313.66, 2.74016, 0, 0, 0.979924, 0.19937, 120, 120, 100, 1, 0, 0, 7, 10),
    (@LOVE_IS_IN_THE_AIR_GGUID+398, 181027, 1, 10050.3, 2459.01, 1313.66, 5.13127, 0, 0, -0.544639, 0.838671, 120, 120, 100, 1, 0, 0, 7, 10),
    (@LOVE_IS_IN_THE_AIR_GGUID+399, 181027, 1, 10056.5, 2424.05, 1313.66, 2.61799, 0, 0, 0.965925, 0.258821, 120, 120, 100, 1, 0, 0, 7, 10),
    (@LOVE_IS_IN_THE_AIR_GGUID+400, 181055, 0, -8862.35, 489.578, 122.263, 3.82227, 0, 0, -0.942641, 0.333808, 120, 120, 100, 1, 0, 0, 7, 10),
    (@LOVE_IS_IN_THE_AIR_GGUID+401, 181055, 0, -8845.92, 468.922, 122.352, 3.80482, 0, 0, -0.945518, 0.325568, 120, 120, 100, 1, 0, 0, 7, 10),
    (@LOVE_IS_IN_THE_AIR_GGUID+402, 181055, 1, 1588.31, -4108.94, 46.2348, 5.3058, 0, 0, -0.469471, 0.882948, 120, 120, 100, 1, 0, 0, 7, 10),
    (@LOVE_IS_IN_THE_AIR_GGUID+403, 181055, 1, 1928.31, -4248.18, 55.957, 4.79966, 0, 0, -0.67559, 0.737278, 120, 120, 100, 1, 0, 0, 7, 10),
    (@LOVE_IS_IN_THE_AIR_GGUID+404, 181055, 1, 1965.27, -4751.63, 70.7718, 1.97222, 0, 0, 0.833885, 0.551938, 120, 120, 100, 1, 0, 0, 7, 10),
    (@LOVE_IS_IN_THE_AIR_GGUID+405, 181055, 1, 2126.65, -4732.87, 60.9998, 2.61799, 0, 0, 0.965925, 0.258821, 120, 120, 100, 1, 0, 0, 7, 10),
    (@LOVE_IS_IN_THE_AIR_GGUID+406, 181055, 1, 9908.32, 2270.95, 1355.09, 4.72984, 0, 0, -0.700909, 0.713251, 120, 120, 100, 1, 0, 0, 7, 10),
    (@LOVE_IS_IN_THE_AIR_GGUID+407, 181055, 1, 9919.38, 2271.49, 1355.09, 4.7473, 0, 0, -0.694658, 0.71934, 120, 120, 100, 1, 0, 0, 7, 10),
    (@LOVE_IS_IN_THE_AIR_GGUID+408, 181055, 1, 9930.41, 2271.81, 1355.08, 4.72984, 0, 0, -0.700909, 0.713251, 120, 120, 100, 1, 0, 0, 7, 10),
    (@LOVE_IS_IN_THE_AIR_GGUID+409, 181055, 1, 9973.71, 2273.31, 1355.09, 4.7473, 0, 0, -0.694658, 0.71934, 120, 120, 100, 1, 0, 0, 7, 10),
    (@LOVE_IS_IN_THE_AIR_GGUID+410, 181055, 1, 9985.81, 2272.69, 1355, 4.69494, 0, 0, -0.71325, 0.70091, 120, 120, 100, 1, 0, 0, 7, 10),
    (@LOVE_IS_IN_THE_AIR_GGUID+411, 181055, 1, 9996.89, 2273.38, 1355.08, 4.72984, 0, 0, -0.700909, 0.713251, 120, 120, 100, 1, 0, 0, 7, 10),
    (@LOVE_IS_IN_THE_AIR_GGUID+412, 181055, 1, 10119.3, 2216.15, 1351.82, 2.16421, 0, 0, 0.882947, 0.469473, 120, 120, 100, 1, 0, 0, 7, 10),
    (@LOVE_IS_IN_THE_AIR_GGUID+413, 181055, 1, 10130.9, 2224.83, 1352.22, 2.21657, 0, 0, 0.894934, 0.446199, 120, 120, 100, 1, 0, 0, 7, 10),
    (@LOVE_IS_IN_THE_AIR_GGUID+414, 181055, 1, 10144.3, 2233.66, 1352.2, 2.16421, 0, 0, 0.882947, 0.469473, 120, 120, 100, 1, 0, 0, 7, 10),
    (@LOVE_IS_IN_THE_AIR_GGUID+415, 181060, 0, -8933.73, 628.958, 100.634, 2.00713, 0, 0, 0.843391, 0.5373, 120, 120, 100, 1, 0, 0, 7, 10),
    (@LOVE_IS_IN_THE_AIR_GGUID+416, 181060, 0, -8932.71, 629.542, 100.627, 5.95157, 0, 0, -0.165047, 0.986286, 120, 120, 100, 1, 0, 0, 7, 10),
    (@LOVE_IS_IN_THE_AIR_GGUID+417, 181060, 0, -8920.95, 605.589, 100.62, 4.64258, 0, 0, -0.731354, 0.681998, 120, 120, 100, 1, 0, 0, 7, 10),
    (@LOVE_IS_IN_THE_AIR_GGUID+418, 181060, 0, -8920.49, 636.273, 100.627, 3.68265, 0, 0, -0.96363, 0.267241, 120, 120, 100, 1, 0, 0, 7, 10),
    (@LOVE_IS_IN_THE_AIR_GGUID+419, 181060, 0, -8920.23, 606.277, 100.627, 4.39823, 0, 0, -0.809016, 0.587786, 120, 120, 100, 1, 0, 0, 7, 10),
    (@LOVE_IS_IN_THE_AIR_GGUID+420, 181060, 0, -8919.41, 636.825, 100.62, 0.0174525, 0, 0, 0.00872612, 0.999962, 120, 120, 100, 1, 0, 0, 7, 10),
    (@LOVE_IS_IN_THE_AIR_GGUID+421, 181060, 0, -8907.8, 612.974, 100.613, 3.61284, 0, 0, -0.972369, 0.233448, 120, 120, 100, 1, 0, 0, 7, 10),
    (@LOVE_IS_IN_THE_AIR_GGUID+422, 181060, 0, -8906.8, 613.516, 100.627, 4.95674, 0, 0, -0.615661, 0.788011, 120, 120, 100, 1, 0, 0, 7, 10),
    (@LOVE_IS_IN_THE_AIR_GGUID+423, 181060, 0, -8863.06, 649.095, 97.6071, 1.23918, 0, 0, 0.580703, 0.814116, 120, 120, 100, 1, 0, 0, 7, 10),
    (@LOVE_IS_IN_THE_AIR_GGUID+424, 181060, 0, -8862.92, 648.115, 97.5961, 3.08918, 0, 0, 0.999657, 0.0262016, 120, 120, 100, 1, 0, 0, 7, 10),
    (@LOVE_IS_IN_THE_AIR_GGUID+425, 181060, 0, -8862.61, 650.263, 97.6093, 3.15906, 0, 0, -0.999962, 0.00873464, 120, 120, 100, 1, 0, 0, 7, 10),
    (@LOVE_IS_IN_THE_AIR_GGUID+426, 181060, 0, -8862.32, 646.846, 97.6005, 2.82743, 0, 0, 0.987688, 0.156436, 120, 120, 100, 1, 0, 0, 7, 10),
    (@LOVE_IS_IN_THE_AIR_GGUID+427, 181060, 0, -8862.29, 651.178, 97.6053, 4.15388, 0, 0, -0.874619, 0.48481, 120, 120, 100, 1, 0, 0, 7, 10),
    (@LOVE_IS_IN_THE_AIR_GGUID+428, 181060, 0, -8861.47, 648.844, 99.5508, 3.49067, 0, 0, -0.984807, 0.173652, 120, 120, 100, 1, 0, 0, 7, 10),
    (@LOVE_IS_IN_THE_AIR_GGUID+429, 181060, 0, -8861.36, 645.959, 97.5999, 5.20108, 0, 0, -0.515038, 0.857168, 120, 120, 100, 1, 0, 0, 7, 10),
    (@LOVE_IS_IN_THE_AIR_GGUID+430, 181060, 0, -8861.33, 651.786, 97.6117, 2.72271, 0, 0, 0.978148, 0.207912, 120, 120, 100, 1, 0, 0, 7, 10),
    (@LOVE_IS_IN_THE_AIR_GGUID+431, 181060, 0, -8861.12, 649.861, 99.5508, 4.15388, 0, 0, -0.874619, 0.48481, 120, 120, 100, 1, 0, 0, 7, 10),
    (@LOVE_IS_IN_THE_AIR_GGUID+432, 181060, 0, -8861.11, 647.936, 99.5508, 2.14675, 0, 0, 0.878817, 0.47716, 120, 120, 100, 1, 0, 0, 7, 10),
    (@LOVE_IS_IN_THE_AIR_GGUID+433, 181060, 0, -8860.68, 652.186, 97.5913, 3.47321, 0, 0, -0.986285, 0.16505, 120, 120, 100, 1, 0, 0, 7, 10),
    (@LOVE_IS_IN_THE_AIR_GGUID+434, 181060, 0, -8860.51, 648.487, 100.919, 0.226892, 0, 0, 0.113203, 0.993572, 120, 120, 100, 1, 0, 0, 7, 10),
    (@LOVE_IS_IN_THE_AIR_GGUID+435, 181060, 0, -8860.49, 649.388, 100.919, 0.0174525, 0, 0, 0.00872612, 0.999962, 120, 120, 100, 1, 0, 0, 7, 10),
    (@LOVE_IS_IN_THE_AIR_GGUID+436, 181060, 0, -8860.32, 647.253, 99.5508, 5.11382, 0, 0, -0.551936, 0.833886, 120, 120, 100, 1, 0, 0, 7, 10),
    (@LOVE_IS_IN_THE_AIR_GGUID+437, 181060, 0, -8860.27, 650.596, 99.5508, 2.30383, 0, 0, 0.913545, 0.406738, 120, 120, 100, 1, 0, 0, 7, 10),
    (@LOVE_IS_IN_THE_AIR_GGUID+438, 181060, 0, -8860.19, 645.501, 97.5955, 3.63029, 0, 0, -0.970295, 0.241925, 120, 120, 100, 1, 0, 0, 7, 10),
    (@LOVE_IS_IN_THE_AIR_GGUID+439, 181060, 0, -8859.98, 649.945, 100.919, 1.58825, 0, 0, 0.71325, 0.70091, 120, 120, 100, 1, 0, 0, 7, 10),
    (@LOVE_IS_IN_THE_AIR_GGUID+440, 181060, 0, -8859.86, 647.929, 100.919, 0.977383, 0, 0, 0.469471, 0.882948, 120, 120, 100, 1, 0, 0, 7, 10),
    (@LOVE_IS_IN_THE_AIR_GGUID+441, 181060, 0, -8859.7, 652.545, 97.6087, 1.62316, 0, 0, 0.725374, 0.688355, 120, 120, 100, 1, 0, 0, 7, 10),
    (@LOVE_IS_IN_THE_AIR_GGUID+442, 181060, 0, -8859.47, 646.978, 99.5508, 4.5204, 0, 0, -0.771625, 0.636078, 120, 120, 100, 1, 0, 0, 7, 10),
    (@LOVE_IS_IN_THE_AIR_GGUID+443, 181060, 0, -8859.13, 650.743, 99.5508, 1.46608, 0, 0, 0.66913, 0.743145, 120, 120, 100, 1, 0, 0, 7, 10),
    (@LOVE_IS_IN_THE_AIR_GGUID+444, 181060, 0, -8859.11, 649.941, 100.919, 1.44862, 0, 0, 0.66262, 0.748956, 120, 120, 100, 1, 0, 0, 7, 10),
    (@LOVE_IS_IN_THE_AIR_GGUID+445, 181060, 0, -8859.06, 647.953, 100.919, 4.03171, 0, 0, -0.902585, 0.430512, 120, 120, 100, 1, 0, 0, 7, 10),
    (@LOVE_IS_IN_THE_AIR_GGUID+446, 181060, 0, -8858.82, 645.576, 97.6209, 5.18363, 0, 0, -0.522498, 0.85264, 120, 120, 100, 1, 0, 0, 7, 10),
    (@LOVE_IS_IN_THE_AIR_GGUID+447, 181060, 0, -8858.69, 647.248, 99.5508, 3.75246, 0, 0, -0.953716, 0.300708, 120, 120, 100, 1, 0, 0, 7, 10),
    (@LOVE_IS_IN_THE_AIR_GGUID+448, 181060, 0, -8858.56, 648.477, 100.919, 3.28124, 0, 0, -0.997563, 0.0697661, 120, 120, 100, 1, 0, 0, 7, 10),
    (@LOVE_IS_IN_THE_AIR_GGUID+449, 181060, 0, -8858.51, 649.38, 100.919, 5.44543, 0, 0, -0.406736, 0.913546, 120, 120, 100, 1, 0, 0, 7, 10),
    (@LOVE_IS_IN_THE_AIR_GGUID+450, 181060, 0, -8858.38, 650.422, 99.5508, 5.14872, 0, 0, -0.537299, 0.843392, 120, 120, 100, 1, 0, 0, 7, 10),
    (@LOVE_IS_IN_THE_AIR_GGUID+451, 181060, 0, -8858.38, 652.086, 97.6133, 5.8294, 0, 0, -0.224951, 0.97437, 120, 120, 100, 1, 0, 0, 7, 10),
    (@LOVE_IS_IN_THE_AIR_GGUID+452, 181060, 0, -8858.01, 647.785, 99.5508, 2.58308, 0, 0, 0.961261, 0.27564, 120, 120, 100, 1, 0, 0, 7, 10),
    (@LOVE_IS_IN_THE_AIR_GGUID+453, 181060, 0, -8857.83, 649.636, 99.5508, 5.35816, 0, 0, -0.446198, 0.894935, 120, 120, 100, 1, 0, 0, 7, 10),
    (@LOVE_IS_IN_THE_AIR_GGUID+454, 181060, 0, -8857.76, 645.929, 97.5954, 3.28124, 0, 0, -0.997563, 0.0697661, 120, 120, 100, 1, 0, 0, 7, 10),
    (@LOVE_IS_IN_THE_AIR_GGUID+455, 181060, 0, -8857.6, 648.729, 99.5508, 4.62512, 0, 0, -0.737277, 0.675591, 120, 120, 100, 1, 0, 0, 7, 10),
    (@LOVE_IS_IN_THE_AIR_GGUID+456, 181060, 0, -8857.41, 651.69, 97.6205, 5.48033, 0, 0, -0.390731, 0.920505, 120, 120, 100, 1, 0, 0, 7, 10),
    (@LOVE_IS_IN_THE_AIR_GGUID+457, 181060, 0, -8856.95, 646.507, 97.6371, 0.890117, 0, 0, 0.430511, 0.902586, 120, 120, 100, 1, 0, 0, 7, 10),
    (@LOVE_IS_IN_THE_AIR_GGUID+458, 181060, 0, -8856.87, 651.243, 97.6127, 5.32326, 0, 0, -0.461748, 0.887011, 120, 120, 100, 1, 0, 0, 7, 10),
    (@LOVE_IS_IN_THE_AIR_GGUID+459, 181060, 0, -8856.46, 647.413, 97.6089, 2.42601, 0, 0, 0.936672, 0.350207, 120, 120, 100, 1, 0, 0, 7, 10),
    (@LOVE_IS_IN_THE_AIR_GGUID+460, 181060, 0, -8856.4, 650.419, 97.5945, 1.85005, 0, 0, 0.798635, 0.601815, 120, 120, 100, 1, 0, 0, 7, 10),
    (@LOVE_IS_IN_THE_AIR_GGUID+461, 181060, 0, -8856.1, 648.363, 97.6085, 0.610863, 0, 0, 0.300705, 0.953717, 120, 120, 100, 1, 0, 0, 7, 10),
    (@LOVE_IS_IN_THE_AIR_GGUID+462, 181060, 0, -8855.97, 649.273, 97.6137, 1.06465, 0, 0, 0.507538, 0.861629, 120, 120, 100, 1, 0, 0, 7, 10),
    (@LOVE_IS_IN_THE_AIR_GGUID+463, 181060, 0, -4888.35, -1008.27, 506.958, 1.88495, 0, 0, 0.809016, 0.587786, 120, 120, 100, 1, 0, 0, 7, 10),
    (@LOVE_IS_IN_THE_AIR_GGUID+464, 181060, 0, -4885.09, -1005.57, 506.958, 0.0698117, 0, 0, 0.0348988, 0.999391, 120, 120, 100, 1, 0, 0, 7, 10),
    (@LOVE_IS_IN_THE_AIR_GGUID+465, 181060, 0, -4877.75, -999.527, 506.958, 3.22886, 0, 0, -0.999048, 0.0436193, 120, 120, 100, 1, 0, 0, 7, 10),
    (@LOVE_IS_IN_THE_AIR_GGUID+466, 181060, 0, -4875.53, -997.696, 506.958, 5.81195, 0, 0, -0.233445, 0.97237, 120, 120, 100, 1, 0, 0, 7, 10),
    (@LOVE_IS_IN_THE_AIR_GGUID+467, 181060, 0, -4844.49, -874.748, 511.14, 1.98967, 0, 0, 0.83867, 0.54464, 120, 120, 100, 1, 0, 0, 7, 10),
    (@LOVE_IS_IN_THE_AIR_GGUID+468, 181060, 0, -4843.61, -859.587, 502.784, 5.39307, 0, 0, -0.430511, 0.902586, 120, 120, 100, 1, 0, 0, 7, 10),
    (@LOVE_IS_IN_THE_AIR_GGUID+469, 181060, 0, -4843.25, -874.554, 511.14, 3.78737, 0, 0, -0.948323, 0.317306, 120, 120, 100, 1, 0, 0, 7, 10),
    (@LOVE_IS_IN_THE_AIR_GGUID+470, 181060, 0, -4841.93, -874.424, 511.14, 5.23599, 0, 0, -0.5, 0.866025, 120, 120, 100, 1, 0, 0, 7, 10),
    (@LOVE_IS_IN_THE_AIR_GGUID+471, 181060, 0, -4840.76, -874.337, 511.14, 2.96704, 0, 0, 0.996194, 0.087165, 120, 120, 100, 1, 0, 0, 7, 10),
    (@LOVE_IS_IN_THE_AIR_GGUID+472, 181060, 0, -4839.09, -874.047, 511.14, 2.26893, 0, 0, 0.906307, 0.422619, 120, 120, 100, 1, 0, 0, 7, 10),
    (@LOVE_IS_IN_THE_AIR_GGUID+473, 181060, 0, -4837.73, -873.987, 511.14, 3.59538, 0, 0, -0.97437, 0.224951, 120, 120, 100, 1, 0, 0, 7, 10),
    (@LOVE_IS_IN_THE_AIR_GGUID+474, 181060, 0, -4837.34, -858.78, 502.781, 4.20625, 0, 0, -0.861629, 0.507539, 120, 120, 100, 1, 0, 0, 7, 10),
    (@LOVE_IS_IN_THE_AIR_GGUID+475, 181060, 0, -4836.3, -873.74, 511.14, 1.76278, 0, 0, 0.771625, 0.636078, 120, 120, 100, 1, 0, 0, 7, 10),
    (@LOVE_IS_IN_THE_AIR_GGUID+476, 181060, 0, -4835.07, -873.535, 511.14, 2.05949, 0, 0, 0.857167, 0.515038, 120, 120, 100, 1, 0, 0, 7, 10),
    (@LOVE_IS_IN_THE_AIR_GGUID+477, 181060, 0, 1554.6, 231.532, -40.7101, 2.89725, 0, 0, 0.992546, 0.12187, 120, 120, 100, 1, 0, 0, 7, 10),
    (@LOVE_IS_IN_THE_AIR_GGUID+478, 181060, 0, 1554.78, 249.882, -40.7112, 2.23402, 0, 0, 0.898793, 0.438373, 120, 120, 100, 1, 0, 0, 7, 10),
    (@LOVE_IS_IN_THE_AIR_GGUID+479, 181060, 0, 1557.67, 227.829, -34.807, 3.89209, 0, 0, -0.930417, 0.366502, 120, 120, 100, 1, 0, 0, 7, 10),
    (@LOVE_IS_IN_THE_AIR_GGUID+480, 181060, 0, 1557.83, 253.536, -34.8079, 3.10665, 0, 0, 0.999847, 0.0174693, 120, 120, 100, 1, 0, 0, 7, 10),
    (@LOVE_IS_IN_THE_AIR_GGUID+481, 181060, 0, 1560.75, 221.971, -34.8116, 0.436332, 0, 0, 0.216439, 0.976296, 120, 120, 100, 1, 0, 0, 7, 10),
    (@LOVE_IS_IN_THE_AIR_GGUID+482, 181060, 0, 1560.98, 259.348, -34.8111, 2.16421, 0, 0, 0.882947, 0.469473, 120, 120, 100, 1, 0, 0, 7, 10),
    (@LOVE_IS_IN_THE_AIR_GGUID+483, 181060, 0, 1561.64, 217.309, -40.6901, 2.68781, 0, 0, 0.97437, 0.224951, 120, 120, 100, 1, 0, 0, 7, 10),
    (@LOVE_IS_IN_THE_AIR_GGUID+484, 181060, 0, 1562.17, 264.058, -40.7658, 5.44543, 0, 0, -0.406736, 0.913546, 120, 120, 100, 1, 0, 0, 7, 10),
    (@LOVE_IS_IN_THE_AIR_GGUID+485, 181060, 0, 1565.89, 214.636, -34.8104, 0.314158, 0, 0, 0.156434, 0.987688, 120, 120, 100, 1, 0, 0, 7, 10),
    (@LOVE_IS_IN_THE_AIR_GGUID+486, 181060, 0, 1566.17, 266.398, -34.8092, 3.33359, 0, 0, -0.995396, 0.0958512, 120, 120, 100, 1, 0, 0, 7, 10),
    (@LOVE_IS_IN_THE_AIR_GGUID+487, 181060, 0, 1570.24, 210.329, -34.8401, 3.78737, 0, 0, -0.948323, 0.317306, 120, 120, 100, 1, 0, 0, 7, 10),
    (@LOVE_IS_IN_THE_AIR_GGUID+488, 181060, 0, 1570.76, 270.908, -34.8359, 1.23918, 0, 0, 0.580703, 0.814116, 120, 120, 100, 1, 0, 0, 7, 10),
    (@LOVE_IS_IN_THE_AIR_GGUID+489, 181060, 0, 1572.79, 206.157, -40.7758, 2.80998, 0, 0, 0.986285, 0.16505, 120, 120, 100, 1, 0, 0, 7, 10),
    (@LOVE_IS_IN_THE_AIR_GGUID+490, 181060, 0, 1573.4, 274.89, -40.7745, 6.10865, 0, 0, -0.0871553, 0.996195, 120, 120, 100, 1, 0, 0, 7, 10),
    (@LOVE_IS_IN_THE_AIR_GGUID+491, 181060, 0, 1577.56, 205.111, -34.8439, 3.4383, 0, 0, -0.989016, 0.147811, 120, 120, 100, 1, 0, 0, 7, 10),
    (@LOVE_IS_IN_THE_AIR_GGUID+492, 181060, 0, 1578.06, 275.812, -34.8425, 1.37881, 0, 0, 0.636078, 0.771625, 120, 120, 100, 1, 0, 0, 7, 10),
    (@LOVE_IS_IN_THE_AIR_GGUID+493, 181060, 0, 1578.87, 234.809, 60.1515, 0.541051, 0, 0, 0.267238, 0.963631, 120, 120, 100, 1, 0, 0, 7, 10),
    (@LOVE_IS_IN_THE_AIR_GGUID+494, 181060, 0, 1579.19, 245.857, 60.1515, 1.46608, 0, 0, 0.66913, 0.743145, 120, 120, 100, 1, 0, 0, 7, 10),
    (@LOVE_IS_IN_THE_AIR_GGUID+495, 181060, 0, 1583.37, 202.294, -34.8428, 3.28124, 0, 0, -0.997563, 0.0697661, 120, 120, 100, 1, 0, 0, 7, 10),
    (@LOVE_IS_IN_THE_AIR_GGUID+496, 181060, 0, 1583.94, 278.432, -34.8459, 2.74016, 0, 0, 0.979924, 0.19937, 120, 120, 100, 1, 0, 0, 7, 10),
    (@LOVE_IS_IN_THE_AIR_GGUID+497, 181060, 0, 1586.88, 199.268, -40.7277, 3.80482, 0, 0, -0.945518, 0.325568, 120, 120, 100, 1, 0, 0, 7, 10),
    (@LOVE_IS_IN_THE_AIR_GGUID+498, 181060, 0, 1587.74, 281.471, -40.7497, 6.0912, 0, 0, -0.0958452, 0.995396, 120, 120, 100, 1, 0, 0, 7, 10),
    (@LOVE_IS_IN_THE_AIR_GGUID+499, 181060, 0, 1590.36, 223.334, 60.1515, 3.6652, 0, 0, -0.965925, 0.258821, 120, 120, 100, 1, 0, 0, 7, 10),
    (@LOVE_IS_IN_THE_AIR_GGUID+500, 181060, 0, 1590.42, 256.867, 60.1515, 3.21142, 0, 0, -0.999391, 0.0349061, 120, 120, 100, 1, 0, 0, 7, 10),
    (@LOVE_IS_IN_THE_AIR_GGUID+501, 181060, 0, 1600.75, 223.21, 60.1515, 4.53786, 0, 0, -0.766044, 0.642789, 120, 120, 100, 1, 0, 0, 7, 10),
    (@LOVE_IS_IN_THE_AIR_GGUID+502, 181060, 0, 1601.56, 256.767, 60.1515, 5.79449, 0, 0, -0.241921, 0.970296, 120, 120, 100, 1, 0, 0, 7, 10),
    (@LOVE_IS_IN_THE_AIR_GGUID+503, 181060, 0, 1603.55, 199.13, -40.7256, 1.78023, 0, 0, 0.777145, 0.629321, 120, 120, 100, 1, 0, 0, 7, 10),
    (@LOVE_IS_IN_THE_AIR_GGUID+504, 181060, 0, 1604.37, 281.328, -40.8098, 0.122173, 0, 0, 0.0610485, 0.998135, 120, 120, 100, 1, 0, 0, 7, 10),
    (@LOVE_IS_IN_THE_AIR_GGUID+505, 181060, 0, 1607.48, 202.24, -34.8466, 0.471238, 0, 0, 0.233445, 0.97237, 120, 120, 100, 1, 0, 0, 7, 10),
    (@LOVE_IS_IN_THE_AIR_GGUID+506, 181060, 0, 1607.9, 278.295, -34.8444, 1.41372, 0, 0, 0.649447, 0.760406, 120, 120, 100, 1, 0, 0, 7, 10),
    (@LOVE_IS_IN_THE_AIR_GGUID+507, 181060, 0, 1613.23, 204.839, -34.8436, 5.02655, 0, 0, -0.587785, 0.809017, 120, 120, 100, 1, 0, 0, 7, 10),
    (@LOVE_IS_IN_THE_AIR_GGUID+508, 181060, 0, 1613.86, 275.428, -34.8434, 3.4034, 0, 0, -0.991445, 0.130528, 120, 120, 100, 1, 0, 0, 7, 10),
    (@LOVE_IS_IN_THE_AIR_GGUID+509, 181060, 0, 1617.92, 205.694, -40.7951, 2.42601, 0, 0, 0.936672, 0.350207, 120, 120, 100, 1, 0, 0, 7, 10),
    (@LOVE_IS_IN_THE_AIR_GGUID+510, 181060, 0, 1618.72, 274.337, -40.8867, 2.93214, 0, 0, 0.994521, 0.104536, 120, 120, 100, 1, 0, 0, 7, 10),
    (@LOVE_IS_IN_THE_AIR_GGUID+511, 181060, 0, 1620.63, 210.139, -34.8459, 6.07375, 0, 0, -0.104528, 0.994522, 120, 120, 100, 1, 0, 0, 7, 10),
    (@LOVE_IS_IN_THE_AIR_GGUID+512, 181060, 0, 1621.26, 270.278, -34.8406, 4.93928, 0, 0, -0.622514, 0.782609, 120, 120, 100, 1, 0, 0, 7, 10),
    (@LOVE_IS_IN_THE_AIR_GGUID+513, 181060, 0, 1624.88, 214.133, -34.8118, 3.57793, 0, 0, -0.976295, 0.216442, 120, 120, 100, 1, 0, 0, 7, 10),
    (@LOVE_IS_IN_THE_AIR_GGUID+514, 181060, 0, 1625.44, 265.981, -34.8108, 6.05629, 0, 0, -0.113203, 0.993572, 120, 120, 100, 1, 0, 0, 7, 10),
    (@LOVE_IS_IN_THE_AIR_GGUID+515, 181060, 0, 1629.16, 216.474, -40.702, 0.506145, 0, 0, 0.25038, 0.968148, 120, 120, 100, 1, 0, 0, 7, 10),
    (@LOVE_IS_IN_THE_AIR_GGUID+516, 181060, 0, 1629.66, 263.248, -40.9019, 4.59022, 0, 0, -0.748956, 0.66262, 120, 120, 100, 1, 0, 0, 7, 10),
    (@LOVE_IS_IN_THE_AIR_GGUID+517, 181060, 0, 1630.29, 221.499, -34.8128, 0.331611, 0, 0, 0.165047, 0.986286, 120, 120, 100, 1, 0, 0, 7, 10),
    (@LOVE_IS_IN_THE_AIR_GGUID+518, 181060, 0, 1630.67, 258.803, -34.8106, 1.44862, 0, 0, 0.66262, 0.748956, 120, 120, 100, 1, 0, 0, 7, 10),
    (@LOVE_IS_IN_THE_AIR_GGUID+519, 181060, 0, 1633.55, 227.21, -34.8064, 4.76475, 0, 0, -0.688354, 0.725374, 120, 120, 100, 1, 0, 0, 7, 10),
    (@LOVE_IS_IN_THE_AIR_GGUID+520, 181060, 0, 1633.82, 252.787, -34.8056, 4.7822, 0, 0, -0.681998, 0.731354, 120, 120, 100, 1, 0, 0, 7, 10),
    (@LOVE_IS_IN_THE_AIR_GGUID+521, 181060, 0, 1636.01, 235.241, -34.8096, 5.00909, 0, 0, -0.594823, 0.803857, 120, 120, 100, 1, 0, 0, 7, 10),
    (@LOVE_IS_IN_THE_AIR_GGUID+522, 181060, 0, 1636.11, 244.58, -34.8105, 4.03171, 0, 0, -0.902585, 0.430512, 120, 120, 100, 1, 0, 0, 7, 10),
    (@LOVE_IS_IN_THE_AIR_GGUID+523, 181060, 0, 1636.66, 230.875, -40.7105, 1.20428, 0, 0, 0.566406, 0.824126, 120, 120, 100, 1, 0, 0, 7, 10),
    (@LOVE_IS_IN_THE_AIR_GGUID+524, 181060, 0, 1636.74, 249.196, -40.836, 0.680677, 0, 0, 0.333806, 0.942642, 120, 120, 100, 1, 0, 0, 7, 10),
    (@LOVE_IS_IN_THE_AIR_GGUID+525, 181060, 1, -1407.64, -111.458, 162.298, 2.87979, 0, 0, 0.991445, 0.130528, 120, 120, 100, 1, 0, 0, 7, 10),
    (@LOVE_IS_IN_THE_AIR_GGUID+526, 181060, 1, -1406.43, -109.242, 162.298, 4.38078, 0, 0, -0.814116, 0.580703, 120, 120, 100, 1, 0, 0, 7, 10),
    (@LOVE_IS_IN_THE_AIR_GGUID+527, 181060, 1, -1295.13, 100.277, 133.66, 2.65289, 0, 0, 0.970295, 0.241925, 120, 120, 100, 1, 0, 0, 7, 10),
    (@LOVE_IS_IN_THE_AIR_GGUID+528, 181060, 1, -1294.23, 97.8879, 133.66, 4.95674, 0, 0, -0.615661, 0.788011, 120, 120, 100, 1, 0, 0, 7, 10),
    (@LOVE_IS_IN_THE_AIR_GGUID+529, 181060, 1, -1292.99, 112.323, 134.367, 0.90757, 0, 0, 0.438371, 0.898794, 120, 120, 100, 1, 0, 0, 7, 10),
    (@LOVE_IS_IN_THE_AIR_GGUID+530, 181060, 1, -1292.63, 114.803, 134.367, 0.0698117, 0, 0, 0.0348988, 0.999391, 120, 120, 100, 1, 0, 0, 7, 10),
    (@LOVE_IS_IN_THE_AIR_GGUID+531, 181060, 1, -1290.47, 132.949, 134.571, 5.65487, 0, 0, -0.309016, 0.951057, 120, 120, 100, 1, 0, 0, 7, 10),
    (@LOVE_IS_IN_THE_AIR_GGUID+532, 181060, 1, -1288.88, 130.987, 134.571, 2.04204, 0, 0, 0.85264, 0.522499, 120, 120, 100, 1, 0, 0, 7, 10),
    (@LOVE_IS_IN_THE_AIR_GGUID+533, 181060, 1, -1278.87, 81.8948, 131.839, 3.7001, 0, 0, -0.961261, 0.27564, 120, 120, 100, 1, 0, 0, 7, 10),
    (@LOVE_IS_IN_THE_AIR_GGUID+534, 181060, 1, -1277, 80.4661, 131.839, 0.436332, 0, 0, 0.216439, 0.976296, 120, 120, 100, 1, 0, 0, 7, 10),
    (@LOVE_IS_IN_THE_AIR_GGUID+535, 181060, 1, -1256.15, 51.2523, 129.965, 3.50812, 0, 0, -0.983254, 0.182238, 120, 120, 100, 1, 0, 0, 7, 10),
    (@LOVE_IS_IN_THE_AIR_GGUID+536, 181060, 1, -1253.88, 51.9722, 129.965, 1.46608, 0, 0, 0.66913, 0.743145, 120, 120, 100, 1, 0, 0, 7, 10),
    (@LOVE_IS_IN_THE_AIR_GGUID+537, 181060, 1, -1245.64, 137.252, 136.048, 1.41372, 0, 0, 0.649447, 0.760406, 120, 120, 100, 1, 0, 0, 7, 10),
    (@LOVE_IS_IN_THE_AIR_GGUID+538, 181060, 1, -1243.21, 137.371, 136.048, 4.99164, 0, 0, -0.601814, 0.798636, 120, 120, 100, 1, 0, 0, 7, 10),
    (@LOVE_IS_IN_THE_AIR_GGUID+539, 181060, 1, -1236.09, -58.2324, 166.207, 3.15906, 0, 0, -0.999962, 0.00873464, 120, 120, 100, 1, 0, 0, 7, 10),
    (@LOVE_IS_IN_THE_AIR_GGUID+540, 181060, 1, -1236.08, 82.8995, 133.533, 3.54302, 0, 0, -0.979924, 0.19937, 120, 120, 100, 1, 0, 0, 7, 10),
    (@LOVE_IS_IN_THE_AIR_GGUID+541, 181060, 1, -1235.88, -55.7595, 166.207, 5.23599, 0, 0, -0.5, 0.866025, 120, 120, 100, 1, 0, 0, 7, 10),
    (@LOVE_IS_IN_THE_AIR_GGUID+542, 181060, 1, -1234.44, 84.6758, 133.533, 3.49067, 0, 0, -0.984807, 0.173652, 120, 120, 100, 1, 0, 0, 7, 10),
    (@LOVE_IS_IN_THE_AIR_GGUID+543, 181060, 1, -1231.69, -43.6813, 167.769, 1.97222, 0, 0, 0.833885, 0.551938, 120, 120, 100, 1, 0, 0, 7, 10),
    (@LOVE_IS_IN_THE_AIR_GGUID+544, 181060, 1, -1230.7, -41.4822, 167.769, 2.60054, 0, 0, 0.96363, 0.267241, 120, 120, 100, 1, 0, 0, 7, 10),
    (@LOVE_IS_IN_THE_AIR_GGUID+545, 181060, 1, -1228.75, 45.3529, 131.096, 3.76991, 0, 0, -0.951056, 0.309017, 120, 120, 100, 1, 0, 0, 7, 10),
    (@LOVE_IS_IN_THE_AIR_GGUID+546, 181060, 1, -1226.72, 80.6411, 133.715, 3.80482, 0, 0, -0.945518, 0.325568, 120, 120, 100, 1, 0, 0, 7, 10),
    (@LOVE_IS_IN_THE_AIR_GGUID+547, 181060, 1, -1226.41, 45.3912, 131.096, 3.52557, 0, 0, -0.981627, 0.190812, 120, 120, 100, 1, 0, 0, 7, 10),
    (@LOVE_IS_IN_THE_AIR_GGUID+548, 181060, 1, -1224.42, 81.4398, 133.715, 1.58825, 0, 0, 0.71325, 0.70091, 120, 120, 100, 1, 0, 0, 7, 10),
    (@LOVE_IS_IN_THE_AIR_GGUID+549, 181060, 1, -1213.46, -12.5487, 169.181, 5.25344, 0, 0, -0.492423, 0.870356, 120, 120, 100, 1, 0, 0, 7, 10),
    (@LOVE_IS_IN_THE_AIR_GGUID+550, 181060, 1, -1213.21, -10.1759, 169.181, 2.00713, 0, 0, 0.843391, 0.5373, 120, 120, 100, 1, 0, 0, 7, 10),
    (@LOVE_IS_IN_THE_AIR_GGUID+551, 181060, 1, -1193.23, -7.46246, 168.891, 6.02139, 0, 0, -0.130526, 0.991445, 120, 120, 100, 1, 0, 0, 7, 10),
    (@LOVE_IS_IN_THE_AIR_GGUID+552, 181060, 1, -1192.85, -5.08306, 168.891, 5.14872, 0, 0, -0.537299, 0.843392, 120, 120, 100, 1, 0, 0, 7, 10),
    (@LOVE_IS_IN_THE_AIR_GGUID+553, 181060, 1, -1187.53, -36.2961, 166.354, 5.81195, 0, 0, -0.233445, 0.97237, 120, 120, 100, 1, 0, 0, 7, 10),
    (@LOVE_IS_IN_THE_AIR_GGUID+554, 181060, 1, -1186.31, -38.4025, 166.354, 0.95993, 0, 0, 0.461748, 0.887011, 120, 120, 100, 1, 0, 0, 7, 10),
    (@LOVE_IS_IN_THE_AIR_GGUID+555, 181060, 1, -1183.16, -54.9835, 165.055, 0.244346, 0, 0, 0.121869, 0.992546, 120, 120, 100, 1, 0, 0, 7, 10),
    (@LOVE_IS_IN_THE_AIR_GGUID+556, 181060, 1, -1183.14, -57.4883, 165.055, 0.244346, 0, 0, 0.121869, 0.992546, 120, 120, 100, 1, 0, 0, 7, 10),
    (@LOVE_IS_IN_THE_AIR_GGUID+557, 181060, 1, -1174.35, -72.6692, 165.661, 0.523598, 0, 0, 0.258819, 0.965926, 120, 120, 100, 1, 0, 0, 7, 10),
    (@LOVE_IS_IN_THE_AIR_GGUID+558, 181060, 1, -1174.21, -75.0951, 165.661, 2.84488, 0, 0, 0.989016, 0.147811, 120, 120, 100, 1, 0, 0, 7, 10),
    (@LOVE_IS_IN_THE_AIR_GGUID+559, 181060, 1, -1162.25, 29.9081, 149.03, 4.85202, 0, 0, -0.656058, 0.75471, 120, 120, 100, 1, 0, 0, 7, 10),
    (@LOVE_IS_IN_THE_AIR_GGUID+560, 181060, 1, -1160.04, 29.3408, 149.03, 1.20428, 0, 0, 0.566406, 0.824126, 120, 120, 100, 1, 0, 0, 7, 10),
    (@LOVE_IS_IN_THE_AIR_GGUID+561, 181060, 1, -1149.42, 27.2867, 148.415, 3.4383, 0, 0, -0.989016, 0.147811, 120, 120, 100, 1, 0, 0, 7, 10),
    (@LOVE_IS_IN_THE_AIR_GGUID+562, 181060, 1, -1147.1, 26.9074, 148.415, 0.0698117, 0, 0, 0.0348988, 0.999391, 120, 120, 100, 1, 0, 0, 7, 10),
    (@LOVE_IS_IN_THE_AIR_GGUID+563, 181060, 1, -1140.31, 48.5482, 147.17, 1.27409, 0, 0, 0.594822, 0.803857, 120, 120, 100, 1, 0, 0, 7, 10),
    (@LOVE_IS_IN_THE_AIR_GGUID+564, 181060, 1, -1139.33, 50.6481, 147.17, 0.0523589, 0, 0, 0.0261765, 0.999657, 120, 120, 100, 1, 0, 0, 7, 10),
    (@LOVE_IS_IN_THE_AIR_GGUID+565, 181060, 1, -1118.3, 39.446, 144.723, 4.95674, 0, 0, -0.615661, 0.788011, 120, 120, 100, 1, 0, 0, 7, 10),
    (@LOVE_IS_IN_THE_AIR_GGUID+566, 181060, 1, -1118.2, 37.1479, 144.723, 3.59538, 0, 0, -0.97437, 0.224951, 120, 120, 100, 1, 0, 0, 7, 10),
    (@LOVE_IS_IN_THE_AIR_GGUID+567, 181060, 1, -1114.98, 7.12733, 145.233, 4.32842, 0, 0, -0.829037, 0.559194, 120, 120, 100, 1, 0, 0, 7, 10),
    (@LOVE_IS_IN_THE_AIR_GGUID+568, 181060, 1, -1114.43, 4.69217, 145.233, 4.85202, 0, 0, -0.656058, 0.75471, 120, 120, 100, 1, 0, 0, 7, 10),
    (@LOVE_IS_IN_THE_AIR_GGUID+569, 181060, 1, -1103.8, 21.8106, 143.861, 4.11898, 0, 0, -0.882947, 0.469473, 120, 120, 100, 1, 0, 0, 7, 10),
    (@LOVE_IS_IN_THE_AIR_GGUID+570, 181060, 1, -1102.7, 19.6779, 143.861, 5.53269, 0, 0, -0.366501, 0.930418, 120, 120, 100, 1, 0, 0, 7, 10),
    (@LOVE_IS_IN_THE_AIR_GGUID+571, 181060, 1, -1091.37, -1.32107, 143.954, 0.767944, 0, 0, 0.374606, 0.927184, 120, 120, 100, 1, 0, 0, 7, 10),
    (@LOVE_IS_IN_THE_AIR_GGUID+572, 181060, 1, -1091.03, 1.14784, 143.954, 2.61799, 0, 0, 0.965925, 0.258821, 120, 120, 100, 1, 0, 0, 7, 10),
    (@LOVE_IS_IN_THE_AIR_GGUID+573, 181060, 1, -1066.19, -241.4, 162.283, 3.00195, 0, 0, 0.997563, 0.0697661, 120, 120, 100, 1, 0, 0, 7, 10),
    (@LOVE_IS_IN_THE_AIR_GGUID+574, 181060, 1, -1063.76, -241.522, 162.283, 0.558504, 0, 0, 0.275637, 0.961262, 120, 120, 100, 1, 0, 0, 7, 10),
    (@LOVE_IS_IN_THE_AIR_GGUID+575, 181060, 1, -1042.26, -215.809, 162.632, 4.25861, 0, 0, -0.848047, 0.529921, 120, 120, 100, 1, 0, 0, 7, 10),
    (@LOVE_IS_IN_THE_AIR_GGUID+576, 181060, 1, -1041.59, -213.363, 162.632, 3.82227, 0, 0, -0.942641, 0.333808, 120, 120, 100, 1, 0, 0, 7, 10),
    (@LOVE_IS_IN_THE_AIR_GGUID+577, 181060, 1, -1002.32, 231.273, 138.291, 4.62512, 0, 0, -0.737277, 0.675591, 120, 120, 100, 1, 0, 0, 7, 10),
    (@LOVE_IS_IN_THE_AIR_GGUID+578, 181060, 1, -1000.31, 230.15, 138.291, 5.49779, 0, 0, -0.382683, 0.92388, 120, 120, 100, 1, 0, 0, 7, 10),
    (@LOVE_IS_IN_THE_AIR_GGUID+579, 181060, 1, -993.945, 210.491, 138.793, 4.34587, 0, 0, -0.824126, 0.566406, 120, 120, 100, 1, 0, 0, 7, 10),
    (@LOVE_IS_IN_THE_AIR_GGUID+580, 181060, 1, -991.787, 211.693, 138.793, 2.05949, 0, 0, 0.857167, 0.515038, 120, 120, 100, 1, 0, 0, 7, 10),
    (@LOVE_IS_IN_THE_AIR_GGUID+581, 181060, 1, 1639.94, -4444.88, 16.3301, 1.69297, 0, 0, 0.748956, 0.66262, 120, 120, 100, 1, 0, 0, 7, 10),
    (@LOVE_IS_IN_THE_AIR_GGUID+582, 181060, 1, 1764.03, -4325.3, 5.91079, 0.0523589, 0, 0, 0.0261765, 0.999657, 120, 120, 100, 1, 0, 0, 7, 10),
    (@LOVE_IS_IN_THE_AIR_GGUID+583, 181060, 1, 1766.38, -4323.8, 6.09742, 4.7822, 0, 0, -0.681998, 0.731354, 120, 120, 100, 1, 0, 0, 7, 10),
    (@LOVE_IS_IN_THE_AIR_GGUID+584, 181060, 1, 1769.25, -4321.72, 6.2909, 1.55334, 0, 0, 0.700909, 0.713251, 120, 120, 100, 1, 0, 0, 7, 10),
    (@LOVE_IS_IN_THE_AIR_GGUID+585, 181060, 1, 1771.43, -4319.82, 6.45918, 1.51844, 0, 0, 0.688354, 0.725374, 120, 120, 100, 1, 0, 0, 7, 10),
    (@LOVE_IS_IN_THE_AIR_GGUID+586, 181060, 1, 1774.14, -4317.93, 6.51081, 4.86947, 0, 0, -0.649447, 0.760406, 120, 120, 100, 1, 0, 0, 7, 10),
    (@LOVE_IS_IN_THE_AIR_GGUID+587, 181060, 1, 1776.3, -4316.4, 6.11171, 2.25147, 0, 0, 0.902585, 0.430512, 120, 120, 100, 1, 0, 0, 7, 10),
    (@LOVE_IS_IN_THE_AIR_GGUID+588, 181060, 1, 1779.42, -4313.93, 5.45587, 5.88176, 0, 0, -0.199368, 0.979925, 120, 120, 100, 1, 0, 0, 7, 10),
    (@LOVE_IS_IN_THE_AIR_GGUID+589, 181060, 1, 1796.43, -4300.88, 4.8317, 5.34071, 0, 0, -0.45399, 0.891007, 120, 120, 100, 1, 0, 0, 7, 10),
    (@LOVE_IS_IN_THE_AIR_GGUID+590, 181060, 1, 1798.82, -4299.01, 5.34207, 4.32842, 0, 0, -0.829037, 0.559194, 120, 120, 100, 1, 0, 0, 7, 10),
    (@LOVE_IS_IN_THE_AIR_GGUID+591, 181060, 1, 1801.78, -4296.74, 5.73776, 3.80482, 0, 0, -0.945518, 0.325568, 120, 120, 100, 1, 0, 0, 7, 10),
    (@LOVE_IS_IN_THE_AIR_GGUID+592, 181060, 1, 1806.64, -4293.94, 5.75948, 5.67232, 0, 0, -0.300705, 0.953717, 120, 120, 100, 1, 0, 0, 7, 10),
    (@LOVE_IS_IN_THE_AIR_GGUID+593, 181060, 1, 9904.95, 2522.02, 1315.93, 1.25664, 0, 0, 0.587785, 0.809017, 120, 120, 100, 1, 0, 0, 7, 10),
    (@LOVE_IS_IN_THE_AIR_GGUID+594, 181060, 1, 9906.71, 2539.32, 1315.74, 1.98967, 0, 0, 0.83867, 0.54464, 120, 120, 100, 1, 0, 0, 7, 10),
    (@LOVE_IS_IN_THE_AIR_GGUID+595, 181060, 1, 9908.24, 2510.89, 1316.4, 2.42601, 0, 0, 0.936672, 0.350207, 120, 120, 100, 1, 0, 0, 7, 10),
    (@LOVE_IS_IN_THE_AIR_GGUID+596, 181060, 1, 9911.52, 2545.1, 1316.08, 4.46804, 0, 0, -0.788011, 0.615662, 120, 120, 100, 1, 0, 0, 7, 10),
    (@LOVE_IS_IN_THE_AIR_GGUID+597, 181060, 1, 9917.05, 2550.05, 1316.59, 4.43314, 0, 0, -0.798635, 0.601815, 120, 120, 100, 1, 0, 0, 7, 10),
    (@LOVE_IS_IN_THE_AIR_GGUID+598, 181060, 1, 9918.65, 2498.42, 1316.38, 4.93928, 0, 0, -0.622514, 0.782609, 120, 120, 100, 1, 0, 0, 7, 10),
    (@LOVE_IS_IN_THE_AIR_GGUID+599, 181060, 1, 9923.26, 2493.75, 1317.02, 3.05433, 0, 0, 0.999048, 0.0436193, 120, 120, 100, 1, 0, 0, 7, 10),
    (@LOVE_IS_IN_THE_AIR_GGUID+600, 181060, 1, 9923.77, 2553.71, 1316.8, 4.67748, 0, 0, -0.719339, 0.694659, 120, 120, 100, 1, 0, 0, 7, 10),
    (@LOVE_IS_IN_THE_AIR_GGUID+601, 181060, 1, 9928.7, 2489.73, 1317.02, 0.261798, 0, 0, 0.130526, 0.991445, 120, 120, 100, 1, 0, 0, 7, 10),
    (@LOVE_IS_IN_THE_AIR_GGUID+602, 181060, 1, 9932.14, 2487.1, 1316.74, 2.04204, 0, 0, 0.85264, 0.522499, 120, 120, 100, 1, 0, 0, 7, 10),
    (@LOVE_IS_IN_THE_AIR_GGUID+603, 181060, 1, 9934.3, 2557.73, 1316.95, 4.57276, 0, 0, -0.754709, 0.656059, 120, 120, 100, 1, 0, 0, 7, 10),
    (@LOVE_IS_IN_THE_AIR_GGUID+604, 181060, 1, 9936.7, 2484, 1316.68, 3.17653, 0, 0, -0.999847, 0.0174693, 120, 120, 100, 1, 0, 0, 7, 10),
    (@LOVE_IS_IN_THE_AIR_GGUID+605, 181060, 1, 9941.61, 2481.39, 1316.35, 4.4855, 0, 0, -0.782608, 0.622515, 120, 120, 100, 1, 0, 0, 7, 10),
    (@LOVE_IS_IN_THE_AIR_GGUID+606, 181060, 1, 9955.18, 2556.27, 1316.17, 1.39626, 0, 0, 0.642787, 0.766045, 120, 120, 100, 1, 0, 0, 7, 10),
    (@LOVE_IS_IN_THE_AIR_GGUID+607, 181060, 1, 9960.74, 2485.68, 1316.04, 4.60767, 0, 0, -0.743144, 0.669131, 120, 120, 100, 1, 0, 0, 7, 10),
    (@LOVE_IS_IN_THE_AIR_GGUID+608, 181060, 1, 9963.17, 2552.34, 1315.38, 3.14159, 0, 0, -1, 0, 120, 120, 100, 1, 0, 0, 7, 10),
    (@LOVE_IS_IN_THE_AIR_GGUID+609, 181060, 1, 9967.18, 2493.32, 1316.13, 5.70723, 0, 0, -0.284015, 0.95882, 120, 120, 100, 1, 0, 0, 7, 10),
    (@LOVE_IS_IN_THE_AIR_GGUID+610, 181060, 1, 9971.63, 2499.95, 1315.94, 2.28638, 0, 0, 0.909961, 0.414694, 120, 120, 100, 1, 0, 0, 7, 10),
    (@LOVE_IS_IN_THE_AIR_GGUID+611, 181060, 1, 9973.12, 2550.51, 1315.55, 0.349065, 0, 0, 0.173648, 0.984808, 120, 120, 100, 1, 0, 0, 7, 10),
    (@LOVE_IS_IN_THE_AIR_GGUID+612, 181060, 1, 9976.07, 2506.44, 1316.5, 4.27606, 0, 0, -0.843391, 0.5373, 120, 120, 100, 1, 0, 0, 7, 10),
    (@LOVE_IS_IN_THE_AIR_GGUID+613, 181060, 1, 9978.79, 2546.93, 1315.76, 4.04917, 0, 0, -0.898793, 0.438373, 120, 120, 100, 1, 0, 0, 7, 10),
    (@LOVE_IS_IN_THE_AIR_GGUID+614, 181060, 1, 9982.1, 2542.38, 1316.06, 4.25861, 0, 0, -0.848047, 0.529921, 120, 120, 100, 1, 0, 0, 7, 10),
    (@LOVE_IS_IN_THE_AIR_GGUID+615, 181060, 1, 9984.97, 2508.03, 1316.66, 1.36136, 0, 0, 0.62932, 0.777146, 120, 120, 100, 1, 0, 0, 7, 10),
    (@LOVE_IS_IN_THE_AIR_GGUID+616, 181060, 1, 9986.88, 2533.89, 1315.75, 4.67748, 0, 0, -0.719339, 0.694659, 120, 120, 100, 1, 0, 0, 7, 10),
    (@LOVE_IS_IN_THE_AIR_GGUID+617, 181060, 1, 9991.68, 2525.66, 1315.42, 5.95157, 0, 0, -0.165047, 0.986286, 120, 120, 100, 1, 0, 0, 7, 10),
    (@LOVE_IS_IN_THE_AIR_GGUID+618, 181060, 1, 10127.5, 2219.46, 1330.95, 4.55531, 0, 0, -0.760406, 0.649449, 120, 120, 100, 1, 0, 0, 7, 10),
    (@LOVE_IS_IN_THE_AIR_GGUID+619, 181060, 1, 10135.9, 2225.01, 1330.94, 0.855211, 0, 0, 0.414693, 0.909961, 120, 120, 100, 1, 0, 0, 7, 10),
    (@LOVE_IS_IN_THE_AIR_GGUID+620, 181060, 1, 10139.1, 2227.24, 1330.96, 4.50295, 0, 0, -0.777145, 0.629321, 120, 120, 100, 1, 0, 0, 7, 10),
    (@LOVE_IS_IN_THE_AIR_GGUID+621, 181073, 0, 98.9861, -1720.18, 220.223, 4.95674, 0, 0, -0.615661, 0.788011, 120, 120, 100, 1, 0, 0, 7, 10),
    (@LOVE_IS_IN_THE_AIR_GGUID+622, 181088, 1, 1929.58, -4137.4, 40.4708, 4.17134, 0, 0, 0, 0, 300, 300, 100, 1, 0, 0, 7, 10),
    (@LOVE_IS_IN_THE_AIR_GGUID+623, 181089, 0, -8435.29, 323.431, 121.829, 1.76278, 0, 0, 0, 0, 300, 300, 100, 1, 0, 0, 7, 10),
    (@LOVE_IS_IN_THE_AIR_GGUID+624, 181090, 0, -4867.87, -1032.22, 502.273, 5.49779, 0, 0, 0, 0, 300, 300, 100, 1, 0, 0, 7, 10),
    (@LOVE_IS_IN_THE_AIR_GGUID+625, 181091, 1, 9670.28, 2534.94, 1360.08, 5.34071, 0, 0, 0, 0, 300, 300, 100, 1, 0, 0, 7, 10),
    (@LOVE_IS_IN_THE_AIR_GGUID+626, 181092, 1, -1199.99, -118.787, 163.882, 3.10669, 0, 0, 0, 0, 300, 300, 100, 1, 0, 0, 7, 10),
    (@LOVE_IS_IN_THE_AIR_GGUID+627, 181093, 0, 1302.19, 343.649, -64.944, 1.55334, 0, 0, 0, 0, 300, 300, 100, 1, 0, 0, 7, 10);
INSERT INTO `game_event_gameobject` SELECT gameobject.guid, @LOVE_IS_IN_THE_AIR_EVENT FROM `gameobject` WHERE gameobject.guid BETWEEN @LOVE_IS_IN_THE_AIR_GGUID+1 AND @LOVE_IS_IN_THE_AIR_GGUID+627;


-- End of migration.
END IF;
END??
delimiter ; 
CALL add_migration();
DROP PROCEDURE IF EXISTS add_migration;
