DROP PROCEDURE IF EXISTS add_migration;
delimiter ??
CREATE PROCEDURE `add_migration`()
BEGIN
DECLARE v INT DEFAULT 1;
SET v = (SELECT COUNT(*) FROM `migrations` WHERE `id`='20230706181549');
IF v=0 THEN
INSERT INTO `migrations` VALUES ('20230706181549');
-- Add your query below.


SET @OGUID = 42985;
SET @PTEMPLATE = 3461;

-- 215 Mulgore / 3658 / 3719 / Water Barrel / Food Crate
DELETE FROM `pool_template` WHERE `entry` IN (SELECT `pool_entry` FROM `pool_gameobject` WHERE `guid` IN (20532, 20531, 20530, 20529, 20528, 20527, 20526, 20525, 18434, 18305, 18304, 18303, 18302, 18301, 18300, 88072, 88073, 88074, 88075, 88076, 88077, 88078, 88079, 88080, 88081, 88082, 88083, 88084, 88085, 88086));
DELETE FROM `gameobject` WHERE `guid` IN (20532, 20531, 20530, 20529, 20528, 20527, 20526, 20525, 18434, 18305, 18304, 18303, 18302, 18301, 18300, 88072, 88073, 88074, 88075, 88076, 88077, 88078, 88079, 88080, 88081, 88082, 88083, 88084, 88085, 88086);
DELETE FROM `pool_gameobject` WHERE `guid` IN (20532, 20531, 20530, 20529, 20528, 20527, 20526, 20525, 18434, 18305, 18304, 18303, 18302, 18301, 18300, 88072, 88073, 88074, 88075, 88076, 88077, 88078, 88079, 88080, 88081, 88082, 88083, 88084, 88085, 88086);

INSERT INTO `gameobject` (`guid`, `id`, `map`, `position_x`, `position_y`, `position_z`, `orientation`, `rotation0`, `rotation1`, `rotation2`, `rotation3`, `spawntimesecsmin`, `spawntimesecsmax`, `animprogress`, `state`, `spawn_flags`, `visibility_mod`, `patch_min`, `patch_max`) VALUES
(@OGUID+1, 3658, 1, -2750.28, -438.494, -2.84708, 0.942478, 0, 0, 0.45399, 0.891007, 180, 180, 100, 1, 0, 0, 0, 10),
(@OGUID+2, 3658, 1, -2416.05, 498.563, 64.3684, -1.27409, 0, 0, 0.594823, -0.803857, 180, 180, 100, 1, 0, 0, 0, 10),
(@OGUID+3, 3658, 1, -2246.88, -313.829, -9.4249, 2.74017, 0, 0, 0.979925, 0.199368, 180, 180, 100, 1, 0, 0, 0, 10),
(@OGUID+4, 3658, 1, -2212.89, -376.176, -8.69453, 1.69297, 0, 0, 0.748956, 0.66262, 180, 180, 100, 1, 0, 0, 0, 10),
(@OGUID+5, 3658, 1, -2189.53, -420.679, -4.39675, 1.0472, 0, 0, 0.5, 0.866025, 180, 180, 100, 1, 0, 0, 0, 10),
(@OGUID+6, 3658, 1, -1925.28, 417.42, 133.59, -2.04204, 0, 0, 0.85264, -0.522498, 180, 180, 100, 1, 0, 0, 0, 10),
(@OGUID+7, 3658, 1, -1917.36, -711.039, 3.66848, -1.6057, 0, 0, 0.71934, -0.694658, 180, 180, 100, 1, 0, 0, 0, 10),
(@OGUID+8, 3658, 1, -1894.44, 357.08, 107.787, 3.14159, 0, 0, 1, 0, 180, 180, 100, 1, 0, 0, 0, 10),
(@OGUID+9, 3658, 1, -1774.41, -1175.7, 116.892, 2.54818, 0, 0, 0.956305, 0.292372, 180, 180, 100, 1, 0, 0, 0, 10),
(@OGUID+10, 3658, 1, -1756.74, -1256.07, 113.383, -1.43117, 0, 0, 0.656059, -0.75471, 180, 180, 100, 1, 0, 0, 0, 10),
(@OGUID+11, 3658, 1, -1604.49, -1224.06, 136.574, -1.3439, 0, 0, 0.622515, -0.782608, 180, 180, 100, 1, 0, 0, 0, 10),
(@OGUID+12, 3658, 1, -1577.29, -1191.23, 142.176, 1.0472, 0, 0, 0.5, 0.866025, 180, 180, 100, 1, 0, 0, 0, 10),
(@OGUID+13, 3658, 1, -1466.17, -980.293, 148.621, -2.09439, 0, 0, 0.866025, -0.5, 180, 180, 100, 1, 0, 0, 0, 10),
(@OGUID+14, 3658, 1, -1343.92, -1127.75, 141.794, 0.506145, 0, 0, 0.25038, 0.968148, 180, 180, 100, 1, 0, 0, 0, 10),
(@OGUID+15, 3658, 1, -825.687, -23.4734, -13.1944, 1.69297, 0, 0, 0.748956, 0.66262, 180, 180, 100, 1, 0, 0, 0, 10),
(@OGUID+16, 3658, 1, -2403.57, -384.54, -1.8884, 1.98967, 0, 0, 0.83867, 0.54464, 180, 180, 100, 1, 0, 0, 0, 10),
(@OGUID+17, 3658, 1, -2396.98, 233.64, 49.2076, 4.17134, 0, 0, -0.870356, 0.492424, 180, 180, 100, 1, 0, 0, 0, 10),
(@OGUID+18, 3658, 1, -2385.23, -341.884, -0.730277, 5.96903, 0, 0, -0.156434, 0.987688, 180, 180, 100, 1, 0, 0, 0, 10),
(@OGUID+19, 3658, 1, -2376.23, -396.456, -4.13281, 3.01941, 0, 0, 0.998135, 0.0610518, 180, 180, 100, 1, 0, 0, 0, 10),
(@OGUID+20, 3658, 1, -2350.38, -353.396, -0.749603, 2.67035, 0, 0, 0.972369, 0.233448, 180, 180, 100, 1, 0, 0, 0, 10),
(@OGUID+21, 3658, 1, -2333.26, -311.568, -9.42485, 5.68977, 0, 0, -0.292372, 0.956305, 180, 180, 100, 1, 0, 0, 0, 10),
(@OGUID+22, 3658, 1, -2315.09, -437.497, -5.4384, 5.63741, 0, 0, -0.317305, 0.948324, 180, 180, 100, 1, 0, 0, 0, 10),
(@OGUID+23, 3658, 1, -2310.38, 408.501, 48.9929, 3.59538, 0, 0, -0.97437, 0.224951, 180, 180, 100, 1, 0, 0, 0, 10),
(@OGUID+24, 3658, 1, -2294.59, -437.631, -5.4384, 3.73501, 0, 0, -0.956305, 0.292372, 180, 180, 100, 1, 0, 0, 0, 10),
(@OGUID+25, 3658, 1, -2245.74, -294.46, -9.4249, 3.3685, 0, 0, -0.993571, 0.113208, 180, 180, 100, 1, 0, 0, 0, 10),
(@OGUID+26, 3658, 1, -2237.79, -403.044, -9.4249, 5.21854, 0, 0, -0.507538, 0.861629, 180, 180, 100, 1, 0, 0, 0, 10),
(@OGUID+27, 3658, 1, -1929.27, -708.178, 3.47104, 0.663223, 0, 0, 0.325567, 0.945519, 180, 180, 100, 1, 0, 0, 0, 10),
(@OGUID+28, 3658, 1, -1926.13, -699.123, 3.19337, 2.18166, 0, 0, 0.887011, 0.461749, 180, 180, 100, 1, 0, 0, 0, 10),
(@OGUID+29, 3658, 1, -1799.57, -1222.8, 111.591, 6.12611, 0, 0, -0.0784588, 0.996917, 180, 180, 100, 1, 0, 0, 0, 10),
(@OGUID+30, 3658, 1, -1749.22, -1044.76, 119.983, 5.34071, 0, 0, -0.45399, 0.891007, 180, 180, 100, 1, 0, 0, 0, 10),
(@OGUID+31, 3658, 1, -1534.2, -986.509, 150.715, 2.23402, 0, 0, 0.898793, 0.438373, 180, 180, 100, 1, 0, 0, 0, 10),
(@OGUID+32, 3658, 1, -1506.34, 361.808, 63.0597, 1.37881, 0, 0, 0.636078, 0.771625, 180, 180, 100, 1, 0, 0, 0, 10),
(@OGUID+33, 3658, 1, -802.414, -17.0872, -13.176, 3.76991, 0, 0, -0.951056, 0.309017, 180, 180, 100, 1, 0, 0, 0, 10),
(@OGUID+34, 3658, 1, -745.544, -148.284, -28.629, 5.95157, 0, 0, -0.165047, 0.986286, 180, 180, 100, 1, 0, 0, 0, 10),
(@OGUID+35, 3658, 1, -1795.6, -1283.6, 113.066, 5.00909, 0, 0, -0.594823, 0.803857, 180, 180, 100, 1, 0, 0, 0, 10),
(@OGUID+36, 3658, 1, -1720.32, 423.076, 94.2915, 5.06146, 0, 0, -0.573576, 0.819152, 180, 180, 100, 1, 0, 0, 0, 10),
(@OGUID+37, 3658, 1, -1574.96, -1077.88, 103.695, 3.52557, 0, 0, -0.981627, 0.190812, 180, 180, 100, 1, 0, 0, 0, 10),
(@OGUID+38, 3658, 1, -1467.83, -1075.49, 143.206, 1.58825, 0, 0, 0.71325, 0.70091, 180, 180, 100, 1, 0, 0, 0, 10),
(@OGUID+39, 3658, 1, -1454.7, -1002.51, 147.17, 0.610863, 0, 0, 0.300705, 0.953717, 180, 180, 100, 1, 0, 0, 0, 10),
(@OGUID+40, 3719, 1, -2750.28, -438.494, -2.84708, 0.942478, 0, 0, 0.45399, 0.891007, 180, 180, 100, 1, 0, 0, 0, 10),
(@OGUID+41, 3719, 1, -2416.05, 498.563, 64.3684, -1.27409, 0, 0, 0.594823, -0.803857, 180, 180, 100, 1, 0, 0, 0, 10),
(@OGUID+42, 3719, 1, -2246.88, -313.829, -9.4249, 2.74017, 0, 0, 0.979925, 0.199368, 180, 180, 100, 1, 0, 0, 0, 10),
(@OGUID+43, 3719, 1, -2212.89, -376.176, -8.69453, 1.69297, 0, 0, 0.748956, 0.66262, 180, 180, 100, 1, 0, 0, 0, 10),
(@OGUID+44, 3719, 1, -2189.53, -420.679, -4.39675, 1.0472, 0, 0, 0.5, 0.866025, 180, 180, 100, 1, 0, 0, 0, 10),
(@OGUID+45, 3719, 1, -1925.28, 417.42, 133.59, -2.04204, 0, 0, 0.85264, -0.522498, 180, 180, 100, 1, 0, 0, 0, 10),
(@OGUID+46, 3719, 1, -1917.36, -711.039, 3.66848, -1.6057, 0, 0, 0.71934, -0.694658, 180, 180, 100, 1, 0, 0, 0, 10),
(@OGUID+47, 3719, 1, -1894.44, 357.08, 107.787, 3.14159, 0, 0, 1, 0, 180, 180, 100, 1, 0, 0, 0, 10),
(@OGUID+48, 3719, 1, -1774.41, -1175.7, 116.892, 2.54818, 0, 0, 0.956305, 0.292372, 180, 180, 100, 1, 0, 0, 0, 10),
(@OGUID+49, 3719, 1, -1756.74, -1256.07, 113.383, -1.43117, 0, 0, 0.656059, -0.75471, 180, 180, 100, 1, 0, 0, 0, 10),
(@OGUID+50, 3719, 1, -1604.49, -1224.06, 136.574, -1.3439, 0, 0, 0.622515, -0.782608, 180, 180, 100, 1, 0, 0, 0, 10),
(@OGUID+51, 3719, 1, -1577.29, -1191.23, 142.176, 1.0472, 0, 0, 0.5, 0.866025, 180, 180, 100, 1, 0, 0, 0, 10),
(@OGUID+52, 3719, 1, -1466.17, -980.293, 148.621, -2.09439, 0, 0, 0.866025, -0.5, 180, 180, 100, 1, 0, 0, 0, 10),
(@OGUID+53, 3719, 1, -1343.92, -1127.75, 141.794, 0.506145, 0, 0, 0.25038, 0.968148, 180, 180, 100, 1, 0, 0, 0, 10),
(@OGUID+54, 3719, 1, -825.687, -23.4734, -13.1944, 1.69297, 0, 0, 0.748956, 0.66262, 180, 180, 100, 1, 0, 0, 0, 10),
(@OGUID+55, 3719, 1, -2403.57, -384.54, -1.8884, 1.98967, 0, 0, 0.83867, 0.54464, 180, 180, 100, 1, 0, 0, 0, 10),
(@OGUID+56, 3719, 1, -2396.98, 233.64, 49.2076, 4.17134, 0, 0, -0.870356, 0.492424, 180, 180, 100, 1, 0, 0, 0, 10),
(@OGUID+57, 3719, 1, -2385.23, -341.884, -0.730277, 5.96903, 0, 0, -0.156434, 0.987688, 180, 180, 100, 1, 0, 0, 0, 10),
(@OGUID+58, 3719, 1, -2376.23, -396.456, -4.13281, 3.01941, 0, 0, 0.998135, 0.0610518, 180, 180, 100, 1, 0, 0, 0, 10),
(@OGUID+59, 3719, 1, -2350.38, -353.396, -0.749603, 2.67035, 0, 0, 0.972369, 0.233448, 180, 180, 100, 1, 0, 0, 0, 10),
(@OGUID+60, 3719, 1, -2333.26, -311.568, -9.42485, 5.68977, 0, 0, -0.292372, 0.956305, 180, 180, 100, 1, 0, 0, 0, 10),
(@OGUID+61, 3719, 1, -2315.09, -437.497, -5.4384, 5.63741, 0, 0, -0.317305, 0.948324, 180, 180, 100, 1, 0, 0, 0, 10),
(@OGUID+62, 3719, 1, -2310.38, 408.501, 48.9929, 3.59538, 0, 0, -0.97437, 0.224951, 180, 180, 100, 1, 0, 0, 0, 10),
(@OGUID+63, 3719, 1, -2294.59, -437.631, -5.4384, 3.73501, 0, 0, -0.956305, 0.292372, 180, 180, 100, 1, 0, 0, 0, 10),
(@OGUID+64, 3719, 1, -2245.74, -294.46, -9.4249, 3.3685, 0, 0, -0.993571, 0.113208, 180, 180, 100, 1, 0, 0, 0, 10),
(@OGUID+65, 3719, 1, -2237.79, -403.044, -9.4249, 5.21854, 0, 0, -0.507538, 0.861629, 180, 180, 100, 1, 0, 0, 0, 10),
(@OGUID+66, 3719, 1, -1929.27, -708.178, 3.47104, 0.663223, 0, 0, 0.325567, 0.945519, 180, 180, 100, 1, 0, 0, 0, 10),
(@OGUID+67, 3719, 1, -1926.13, -699.123, 3.19337, 2.18166, 0, 0, 0.887011, 0.461749, 180, 180, 100, 1, 0, 0, 0, 10),
(@OGUID+68, 3719, 1, -1799.57, -1222.8, 111.591, 6.12611, 0, 0, -0.0784588, 0.996917, 180, 180, 100, 1, 0, 0, 0, 10),
(@OGUID+69, 3719, 1, -1749.22, -1044.76, 119.983, 5.34071, 0, 0, -0.45399, 0.891007, 180, 180, 100, 1, 0, 0, 0, 10),
(@OGUID+70, 3719, 1, -1534.2, -986.509, 150.715, 2.23402, 0, 0, 0.898793, 0.438373, 180, 180, 100, 1, 0, 0, 0, 10),
(@OGUID+71, 3719, 1, -1506.34, 361.808, 63.0597, 1.37881, 0, 0, 0.636078, 0.771625, 180, 180, 100, 1, 0, 0, 0, 10),
(@OGUID+72, 3719, 1, -802.414, -17.0872, -13.176, 3.76991, 0, 0, -0.951056, 0.309017, 180, 180, 100, 1, 0, 0, 0, 10),
(@OGUID+73, 3719, 1, -745.544, -148.284, -28.629, 5.95157, 0, 0, -0.165047, 0.986286, 180, 180, 100, 1, 0, 0, 0, 10),
(@OGUID+74, 3719, 1, -1795.6, -1283.6, 113.066, 5.00909, 0, 0, -0.594823, 0.803857, 180, 180, 100, 1, 0, 0, 0, 10),
(@OGUID+75, 3719, 1, -1720.32, 423.076, 94.2915, 5.06146, 0, 0, -0.573576, 0.819152, 180, 180, 100, 1, 0, 0, 0, 10),
(@OGUID+76, 3719, 1, -1574.96, -1077.88, 103.695, 3.52557, 0, 0, -0.981627, 0.190812, 180, 180, 100, 1, 0, 0, 0, 10),
(@OGUID+77, 3719, 1, -1467.83, -1075.49, 143.206, 1.58825, 0, 0, 0.71325, 0.70091, 180, 180, 100, 1, 0, 0, 0, 10),
(@OGUID+78, 3719, 1, -1454.7, -1002.51, 147.17, 0.610863, 0, 0, 0.300705, 0.953717, 180, 180, 100, 1, 0, 0, 0, 10);

INSERT INTO `pool_template` (`entry`, `max_limit`, `description`, `patch_min`, `patch_max`) VALUES
(@PTEMPLATE+1, 1, 'Water Barrel / Food Crate - Mulgore', 0, 10),
(@PTEMPLATE+2, 1, 'Water Barrel / Food Crate - Mulgore', 0, 10),
(@PTEMPLATE+3, 1, 'Water Barrel / Food Crate - Mulgore', 0, 10),
(@PTEMPLATE+4, 1, 'Water Barrel / Food Crate - Mulgore', 0, 10),
(@PTEMPLATE+5, 1, 'Water Barrel / Food Crate - Mulgore', 0, 10),
(@PTEMPLATE+6, 1, 'Water Barrel / Food Crate - Mulgore', 0, 10),
(@PTEMPLATE+7, 1, 'Water Barrel / Food Crate - Mulgore', 0, 10),
(@PTEMPLATE+8, 1, 'Water Barrel / Food Crate - Mulgore', 0, 10),
(@PTEMPLATE+9, 1, 'Water Barrel / Food Crate - Mulgore', 0, 10),
(@PTEMPLATE+10, 1, 'Water Barrel / Food Crate - Mulgore', 0, 10),
(@PTEMPLATE+11, 1, 'Water Barrel / Food Crate - Mulgore', 0, 10),
(@PTEMPLATE+12, 1, 'Water Barrel / Food Crate - Mulgore', 0, 10),
(@PTEMPLATE+13, 1, 'Water Barrel / Food Crate - Mulgore', 0, 10),
(@PTEMPLATE+14, 1, 'Water Barrel / Food Crate - Mulgore', 0, 10),
(@PTEMPLATE+15, 1, 'Water Barrel / Food Crate - Mulgore', 0, 10),
(@PTEMPLATE+16, 1, 'Water Barrel / Food Crate - Mulgore', 0, 10),
(@PTEMPLATE+17, 1, 'Water Barrel / Food Crate - Mulgore', 0, 10),
(@PTEMPLATE+18, 1, 'Water Barrel / Food Crate - Mulgore', 0, 10),
(@PTEMPLATE+19, 1, 'Water Barrel / Food Crate - Mulgore', 0, 10),
(@PTEMPLATE+20, 1, 'Water Barrel / Food Crate - Mulgore', 0, 10),
(@PTEMPLATE+21, 1, 'Water Barrel / Food Crate - Mulgore', 0, 10),
(@PTEMPLATE+22, 1, 'Water Barrel / Food Crate - Mulgore', 0, 10),
(@PTEMPLATE+23, 1, 'Water Barrel / Food Crate - Mulgore', 0, 10),
(@PTEMPLATE+24, 1, 'Water Barrel / Food Crate - Mulgore', 0, 10),
(@PTEMPLATE+25, 1, 'Water Barrel / Food Crate - Mulgore', 0, 10),
(@PTEMPLATE+26, 1, 'Water Barrel / Food Crate - Mulgore', 0, 10),
(@PTEMPLATE+27, 1, 'Water Barrel / Food Crate - Mulgore', 0, 10),
(@PTEMPLATE+28, 1, 'Water Barrel / Food Crate - Mulgore', 0, 10),
(@PTEMPLATE+29, 1, 'Water Barrel / Food Crate - Mulgore', 0, 10),
(@PTEMPLATE+30, 1, 'Water Barrel / Food Crate - Mulgore', 0, 10),
(@PTEMPLATE+31, 1, 'Water Barrel / Food Crate - Mulgore', 0, 10),
(@PTEMPLATE+32, 1, 'Water Barrel / Food Crate - Mulgore', 0, 10),
(@PTEMPLATE+33, 1, 'Water Barrel / Food Crate - Mulgore', 0, 10),
(@PTEMPLATE+34, 1, 'Water Barrel / Food Crate - Mulgore', 0, 10),
(@PTEMPLATE+35, 1, 'Water Barrel / Food Crate - Mulgore', 0, 10),
(@PTEMPLATE+36, 1, 'Water Barrel / Food Crate - Mulgore', 0, 10),
(@PTEMPLATE+37, 1, 'Water Barrel / Food Crate - Mulgore', 0, 10),
(@PTEMPLATE+38, 1, 'Water Barrel / Food Crate - Mulgore', 0, 10),
(@PTEMPLATE+39, 1, 'Water Barrel / Food Crate - Mulgore', 0, 10);

INSERT INTO `pool_gameobject` (`guid`, `pool_entry`, `description`, `patch_min`, `patch_max`) VALUES 
(@OGUID+1, @PTEMPLATE+1, 'Water Barrel / Food Crate - Mulgore', 0, 10),
(@OGUID+2, @PTEMPLATE+2, 'Water Barrel / Food Crate - Mulgore', 0, 10),
(@OGUID+3, @PTEMPLATE+3, 'Water Barrel / Food Crate - Mulgore', 0, 10),
(@OGUID+4, @PTEMPLATE+4, 'Water Barrel / Food Crate - Mulgore', 0, 10),
(@OGUID+5, @PTEMPLATE+5, 'Water Barrel / Food Crate - Mulgore', 0, 10),
(@OGUID+6, @PTEMPLATE+6, 'Water Barrel / Food Crate - Mulgore', 0, 10),
(@OGUID+7, @PTEMPLATE+7, 'Water Barrel / Food Crate - Mulgore', 0, 10),
(@OGUID+8, @PTEMPLATE+8, 'Water Barrel / Food Crate - Mulgore', 0, 10),
(@OGUID+9, @PTEMPLATE+9, 'Water Barrel / Food Crate - Mulgore', 0, 10),
(@OGUID+10, @PTEMPLATE+10, 'Water Barrel / Food Crate - Mulgore', 0, 10),
(@OGUID+11, @PTEMPLATE+11, 'Water Barrel / Food Crate - Mulgore', 0, 10),
(@OGUID+12, @PTEMPLATE+12, 'Water Barrel / Food Crate - Mulgore', 0, 10),
(@OGUID+13, @PTEMPLATE+13, 'Water Barrel / Food Crate - Mulgore', 0, 10),
(@OGUID+14, @PTEMPLATE+14, 'Water Barrel / Food Crate - Mulgore', 0, 10),
(@OGUID+15, @PTEMPLATE+15, 'Water Barrel / Food Crate - Mulgore', 0, 10),
(@OGUID+16, @PTEMPLATE+16, 'Water Barrel / Food Crate - Mulgore', 0, 10),
(@OGUID+17, @PTEMPLATE+17, 'Water Barrel / Food Crate - Mulgore', 0, 10),
(@OGUID+18, @PTEMPLATE+18, 'Water Barrel / Food Crate - Mulgore', 0, 10),
(@OGUID+19, @PTEMPLATE+19, 'Water Barrel / Food Crate - Mulgore', 0, 10),
(@OGUID+20, @PTEMPLATE+20, 'Water Barrel / Food Crate - Mulgore', 0, 10),
(@OGUID+21, @PTEMPLATE+21, 'Water Barrel / Food Crate - Mulgore', 0, 10),
(@OGUID+22, @PTEMPLATE+22, 'Water Barrel / Food Crate - Mulgore', 0, 10),
(@OGUID+23, @PTEMPLATE+23, 'Water Barrel / Food Crate - Mulgore', 0, 10),
(@OGUID+24, @PTEMPLATE+24, 'Water Barrel / Food Crate - Mulgore', 0, 10),
(@OGUID+25, @PTEMPLATE+25, 'Water Barrel / Food Crate - Mulgore', 0, 10),
(@OGUID+26, @PTEMPLATE+26, 'Water Barrel / Food Crate - Mulgore', 0, 10),
(@OGUID+27, @PTEMPLATE+27, 'Water Barrel / Food Crate - Mulgore', 0, 10),
(@OGUID+28, @PTEMPLATE+28, 'Water Barrel / Food Crate - Mulgore', 0, 10),
(@OGUID+29, @PTEMPLATE+29, 'Water Barrel / Food Crate - Mulgore', 0, 10),
(@OGUID+30, @PTEMPLATE+30, 'Water Barrel / Food Crate - Mulgore', 0, 10),
(@OGUID+31, @PTEMPLATE+31, 'Water Barrel / Food Crate - Mulgore', 0, 10),
(@OGUID+32, @PTEMPLATE+32, 'Water Barrel / Food Crate - Mulgore', 0, 10),
(@OGUID+33, @PTEMPLATE+33, 'Water Barrel / Food Crate - Mulgore', 0, 10),
(@OGUID+34, @PTEMPLATE+34, 'Water Barrel / Food Crate - Mulgore', 0, 10),
(@OGUID+35, @PTEMPLATE+35, 'Water Barrel / Food Crate - Mulgore', 0, 10),
(@OGUID+36, @PTEMPLATE+36, 'Water Barrel / Food Crate - Mulgore', 0, 10),
(@OGUID+37, @PTEMPLATE+37, 'Water Barrel / Food Crate - Mulgore', 0, 10),
(@OGUID+38, @PTEMPLATE+38, 'Water Barrel / Food Crate - Mulgore', 0, 10),
(@OGUID+39, @PTEMPLATE+39, 'Water Barrel / Food Crate - Mulgore', 0, 10),
(@OGUID+40, @PTEMPLATE+1, 'Water Barrel / Food Crate - Mulgore', 0, 10),
(@OGUID+41, @PTEMPLATE+2, 'Water Barrel / Food Crate - Mulgore', 0, 10),
(@OGUID+42, @PTEMPLATE+3, 'Water Barrel / Food Crate - Mulgore', 0, 10),
(@OGUID+43, @PTEMPLATE+4, 'Water Barrel / Food Crate - Mulgore', 0, 10),
(@OGUID+44, @PTEMPLATE+5, 'Water Barrel / Food Crate - Mulgore', 0, 10),
(@OGUID+45, @PTEMPLATE+6, 'Water Barrel / Food Crate - Mulgore', 0, 10),
(@OGUID+46, @PTEMPLATE+7, 'Water Barrel / Food Crate - Mulgore', 0, 10),
(@OGUID+47, @PTEMPLATE+8, 'Water Barrel / Food Crate - Mulgore', 0, 10),
(@OGUID+48, @PTEMPLATE+9, 'Water Barrel / Food Crate - Mulgore', 0, 10),
(@OGUID+49, @PTEMPLATE+10, 'Water Barrel / Food Crate - Mulgore', 0, 10),
(@OGUID+50, @PTEMPLATE+11, 'Water Barrel / Food Crate - Mulgore', 0, 10),
(@OGUID+51, @PTEMPLATE+12, 'Water Barrel / Food Crate - Mulgore', 0, 10),
(@OGUID+52, @PTEMPLATE+13, 'Water Barrel / Food Crate - Mulgore', 0, 10),
(@OGUID+53, @PTEMPLATE+14, 'Water Barrel / Food Crate - Mulgore', 0, 10),
(@OGUID+54, @PTEMPLATE+15, 'Water Barrel / Food Crate - Mulgore', 0, 10),
(@OGUID+55, @PTEMPLATE+16, 'Water Barrel / Food Crate - Mulgore', 0, 10),
(@OGUID+56, @PTEMPLATE+17, 'Water Barrel / Food Crate - Mulgore', 0, 10),
(@OGUID+57, @PTEMPLATE+18, 'Water Barrel / Food Crate - Mulgore', 0, 10),
(@OGUID+58, @PTEMPLATE+19, 'Water Barrel / Food Crate - Mulgore', 0, 10),
(@OGUID+59, @PTEMPLATE+20, 'Water Barrel / Food Crate - Mulgore', 0, 10),
(@OGUID+60, @PTEMPLATE+21, 'Water Barrel / Food Crate - Mulgore', 0, 10),
(@OGUID+61, @PTEMPLATE+22, 'Water Barrel / Food Crate - Mulgore', 0, 10),
(@OGUID+62, @PTEMPLATE+23, 'Water Barrel / Food Crate - Mulgore', 0, 10),
(@OGUID+63, @PTEMPLATE+24, 'Water Barrel / Food Crate - Mulgore', 0, 10),
(@OGUID+64, @PTEMPLATE+25, 'Water Barrel / Food Crate - Mulgore', 0, 10),
(@OGUID+65, @PTEMPLATE+26, 'Water Barrel / Food Crate - Mulgore', 0, 10),
(@OGUID+66, @PTEMPLATE+27, 'Water Barrel / Food Crate - Mulgore', 0, 10),
(@OGUID+67, @PTEMPLATE+28, 'Water Barrel / Food Crate - Mulgore', 0, 10),
(@OGUID+68, @PTEMPLATE+29, 'Water Barrel / Food Crate - Mulgore', 0, 10),
(@OGUID+69, @PTEMPLATE+30, 'Water Barrel / Food Crate - Mulgore', 0, 10),
(@OGUID+70, @PTEMPLATE+31, 'Water Barrel / Food Crate - Mulgore', 0, 10),
(@OGUID+71, @PTEMPLATE+32, 'Water Barrel / Food Crate - Mulgore', 0, 10),
(@OGUID+72, @PTEMPLATE+33, 'Water Barrel / Food Crate - Mulgore', 0, 10),
(@OGUID+73, @PTEMPLATE+34, 'Water Barrel / Food Crate - Mulgore', 0, 10),
(@OGUID+74, @PTEMPLATE+35, 'Water Barrel / Food Crate - Mulgore', 0, 10),
(@OGUID+75, @PTEMPLATE+36, 'Water Barrel / Food Crate - Mulgore', 0, 10),
(@OGUID+76, @PTEMPLATE+37, 'Water Barrel / Food Crate - Mulgore', 0, 10),
(@OGUID+77, @PTEMPLATE+38, 'Water Barrel / Food Crate - Mulgore', 0, 10),
(@OGUID+78, @PTEMPLATE+39, 'Water Barrel / Food Crate - Mulgore', 0, 10);

INSERT INTO `pool_template` (`entry`, `max_limit`, `description`, `flags`, `instance`, `patch_min`, `patch_max`) VALUES
(@PTEMPLATE+40, 18, 'Mulgore - Water Barrel / Food Crate (Master Pool)', 0, 0, 0, 10);
INSERT INTO `pool_pool` (`pool_id`, `mother_pool`, `chance`, `description`, `flags`) VALUES
(@PTEMPLATE+1, @PTEMPLATE+40, 0, 'Water Barrel / Food Crate - Mulgore', 0),
(@PTEMPLATE+2, @PTEMPLATE+40, 0, 'Water Barrel / Food Crate - Mulgore', 0),
(@PTEMPLATE+3, @PTEMPLATE+40, 0, 'Water Barrel / Food Crate - Mulgore', 0),
(@PTEMPLATE+4, @PTEMPLATE+40, 0, 'Water Barrel / Food Crate - Mulgore', 0),
(@PTEMPLATE+5, @PTEMPLATE+40, 0, 'Water Barrel / Food Crate - Mulgore', 0),
(@PTEMPLATE+6, @PTEMPLATE+40, 0, 'Water Barrel / Food Crate - Mulgore', 0),
(@PTEMPLATE+7, @PTEMPLATE+40, 0, 'Water Barrel / Food Crate - Mulgore', 0),
(@PTEMPLATE+8, @PTEMPLATE+40, 0, 'Water Barrel / Food Crate - Mulgore', 0),
(@PTEMPLATE+9, @PTEMPLATE+40, 0, 'Water Barrel / Food Crate - Mulgore', 0),
(@PTEMPLATE+10, @PTEMPLATE+40, 0, 'Water Barrel / Food Crate - Mulgore', 0),
(@PTEMPLATE+11, @PTEMPLATE+40, 0, 'Water Barrel / Food Crate - Mulgore', 0),
(@PTEMPLATE+12, @PTEMPLATE+40, 0, 'Water Barrel / Food Crate - Mulgore', 0),
(@PTEMPLATE+13, @PTEMPLATE+40, 0, 'Water Barrel / Food Crate - Mulgore', 0),
(@PTEMPLATE+14, @PTEMPLATE+40, 0, 'Water Barrel / Food Crate - Mulgore', 0),
(@PTEMPLATE+15, @PTEMPLATE+40, 0, 'Water Barrel / Food Crate - Mulgore', 0),
(@PTEMPLATE+16, @PTEMPLATE+40, 0, 'Water Barrel / Food Crate - Mulgore', 0),
(@PTEMPLATE+17, @PTEMPLATE+40, 0, 'Water Barrel / Food Crate - Mulgore', 0),
(@PTEMPLATE+18, @PTEMPLATE+40, 0, 'Water Barrel / Food Crate - Mulgore', 0),
(@PTEMPLATE+19, @PTEMPLATE+40, 0, 'Water Barrel / Food Crate - Mulgore', 0),
(@PTEMPLATE+20, @PTEMPLATE+40, 0, 'Water Barrel / Food Crate - Mulgore', 0),
(@PTEMPLATE+21, @PTEMPLATE+40, 0, 'Water Barrel / Food Crate - Mulgore', 0),
(@PTEMPLATE+22, @PTEMPLATE+40, 0, 'Water Barrel / Food Crate - Mulgore', 0),
(@PTEMPLATE+23, @PTEMPLATE+40, 0, 'Water Barrel / Food Crate - Mulgore', 0),
(@PTEMPLATE+24, @PTEMPLATE+40, 0, 'Water Barrel / Food Crate - Mulgore', 0),
(@PTEMPLATE+25, @PTEMPLATE+40, 0, 'Water Barrel / Food Crate - Mulgore', 0),
(@PTEMPLATE+26, @PTEMPLATE+40, 0, 'Water Barrel / Food Crate - Mulgore', 0),
(@PTEMPLATE+27, @PTEMPLATE+40, 0, 'Water Barrel / Food Crate - Mulgore', 0),
(@PTEMPLATE+28, @PTEMPLATE+40, 0, 'Water Barrel / Food Crate - Mulgore', 0),
(@PTEMPLATE+29, @PTEMPLATE+40, 0, 'Water Barrel / Food Crate - Mulgore', 0),
(@PTEMPLATE+30, @PTEMPLATE+40, 0, 'Water Barrel / Food Crate - Mulgore', 0),
(@PTEMPLATE+31, @PTEMPLATE+40, 0, 'Water Barrel / Food Crate - Mulgore', 0),
(@PTEMPLATE+32, @PTEMPLATE+40, 0, 'Water Barrel / Food Crate - Mulgore', 0),
(@PTEMPLATE+33, @PTEMPLATE+40, 0, 'Water Barrel / Food Crate - Mulgore', 0),
(@PTEMPLATE+34, @PTEMPLATE+40, 0, 'Water Barrel / Food Crate - Mulgore', 0),
(@PTEMPLATE+35, @PTEMPLATE+40, 0, 'Water Barrel / Food Crate - Mulgore', 0),
(@PTEMPLATE+36, @PTEMPLATE+40, 0, 'Water Barrel / Food Crate - Mulgore', 0),
(@PTEMPLATE+37, @PTEMPLATE+40, 0, 'Water Barrel / Food Crate - Mulgore', 0),
(@PTEMPLATE+38, @PTEMPLATE+40, 0, 'Water Barrel / Food Crate - Mulgore', 0),
(@PTEMPLATE+39, @PTEMPLATE+40, 0, 'Water Barrel / Food Crate - Mulgore', 0);


-- End of migration.
END IF;
END??
delimiter ; 
CALL add_migration();
DROP PROCEDURE IF EXISTS add_migration;
