DROP PROCEDURE IF EXISTS add_migration;
delimiter ??
CREATE PROCEDURE `add_migration`()
BEGIN
DECLARE v INT DEFAULT 1;
SET v = (SELECT COUNT(*) FROM `migrations` WHERE `id`='20230703200724');
IF v=0 THEN
INSERT INTO `migrations` VALUES ('20230703200724');
-- Add your query below.


SET @OGUID = 28198;
SET @PTEMPLATE = 2047;

-- 10 Duskwood 3659 / 3695 Barrel of Melon Juice / Food Crate
DELETE FROM `gameobject` WHERE `guid` IN (16615, 16612, 16607, 16590, 16583, 15770, 15768, 15762, 15746, 15744, 15743, 15742);
DELETE FROM `pool_gameobject` WHERE `guid` IN (16615, 16612, 16607, 16590, 16583, 15770, 15768, 15762, 15746, 15744, 15743, 15742);
DELETE FROM `pool_template` WHERE `entry` IN (SELECT `pool_entry` FROM `pool_gameobject` WHERE `guid` IN (16615, 16612, 16607, 16590, 16583, 15770, 15768, 15762, 15746, 15744, 15743, 15742));

INSERT INTO `gameobject` (`guid`, `id`, `map`, `position_x`, `position_y`, `position_z`, `orientation`, `rotation0`, `rotation1`, `rotation2`, `rotation3`, `spawntimesecsmin`, `spawntimesecsmax`, `animprogress`, `state`, `spawn_flags`, `visibility_mod`, `patch_min`, `patch_max`) VALUES
(@OGUID+1, 3659, 0, -11148.2, -849.795, 77.2473, 1.46608, 0, 0, 0.669131, 0.743145, 180, 180, 100, 1, 0, 0, 0, 10),
(@OGUID+2, 3659, 0, -11093.7, -72.5793, 14.7385, 2.35619, 0, 0, 0.92388, 0.382683, 180, 180, 100, 1, 0, 0, 0, 10),
(@OGUID+3, 3659, 0, -11087.6, -543.905, 32.4458, -3.12414, 0, 0, 0.999962, -0.008727, 180, 180, 100, 1, 0, 0, 0, 10),
(@OGUID+4, 3659, 0, -11027.4, 252.967, 27.6034, -2.6529, 0, 0, 0.970296, -0.241922, 180, 180, 100, 1, 0, 0, 0, 10),
(@OGUID+5, 3659, 0, -11022.4, -1108.87, 40.6748, -1.32645, 0, 0, 0.615661, -0.788011, 180, 180, 100, 1, 0, 0, 0, 10),
(@OGUID+6, 3659, 0, -10942.5, -934.878, 76.8786, 2.75762, 0, 0, 0.981627, 0.190809, 180, 180, 100, 1, 0, 0, 0, 10),
(@OGUID+7, 3659, 0, -10740.1, -1120.25, 27.6742, -1.71042, 0, 0, 0.75471, -0.656059, 180, 180, 100, 1, 0, 0, 0, 10),
(@OGUID+8, 3659, 0, -10717.8, 256.985, 43.9064, -1.01229, 0, 0, 0.48481, -0.87462, 180, 180, 100, 1, 0, 0, 0, 10),
(@OGUID+9, 3659, 0, -10585.9, -1205.39, 28.4989, 0.802851, 0, 0, 0.390731, 0.920505, 180, 180, 100, 1, 0, 0, 0, 10),
(@OGUID+10, 3659, 0, -10441.3, -794.54, 52.3904, 0.890118, 0, 0, 0.430511, 0.902585, 180, 180, 100, 1, 0, 0, 0, 10),
(@OGUID+11, 3659, 0, -10342.2, -1551.89, 92.6508, -1.65806, 0, 0, 0.737277, -0.67559, 180, 180, 100, 1, 0, 0, 0, 10),
(@OGUID+12, 3659, 0, -10326.5, 354.035, 60.7475, 2.35619, 0, 0, 0.92388, 0.382683, 180, 180, 100, 1, 0, 0, 0, 10),
(@OGUID+13, 3659, 0, -11101.6, -486.134, 32.8518, 2.02458, 0, 0, 0.848047, 0.529921, 180, 180, 100, 1, 0, 0, 0, 10),
(@OGUID+14, 3659, 0, -11081.3, -825.292, 58.2608, 3.85718, 0, 0, -0.936671, 0.35021, 180, 180, 100, 1, 0, 0, 0, 10),
(@OGUID+15, 3659, 0, -11070.7, -232.52, 17.7997, 5.20108, 0, 0, -0.515038, 0.857168, 180, 180, 100, 1, 0, 0, 0, 10),
(@OGUID+16, 3659, 0, -11070.3, -952.024, 64.5091, 2.49582, 0, 0, 0.948323, 0.317306, 180, 180, 100, 1, 0, 0, 0, 10),
(@OGUID+17, 3659, 0, -11024, -1144.52, 38.6127, 0.244346, 0, 0, 0.121869, 0.992546, 180, 180, 100, 1, 0, 0, 0, 10),
(@OGUID+18, 3659, 0, -11022.2, -898.001, 63.0994, 2.30383, 0, 0, 0.913545, 0.406738, 180, 180, 100, 1, 0, 0, 0, 10),
(@OGUID+19, 3659, 0, -11007.3, 198.255, 27.5019, 6.00393, 0, 0, -0.139173, 0.990268, 180, 180, 100, 1, 0, 0, 0, 10),
(@OGUID+20, 3659, 0, -10963.4, -952.328, 71.1918, 5.2709, 0, 0, -0.484809, 0.87462, 180, 180, 100, 1, 0, 0, 0, 10),
(@OGUID+21, 3659, 0, -10955.8, -42.0711, 13.355, 0.558504, 0, 0, 0.275637, 0.961262, 180, 180, 100, 1, 0, 0, 0, 10),
(@OGUID+22, 3659, 0, -10930.7, -393.477, 40.6999, 2.9496, 0, 0, 0.995396, 0.0958512, 180, 180, 100, 1, 0, 0, 0, 10),
(@OGUID+23, 3659, 0, -10927.6, 439.559, 45.4684, 3.38594, 0, 0, -0.992546, 0.12187, 180, 180, 100, 1, 0, 0, 0, 10),
(@OGUID+24, 3659, 0, -10754.4, -1041.35, 41.4959, 0.0523589, 0, 0, 0.0261765, 0.999657, 180, 180, 100, 1, 0, 0, 0, 10),
(@OGUID+25, 3659, 0, -10688.6, 340.587, 44.4898, 2.96704, 0, 0, 0.996194, 0.087165, 180, 180, 100, 1, 0, 0, 0, 10),
(@OGUID+26, 3659, 0, -10687.4, 321.094, 33.6026, 1.22173, 0, 0, 0.573576, 0.819152, 180, 180, 100, 1, 0, 0, 0, 10),
(@OGUID+27, 3659, 0, -10666.2, -1259.92, 29.7281, 2.07694, 0, 0, 0.861629, 0.507539, 180, 180, 100, 1, 0, 0, 0, 10),
(@OGUID+28, 3659, 0, -10646.7, -879.4, 50.3618, 3.49067, 0, 0, -0.984807, 0.173652, 180, 180, 100, 1, 0, 0, 0, 10),
(@OGUID+29, 3659, 0, -10623.1, -1153.81, 26.7574, 2.32129, 0, 0, 0.91706, 0.39875, 180, 180, 100, 1, 0, 0, 0, 10),
(@OGUID+30, 3659, 0, -10577, -1317, 50.3811, 0.122173, 0, 0, 0.0610485, 0.998135, 180, 180, 100, 1, 0, 0, 0, 10),
(@OGUID+31, 3659, 0, -10497, -1155.69, 28.0865, 5.35816, 0, 0, -0.446198, 0.894935, 180, 180, 100, 1, 0, 0, 0, 10),
(@OGUID+32, 3659, 0, -10366.1, -1259.79, 35.9107, 4.01426, 0, 0, -0.906307, 0.422619, 180, 180, 100, 1, 0, 0, 0, 10),
(@OGUID+33, 3659, 0, -10277.4, 77.0662, 38.8842, 4.2237, 0, 0, -0.857167, 0.515038, 180, 180, 100, 1, 0, 0, 0, 10),
(@OGUID+34, 3659, 0, -10256.5, -739.105, 45.305, 2.25147, 0, 0, 0.902585, 0.430512, 180, 180, 100, 1, 0, 0, 0, 10),
(@OGUID+35, 3695, 0, -11148.2, -849.795, 77.2473, 1.46608, 0, 0, 0.669131, 0.743145, 180, 180, 100, 1, 0, 0, 0, 10),
(@OGUID+36, 3695, 0, -11093.7, -72.5793, 14.7385, 2.35619, 0, 0, 0.92388, 0.382683, 180, 180, 100, 1, 0, 0, 0, 10),
(@OGUID+37, 3695, 0, -11087.6, -543.905, 32.4458, -3.12414, 0, 0, 0.999962, -0.008727, 180, 180, 100, 1, 0, 0, 0, 10),
(@OGUID+38, 3695, 0, -11027.4, 252.967, 27.6034, -2.6529, 0, 0, 0.970296, -0.241922, 180, 180, 100, 1, 0, 0, 0, 10),
(@OGUID+39, 3695, 0, -11022.4, -1108.87, 40.6748, -1.32645, 0, 0, 0.615661, -0.788011, 180, 180, 100, 1, 0, 0, 0, 10),
(@OGUID+40, 3695, 0, -10942.5, -934.878, 76.8786, 2.75762, 0, 0, 0.981627, 0.190809, 180, 180, 100, 1, 0, 0, 0, 10),
(@OGUID+41, 3695, 0, -10740.1, -1120.25, 27.6742, -1.71042, 0, 0, 0.75471, -0.656059, 180, 180, 100, 1, 0, 0, 0, 10),
(@OGUID+42, 3695, 0, -10717.8, 256.985, 43.9064, -1.01229, 0, 0, 0.48481, -0.87462, 180, 180, 100, 1, 0, 0, 0, 10),
(@OGUID+43, 3695, 0, -10585.9, -1205.39, 28.4989, 0.802851, 0, 0, 0.390731, 0.920505, 180, 180, 100, 1, 0, 0, 0, 10),
(@OGUID+44, 3695, 0, -10441.3, -794.54, 52.3904, 0.890118, 0, 0, 0.430511, 0.902585, 180, 180, 100, 1, 0, 0, 0, 10),
(@OGUID+45, 3695, 0, -10342.2, -1551.89, 92.6508, -1.65806, 0, 0, 0.737277, -0.67559, 180, 180, 100, 1, 0, 0, 0, 10),
(@OGUID+46, 3695, 0, -10326.5, 354.035, 60.7475, 2.35619, 0, 0, 0.92388, 0.382683, 180, 180, 100, 1, 0, 0, 0, 10),
(@OGUID+47, 3695, 0, -11101.6, -486.134, 32.8518, 2.02458, 0, 0, 0.848047, 0.529921, 180, 180, 100, 1, 0, 0, 0, 10),
(@OGUID+48, 3695, 0, -11081.3, -825.292, 58.2608, 3.85718, 0, 0, -0.936671, 0.35021, 180, 180, 100, 1, 0, 0, 0, 10),
(@OGUID+49, 3695, 0, -11070.7, -232.52, 17.7997, 5.20108, 0, 0, -0.515038, 0.857168, 180, 180, 100, 1, 0, 0, 0, 10),
(@OGUID+50, 3695, 0, -11070.3, -952.024, 64.5091, 2.49582, 0, 0, 0.948323, 0.317306, 180, 180, 100, 1, 0, 0, 0, 10),
(@OGUID+51, 3695, 0, -11024, -1144.52, 38.6127, 0.244346, 0, 0, 0.121869, 0.992546, 180, 180, 100, 1, 0, 0, 0, 10),
(@OGUID+52, 3695, 0, -11022.2, -898.001, 63.0994, 2.30383, 0, 0, 0.913545, 0.406738, 180, 180, 100, 1, 0, 0, 0, 10),
(@OGUID+53, 3695, 0, -11007.3, 198.255, 27.5019, 6.00393, 0, 0, -0.139173, 0.990268, 180, 180, 100, 1, 0, 0, 0, 10),
(@OGUID+54, 3695, 0, -10963.4, -952.328, 71.1918, 5.2709, 0, 0, -0.484809, 0.87462, 180, 180, 100, 1, 0, 0, 0, 10),
(@OGUID+55, 3695, 0, -10955.8, -42.0711, 13.355, 0.558504, 0, 0, 0.275637, 0.961262, 180, 180, 100, 1, 0, 0, 0, 10),
(@OGUID+56, 3695, 0, -10930.7, -393.477, 40.6999, 2.9496, 0, 0, 0.995396, 0.0958512, 180, 180, 100, 1, 0, 0, 0, 10),
(@OGUID+57, 3695, 0, -10927.6, 439.559, 45.4684, 3.38594, 0, 0, -0.992546, 0.12187, 180, 180, 100, 1, 0, 0, 0, 10),
(@OGUID+58, 3695, 0, -10754.4, -1041.35, 41.4959, 0.0523589, 0, 0, 0.0261765, 0.999657, 180, 180, 100, 1, 0, 0, 0, 10),
(@OGUID+59, 3695, 0, -10688.6, 340.587, 44.4898, 2.96704, 0, 0, 0.996194, 0.087165, 180, 180, 100, 1, 0, 0, 0, 10),
(@OGUID+60, 3695, 0, -10687.4, 321.094, 33.6026, 1.22173, 0, 0, 0.573576, 0.819152, 180, 180, 100, 1, 0, 0, 0, 10),
(@OGUID+61, 3695, 0, -10666.2, -1259.92, 29.7281, 2.07694, 0, 0, 0.861629, 0.507539, 180, 180, 100, 1, 0, 0, 0, 10),
(@OGUID+62, 3695, 0, -10646.7, -879.4, 50.3618, 3.49067, 0, 0, -0.984807, 0.173652, 180, 180, 100, 1, 0, 0, 0, 10),
(@OGUID+63, 3695, 0, -10623.1, -1153.81, 26.7574, 2.32129, 0, 0, 0.91706, 0.39875, 180, 180, 100, 1, 0, 0, 0, 10),
(@OGUID+64, 3695, 0, -10577, -1317, 50.3811, 0.122173, 0, 0, 0.0610485, 0.998135, 180, 180, 100, 1, 0, 0, 0, 10),
(@OGUID+65, 3695, 0, -10497, -1155.69, 28.0865, 5.35816, 0, 0, -0.446198, 0.894935, 180, 180, 100, 1, 0, 0, 0, 10),
(@OGUID+66, 3695, 0, -10366.1, -1259.79, 35.9107, 4.01426, 0, 0, -0.906307, 0.422619, 180, 180, 100, 1, 0, 0, 0, 10),
(@OGUID+67, 3695, 0, -10277.4, 77.0662, 38.8842, 4.2237, 0, 0, -0.857167, 0.515038, 180, 180, 100, 1, 0, 0, 0, 10),
(@OGUID+68, 3695, 0, -10256.5, -739.105, 45.305, 2.25147, 0, 0, 0.902585, 0.430512, 180, 180, 100, 1, 0, 0, 0, 10);

INSERT INTO `pool_template` (`entry`, `max_limit`, `description`, `patch_min`, `patch_max`) VALUES
(@PTEMPLATE+1, 1, 'Barrel of Melon Juice / Food Crate - Duskwood', 0, 10),
(@PTEMPLATE+2, 1, 'Barrel of Melon Juice / Food Crate - Duskwood', 0, 10),
(@PTEMPLATE+3, 1, 'Barrel of Melon Juice / Food Crate - Duskwood', 0, 10),
(@PTEMPLATE+4, 1, 'Barrel of Melon Juice / Food Crate - Duskwood', 0, 10),
(@PTEMPLATE+5, 1, 'Barrel of Melon Juice / Food Crate - Duskwood', 0, 10),
(@PTEMPLATE+6, 1, 'Barrel of Melon Juice / Food Crate - Duskwood', 0, 10),
(@PTEMPLATE+7, 1, 'Barrel of Melon Juice / Food Crate - Duskwood', 0, 10),
(@PTEMPLATE+8, 1, 'Barrel of Melon Juice / Food Crate - Duskwood', 0, 10),
(@PTEMPLATE+9, 1, 'Barrel of Melon Juice / Food Crate - Duskwood', 0, 10),
(@PTEMPLATE+10, 1, 'Barrel of Melon Juice / Food Crate - Duskwood', 0, 10),
(@PTEMPLATE+11, 1, 'Barrel of Melon Juice / Food Crate - Duskwood', 0, 10),
(@PTEMPLATE+12, 1, 'Barrel of Melon Juice / Food Crate - Duskwood', 0, 10),
(@PTEMPLATE+13, 1, 'Barrel of Melon Juice / Food Crate - Duskwood', 0, 10),
(@PTEMPLATE+14, 1, 'Barrel of Melon Juice / Food Crate - Duskwood', 0, 10),
(@PTEMPLATE+15, 1, 'Barrel of Melon Juice / Food Crate - Duskwood', 0, 10),
(@PTEMPLATE+16, 1, 'Barrel of Melon Juice / Food Crate - Duskwood', 0, 10),
(@PTEMPLATE+17, 1, 'Barrel of Melon Juice / Food Crate - Duskwood', 0, 10),
(@PTEMPLATE+18, 1, 'Barrel of Melon Juice / Food Crate - Duskwood', 0, 10),
(@PTEMPLATE+19, 1, 'Barrel of Melon Juice / Food Crate - Duskwood', 0, 10),
(@PTEMPLATE+20, 1, 'Barrel of Melon Juice / Food Crate - Duskwood', 0, 10),
(@PTEMPLATE+21, 1, 'Barrel of Melon Juice / Food Crate - Duskwood', 0, 10),
(@PTEMPLATE+22, 1, 'Barrel of Melon Juice / Food Crate - Duskwood', 0, 10),
(@PTEMPLATE+23, 1, 'Barrel of Melon Juice / Food Crate - Duskwood', 0, 10),
(@PTEMPLATE+24, 1, 'Barrel of Melon Juice / Food Crate - Duskwood', 0, 10),
(@PTEMPLATE+25, 1, 'Barrel of Melon Juice / Food Crate - Duskwood', 0, 10),
(@PTEMPLATE+26, 1, 'Barrel of Melon Juice / Food Crate - Duskwood', 0, 10),
(@PTEMPLATE+27, 1, 'Barrel of Melon Juice / Food Crate - Duskwood', 0, 10),
(@PTEMPLATE+28, 1, 'Barrel of Melon Juice / Food Crate - Duskwood', 0, 10),
(@PTEMPLATE+29, 1, 'Barrel of Melon Juice / Food Crate - Duskwood', 0, 10),
(@PTEMPLATE+30, 1, 'Barrel of Melon Juice / Food Crate - Duskwood', 0, 10),
(@PTEMPLATE+31, 1, 'Barrel of Melon Juice / Food Crate - Duskwood', 0, 10),
(@PTEMPLATE+32, 1, 'Barrel of Melon Juice / Food Crate - Duskwood', 0, 10),
(@PTEMPLATE+33, 1, 'Barrel of Melon Juice / Food Crate - Duskwood', 0, 10),
(@PTEMPLATE+34, 1, 'Barrel of Melon Juice / Food Crate - Duskwood', 0, 10);

INSERT INTO `pool_gameobject` (`guid`, `pool_entry`, `description`, `patch_min`, `patch_max`) VALUES 
(@OGUID+1, @PTEMPLATE+1, 'Barrel of Melon Juice / Food Crate - Duskwood', 0, 10),
(@OGUID+2, @PTEMPLATE+2, 'Barrel of Melon Juice / Food Crate - Duskwood', 0, 10),
(@OGUID+3, @PTEMPLATE+3, 'Barrel of Melon Juice / Food Crate - Duskwood', 0, 10),
(@OGUID+4, @PTEMPLATE+4, 'Barrel of Melon Juice / Food Crate - Duskwood', 0, 10),
(@OGUID+5, @PTEMPLATE+5, 'Barrel of Melon Juice / Food Crate - Duskwood', 0, 10),
(@OGUID+6, @PTEMPLATE+6, 'Barrel of Melon Juice / Food Crate - Duskwood', 0, 10),
(@OGUID+7, @PTEMPLATE+7, 'Barrel of Melon Juice / Food Crate - Duskwood', 0, 10),
(@OGUID+8, @PTEMPLATE+8, 'Barrel of Melon Juice / Food Crate - Duskwood', 0, 10),
(@OGUID+9, @PTEMPLATE+9, 'Barrel of Melon Juice / Food Crate - Duskwood', 0, 10),
(@OGUID+10, @PTEMPLATE+10, 'Barrel of Melon Juice / Food Crate - Duskwood', 0, 10),
(@OGUID+11, @PTEMPLATE+11, 'Barrel of Melon Juice / Food Crate - Duskwood', 0, 10),
(@OGUID+12, @PTEMPLATE+12, 'Barrel of Melon Juice / Food Crate - Duskwood', 0, 10),
(@OGUID+13, @PTEMPLATE+13, 'Barrel of Melon Juice / Food Crate - Duskwood', 0, 10),
(@OGUID+14, @PTEMPLATE+14, 'Barrel of Melon Juice / Food Crate - Duskwood', 0, 10),
(@OGUID+15, @PTEMPLATE+15, 'Barrel of Melon Juice / Food Crate - Duskwood', 0, 10),
(@OGUID+16, @PTEMPLATE+16, 'Barrel of Melon Juice / Food Crate - Duskwood', 0, 10),
(@OGUID+17, @PTEMPLATE+17, 'Barrel of Melon Juice / Food Crate - Duskwood', 0, 10),
(@OGUID+18, @PTEMPLATE+18, 'Barrel of Melon Juice / Food Crate - Duskwood', 0, 10),
(@OGUID+19, @PTEMPLATE+19, 'Barrel of Melon Juice / Food Crate - Duskwood', 0, 10),
(@OGUID+20, @PTEMPLATE+20, 'Barrel of Melon Juice / Food Crate - Duskwood', 0, 10),
(@OGUID+21, @PTEMPLATE+21, 'Barrel of Melon Juice / Food Crate - Duskwood', 0, 10),
(@OGUID+22, @PTEMPLATE+22, 'Barrel of Melon Juice / Food Crate - Duskwood', 0, 10),
(@OGUID+23, @PTEMPLATE+23, 'Barrel of Melon Juice / Food Crate - Duskwood', 0, 10),
(@OGUID+24, @PTEMPLATE+24, 'Barrel of Melon Juice / Food Crate - Duskwood', 0, 10),
(@OGUID+25, @PTEMPLATE+25, 'Barrel of Melon Juice / Food Crate - Duskwood', 0, 10),
(@OGUID+26, @PTEMPLATE+26, 'Barrel of Melon Juice / Food Crate - Duskwood', 0, 10),
(@OGUID+27, @PTEMPLATE+27, 'Barrel of Melon Juice / Food Crate - Duskwood', 0, 10),
(@OGUID+28, @PTEMPLATE+28, 'Barrel of Melon Juice / Food Crate - Duskwood', 0, 10),
(@OGUID+29, @PTEMPLATE+29, 'Barrel of Melon Juice / Food Crate - Duskwood', 0, 10),
(@OGUID+30, @PTEMPLATE+30, 'Barrel of Melon Juice / Food Crate - Duskwood', 0, 10),
(@OGUID+31, @PTEMPLATE+31, 'Barrel of Melon Juice / Food Crate - Duskwood', 0, 10),
(@OGUID+32, @PTEMPLATE+32, 'Barrel of Melon Juice / Food Crate - Duskwood', 0, 10),
(@OGUID+33, @PTEMPLATE+33, 'Barrel of Melon Juice / Food Crate - Duskwood', 0, 10),
(@OGUID+34, @PTEMPLATE+34, 'Barrel of Melon Juice / Food Crate - Duskwood', 0, 10),
(@OGUID+35, @PTEMPLATE+1, 'Barrel of Melon Juice / Food Crate - Duskwood', 0, 10),
(@OGUID+36, @PTEMPLATE+2, 'Barrel of Melon Juice / Food Crate - Duskwood', 0, 10),
(@OGUID+37, @PTEMPLATE+3, 'Barrel of Melon Juice / Food Crate - Duskwood', 0, 10),
(@OGUID+38, @PTEMPLATE+4, 'Barrel of Melon Juice / Food Crate - Duskwood', 0, 10),
(@OGUID+39, @PTEMPLATE+5, 'Barrel of Melon Juice / Food Crate - Duskwood', 0, 10),
(@OGUID+40, @PTEMPLATE+6, 'Barrel of Melon Juice / Food Crate - Duskwood', 0, 10),
(@OGUID+41, @PTEMPLATE+7, 'Barrel of Melon Juice / Food Crate - Duskwood', 0, 10),
(@OGUID+42, @PTEMPLATE+8, 'Barrel of Melon Juice / Food Crate - Duskwood', 0, 10),
(@OGUID+43, @PTEMPLATE+9, 'Barrel of Melon Juice / Food Crate - Duskwood', 0, 10),
(@OGUID+44, @PTEMPLATE+10, 'Barrel of Melon Juice / Food Crate - Duskwood', 0, 10),
(@OGUID+45, @PTEMPLATE+11, 'Barrel of Melon Juice / Food Crate - Duskwood', 0, 10),
(@OGUID+46, @PTEMPLATE+12, 'Barrel of Melon Juice / Food Crate - Duskwood', 0, 10),
(@OGUID+47, @PTEMPLATE+13, 'Barrel of Melon Juice / Food Crate - Duskwood', 0, 10),
(@OGUID+48, @PTEMPLATE+14, 'Barrel of Melon Juice / Food Crate - Duskwood', 0, 10),
(@OGUID+49, @PTEMPLATE+15, 'Barrel of Melon Juice / Food Crate - Duskwood', 0, 10),
(@OGUID+50, @PTEMPLATE+16, 'Barrel of Melon Juice / Food Crate - Duskwood', 0, 10),
(@OGUID+51, @PTEMPLATE+17, 'Barrel of Melon Juice / Food Crate - Duskwood', 0, 10),
(@OGUID+52, @PTEMPLATE+18, 'Barrel of Melon Juice / Food Crate - Duskwood', 0, 10),
(@OGUID+53, @PTEMPLATE+19, 'Barrel of Melon Juice / Food Crate - Duskwood', 0, 10),
(@OGUID+54, @PTEMPLATE+20, 'Barrel of Melon Juice / Food Crate - Duskwood', 0, 10),
(@OGUID+55, @PTEMPLATE+21, 'Barrel of Melon Juice / Food Crate - Duskwood', 0, 10),
(@OGUID+56, @PTEMPLATE+22, 'Barrel of Melon Juice / Food Crate - Duskwood', 0, 10),
(@OGUID+57, @PTEMPLATE+23, 'Barrel of Melon Juice / Food Crate - Duskwood', 0, 10),
(@OGUID+58, @PTEMPLATE+24, 'Barrel of Melon Juice / Food Crate - Duskwood', 0, 10),
(@OGUID+59, @PTEMPLATE+25, 'Barrel of Melon Juice / Food Crate - Duskwood', 0, 10),
(@OGUID+60, @PTEMPLATE+26, 'Barrel of Melon Juice / Food Crate - Duskwood', 0, 10),
(@OGUID+61, @PTEMPLATE+27, 'Barrel of Melon Juice / Food Crate - Duskwood', 0, 10),
(@OGUID+62, @PTEMPLATE+28, 'Barrel of Melon Juice / Food Crate - Duskwood', 0, 10),
(@OGUID+63, @PTEMPLATE+29, 'Barrel of Melon Juice / Food Crate - Duskwood', 0, 10),
(@OGUID+64, @PTEMPLATE+30, 'Barrel of Melon Juice / Food Crate - Duskwood', 0, 10),
(@OGUID+65, @PTEMPLATE+31, 'Barrel of Melon Juice / Food Crate - Duskwood', 0, 10),
(@OGUID+66, @PTEMPLATE+32, 'Barrel of Melon Juice / Food Crate - Duskwood', 0, 10),
(@OGUID+67, @PTEMPLATE+33, 'Barrel of Melon Juice / Food Crate - Duskwood', 0, 10),
(@OGUID+68, @PTEMPLATE+34, 'Barrel of Melon Juice / Food Crate - Duskwood', 0, 10);

INSERT INTO `pool_template` (`entry`, `max_limit`, `description`, `flags`, `instance`, `patch_min`, `patch_max`) VALUES
(@PTEMPLATE+35, 15, 'Wetlands - Firefin Snapper School / Floating Wreckage / Oily Blackmouth School (Master Pool)', 0, 0, 0, 10);
INSERT INTO `pool_pool` (`pool_id`, `mother_pool`, `chance`, `description`, `flags`) VALUES
(@PTEMPLATE+1, @PTEMPLATE+35, 0, 'Barrel of Melon Juice / Food Crate - Duskwood', 0),
(@PTEMPLATE+2, @PTEMPLATE+35, 0, 'Barrel of Melon Juice / Food Crate - Duskwood', 0),
(@PTEMPLATE+3, @PTEMPLATE+35, 0, 'Barrel of Melon Juice / Food Crate - Duskwood', 0),
(@PTEMPLATE+4, @PTEMPLATE+35, 0, 'Barrel of Melon Juice / Food Crate - Duskwood', 0),
(@PTEMPLATE+5, @PTEMPLATE+35, 0, 'Barrel of Melon Juice / Food Crate - Duskwood', 0),
(@PTEMPLATE+6, @PTEMPLATE+35, 0, 'Barrel of Melon Juice / Food Crate - Duskwood', 0),
(@PTEMPLATE+7, @PTEMPLATE+35, 0, 'Barrel of Melon Juice / Food Crate - Duskwood', 0),
(@PTEMPLATE+8, @PTEMPLATE+35, 0, 'Barrel of Melon Juice / Food Crate - Duskwood', 0),
(@PTEMPLATE+9, @PTEMPLATE+35, 0, 'Barrel of Melon Juice / Food Crate - Duskwood', 0),
(@PTEMPLATE+10, @PTEMPLATE+35, 0, 'Barrel of Melon Juice / Food Crate - Duskwood', 0),
(@PTEMPLATE+11, @PTEMPLATE+35, 0, 'Barrel of Melon Juice / Food Crate - Duskwood', 0),
(@PTEMPLATE+12, @PTEMPLATE+35, 0, 'Barrel of Melon Juice / Food Crate - Duskwood', 0),
(@PTEMPLATE+13, @PTEMPLATE+35, 0, 'Barrel of Melon Juice / Food Crate - Duskwood', 0),
(@PTEMPLATE+14, @PTEMPLATE+35, 0, 'Barrel of Melon Juice / Food Crate - Duskwood', 0),
(@PTEMPLATE+15, @PTEMPLATE+35, 0, 'Barrel of Melon Juice / Food Crate - Duskwood', 0),
(@PTEMPLATE+16, @PTEMPLATE+35, 0, 'Barrel of Melon Juice / Food Crate - Duskwood', 0),
(@PTEMPLATE+17, @PTEMPLATE+35, 0, 'Barrel of Melon Juice / Food Crate - Duskwood', 0),
(@PTEMPLATE+18, @PTEMPLATE+35, 0, 'Barrel of Melon Juice / Food Crate - Duskwood', 0),
(@PTEMPLATE+19, @PTEMPLATE+35, 0, 'Barrel of Melon Juice / Food Crate - Duskwood', 0),
(@PTEMPLATE+20, @PTEMPLATE+35, 0, 'Barrel of Melon Juice / Food Crate - Duskwood', 0),
(@PTEMPLATE+21, @PTEMPLATE+35, 0, 'Barrel of Melon Juice / Food Crate - Duskwood', 0),
(@PTEMPLATE+22, @PTEMPLATE+35, 0, 'Barrel of Melon Juice / Food Crate - Duskwood', 0),
(@PTEMPLATE+23, @PTEMPLATE+35, 0, 'Barrel of Melon Juice / Food Crate - Duskwood', 0),
(@PTEMPLATE+24, @PTEMPLATE+35, 0, 'Barrel of Melon Juice / Food Crate - Duskwood', 0),
(@PTEMPLATE+25, @PTEMPLATE+35, 0, 'Barrel of Melon Juice / Food Crate - Duskwood', 0),
(@PTEMPLATE+26, @PTEMPLATE+35, 0, 'Barrel of Melon Juice / Food Crate - Duskwood', 0),
(@PTEMPLATE+27, @PTEMPLATE+35, 0, 'Barrel of Melon Juice / Food Crate - Duskwood', 0),
(@PTEMPLATE+28, @PTEMPLATE+35, 0, 'Barrel of Melon Juice / Food Crate - Duskwood', 0),
(@PTEMPLATE+29, @PTEMPLATE+35, 0, 'Barrel of Melon Juice / Food Crate - Duskwood', 0),
(@PTEMPLATE+30, @PTEMPLATE+35, 0, 'Barrel of Melon Juice / Food Crate - Duskwood', 0),
(@PTEMPLATE+31, @PTEMPLATE+35, 0, 'Barrel of Melon Juice / Food Crate - Duskwood', 0),
(@PTEMPLATE+32, @PTEMPLATE+35, 0, 'Barrel of Melon Juice / Food Crate - Duskwood', 0),
(@PTEMPLATE+33, @PTEMPLATE+35, 0, 'Barrel of Melon Juice / Food Crate - Duskwood', 0),
(@PTEMPLATE+34, @PTEMPLATE+35, 0, 'Barrel of Melon Juice / Food Crate - Duskwood', 0);


-- End of migration.
END IF;
END??
delimiter ; 
CALL add_migration();
DROP PROCEDURE IF EXISTS add_migration;
