DROP PROCEDURE IF EXISTS add_migration;
delimiter ??
CREATE PROCEDURE `add_migration`()
BEGIN
DECLARE v INT DEFAULT 1;
SET v = (SELECT COUNT(*) FROM `migrations` WHERE `id`='20230706182749');
IF v=0 THEN
INSERT INTO `migrations` VALUES ('20230706182749');
-- Add your query below.


SET @OGUID = 44130;
SET @PTEMPLATE = 4736;

-- 1519 Stormwind City / 3662 / 3705 / Food Crate / Barrel of Milk
DELETE FROM `pool_template` WHERE `entry` IN (SELECT `pool_entry` FROM `pool_gameobject` WHERE `guid` IN (12686, 12759, 12828, 14022, 26401, 26554, 30855, 31401, 31402, 31926, 32158, 32160, 32287, 32742, 33607, 33834, 34060, 34072, 34075, 34078, 34899, 42853, 42854, 42855, 42856, 42857, 42858, 42931, 42938));
DELETE FROM `gameobject` WHERE `guid` IN (12686, 12759, 12828, 14022, 26401, 26554, 30855, 31401, 31402, 31926, 32158, 32160, 32287, 32742, 33607, 33834, 34060, 34072, 34075, 34078, 34899, 42853, 42854, 42855, 42856, 42857, 42858, 42931, 42938);
DELETE FROM `pool_gameobject` WHERE `guid` IN (12686, 12759, 12828, 14022, 26401, 26554, 30855, 31401, 31402, 31926, 32158, 32160, 32287, 32742, 33607, 33834, 34060, 34072, 34075, 34078, 34899, 42853, 42854, 42855, 42856, 42857, 42858, 42931, 42938);

INSERT INTO `gameobject` (`guid`, `id`, `map`, `position_x`, `position_y`, `position_z`, `orientation`, `rotation0`, `rotation1`, `rotation2`, `rotation3`, `spawntimesecsmin`, `spawntimesecsmax`, `animprogress`, `state`, `spawn_flags`, `visibility_mod`, `patch_min`, `patch_max`) VALUES
(@OGUID+1, 3662, 0, -9037, 877.856, 110.196, -1, 0, 0, -0.469471, 0.882948, 180, 180, 100, 1, 0, 0, 0, 10),
(@OGUID+2, 3662, 0, -8931.09, 766.998, 92.5858, 2.72271, 0, 0, 0.978148, 0.207912, 180, 180, 100, 1, 0, 0, 0, 10),
(@OGUID+3, 3662, 0, -8907.74, 737.733, 98.7046, -1.41372, 0, 0, 0.649448, -0.760406, 180, 180, 100, 1, 0, 0, 0, 10),
(@OGUID+4, 3662, 0, -8892.11, 591.342, 94.1562, -0.191986, 0, 0, 0.095846, -0.995396, 180, 180, 100, 1, 0, 0, 0, 10),
(@OGUID+5, 3662, 0, -8848.34, 623.168, 95.9836, -2.77507, 0, 0, 0.983255, -0.182235, 180, 180, 100, 1, 0, 0, 0, 10),
(@OGUID+6, 3662, 0, -8841.06, 822.494, 98.8119, 0.628319, 0, 0, 0.309017, 0.951057, 180, 180, 100, 1, 0, 0, 0, 10),
(@OGUID+7, 3662, 0, -8840, 819.683, 98.771, 0.628, 0, 0, 0.309017, 0.951056, 180, 180, 100, 1, 0, 0, 0, 10),
(@OGUID+8, 3662, 0, -8826.01, 582.64, 95.2445, -0.767945, 0, 0, 0.374607, -0.927184, 180, 180, 100, 1, 0, 0, 0, 10),
(@OGUID+9, 3662, 0, -8822.55, 727.074, 98.2994, 2.18166, 0, 0, 0.887011, 0.461749, 180, 180, 100, 1, 0, 0, 0, 10),
(@OGUID+10, 3662, 0, -8801.83, 511.413, 100.043, -1.32645, 0, 0, 0.615661, -0.788011, 180, 180, 100, 1, 0, 0, 0, 10),
(@OGUID+11, 3662, 0, -8782.52, 926.32, 100.376, -2.53073, 0, 0, 0.953717, -0.300706, 180, 180, 100, 1, 0, 0, 0, 10),
(@OGUID+12, 3662, 0, -8780.65, 456.425, 98.4555, 1.58825, 0, 0, 0.71325, 0.700909, 180, 180, 100, 1, 0, 0, 0, 10),
(@OGUID+13, 3662, 0, -8715.8, 641.233, 101.567, 0.453786, 0, 0, 0.224951, 0.97437, 180, 180, 100, 1, 0, 0, 0, 10),
(@OGUID+14, 3662, 0, -8712, 1004.73, 96.817, 1.363, 0, 0, 0.630085, 0.776526, 180, 180, 100, 1, 0, 0, 0, 10),
(@OGUID+15, 3662, 0, -8704.65, 518.544, 99.26, 2.00713, 0, 0, 0.843391, 0.5373, 180, 180, 100, 1, 0, 0, 0, 10),
(@OGUID+16, 3662, 0, -8700, 1052.82, 95.986, -3, 0, 0, -0.999391, 0.0349, 180, 180, 100, 1, 0, 0, 0, 10),
(@OGUID+17, 3662, 0, -8699, 341.685, 102.28, -3.07178, 0, 0, 0.999391, -0.034899, 180, 180, 100, 1, 0, 0, 0, 10),
(@OGUID+18, 3662, 0, -8672.96, 691.163, 100.021, -2.9147, 0, 0, 0.993572, -0.113203, 180, 180, 100, 1, 0, 0, 0, 10),
(@OGUID+19, 3662, 0, -8666, 948.621, 104.315, 0.055, 0, 0, -0.358368, 0.93358, 180, 180, 100, 1, 0, 0, 0, 10),
(@OGUID+20, 3662, 0, -8665, 946.653, 102.944, 0.055, 0, 0, -0.358368, 0.93358, 180, 180, 100, 1, 0, 0, 0, 10),
(@OGUID+21, 3662, 0, -8566.42, 598.972, 104.599, 0.785398, 0, 0, 0.382683, 0.92388, 180, 180, 100, 1, 0, 0, 0, 10),
(@OGUID+22, 3662, 0, -8505.77, 722.066, 99.935, -1.8675, 0, 0, 0.803857, -0.594823, 180, 180, 100, 1, 0, 0, 0, 10),
(@OGUID+23, 3662, 0, -8492.74, 525.669, 97.9904, 1.97222, 0, 0, 0.833886, 0.551937, 180, 180, 100, 1, 0, 0, 0, 10),
(@OGUID+24, 3662, 0, -8407.79, 581.781, 91.9778, -1.79769, 0, 0, 0.782608, -0.622515, 180, 180, 100, 1, 0, 0, 0, 10),
(@OGUID+25, 3662, 0, -8407, 580.736, 91.978, -2, 0, 0, -0.782608, 0.622515, 180, 180, 100, 1, 0, 0, 0, 10),
(@OGUID+26, 3662, 0, -8403, 583.113, 93.168, -2, 0, 0, -0.782608, 0.622515, 180, 180, 100, 1, 0, 0, 0, 10),
(@OGUID+27, 3662, 0, -9039.74, 879.096, 110.196, 5.3058, 0, 0, -0.469471, 0.882948, 180, 180, 100, 1, 0, 0, 0, 10),
(@OGUID+28, 3662, 0, -8927.76, 996.049, 122.374, 4.55531, 0, 0, -0.760406, 0.649449, 180, 180, 100, 1, 0, 0, 0, 10),
(@OGUID+29, 3662, 0, -8842.96, 897.594, 99.3591, 0.715585, 0, 0, 0.350207, 0.936672, 180, 180, 100, 1, 0, 0, 0, 10),
(@OGUID+30, 3662, 0, -8803.83, 652.314, 96.1943, 3.49067, 0, 0, -0.984807, 0.173652, 180, 180, 100, 1, 0, 0, 0, 10),
(@OGUID+31, 3662, 0, -8725.11, 771.421, 100.078, 1.85005, 0, 0, 0.798635, 0.601815, 180, 180, 100, 1, 0, 0, 0, 10),
(@OGUID+32, 3662, 0, -8723.94, 1164.69, 104.722, 0.488691, 0, 0, 0.241921, 0.970296, 180, 180, 100, 1, 0, 0, 0, 10),
(@OGUID+33, 3662, 0, -8714.41, 840.236, 97.7679, 3.12412, 0, 0, 0.999962, 0.00873464, 180, 180, 100, 1, 0, 0, 0, 10),
(@OGUID+34, 3662, 0, -8713, 1011.93, 96.5151, 3.194, 0, 0, -0.999657, 0.0262016, 180, 180, 100, 1, 0, 0, 0, 10),
(@OGUID+35, 3662, 0, -8702.45, 1119.88, 91.1867, 3.21142, 0, 0, -0.999391, 0.0349061, 180, 180, 100, 1, 0, 0, 0, 10),
(@OGUID+36, 3662, 0, -8694.27, 1051.64, 95.9867, 3.21142, 0, 0, -0.999391, 0.0349061, 180, 180, 100, 1, 0, 0, 0, 10),
(@OGUID+37, 3662, 0, -8679.1, 428.231, 100.869, 1.6057, 0, 0, 0.719339, 0.694659, 180, 180, 100, 1, 0, 0, 0, 10),
(@OGUID+38, 3662, 0, -8672.73, 822.515, 98.7103, 0.418879, 0, 0, 0.207911, 0.978148, 180, 180, 100, 1, 0, 0, 0, 10),
(@OGUID+39, 3662, 0, -8665.96, 948.39, 104.315, 5.55015, 0, 0, -0.358368, 0.93358, 180, 180, 100, 1, 0, 0, 0, 10),
(@OGUID+40, 3662, 0, -8649.69, 895.02, 100.377, 2.07694, 0, 0, 0.861629, 0.507539, 180, 180, 100, 1, 0, 0, 0, 10),
(@OGUID+41, 3662, 0, -8631.68, 435.726, 104.205, 2.26893, 0, 0, 0.906307, 0.422619, 180, 180, 100, 1, 0, 0, 0, 10),
(@OGUID+42, 3662, 0, -8625.67, 519.342, 104.112, 2.54818, 0, 0, 0.956305, 0.292372, 180, 180, 100, 1, 0, 0, 0, 10),
(@OGUID+43, 3662, 0, -8594.03, 731.259, 97.8725, 5.18363, 0, 0, -0.522498, 0.85264, 180, 180, 100, 1, 0, 0, 0, 10),
(@OGUID+44, 3662, 0, -8587.56, 670.075, 99.6253, 5.48033, 0, 0, -0.390731, 0.920505, 180, 180, 100, 1, 0, 0, 0, 10),
(@OGUID+45, 3662, 0, -8483.64, 673.505, 102.428, 2.35619, 0, 0, 0.92388, 0.382683, 180, 180, 100, 1, 0, 0, 0, 10),
(@OGUID+46, 3662, 0, -8476.59, 608.349, 95.244, 0.680677, 0, 0, 0.333806, 0.942642, 180, 180, 100, 1, 0, 0, 0, 10),
(@OGUID+47, 3662, 0, -8383.24, 663.192, 95.2868, 3.6652, 0, 0, -0.965925, 0.258821, 180, 180, 100, 1, 0, 0, 0, 10),
(@OGUID+48, 3662, 0, -8804.81, 349.854, 101.019, 0.244346, 0, 0, 0.121869, 0.992546, 180, 180, 100, 1, 0, 0, 0, 10),
(@OGUID+49, 3705, 0, -9037, 877.856, 110.196, -1, 0, 0, -0.469471, 0.882948, 180, 180, 100, 1, 0, 0, 0, 10),
(@OGUID+50, 3705, 0, -8931.09, 766.998, 92.5858, 2.72271, 0, 0, 0.978148, 0.207912, 180, 180, 100, 1, 0, 0, 0, 10),
(@OGUID+51, 3705, 0, -8907.74, 737.733, 98.7046, -1.41372, 0, 0, 0.649448, -0.760406, 180, 180, 100, 1, 0, 0, 0, 10),
(@OGUID+52, 3705, 0, -8892.11, 591.342, 94.1562, -0.191986, 0, 0, 0.095846, -0.995396, 180, 180, 100, 1, 0, 0, 0, 10),
(@OGUID+53, 3705, 0, -8848.34, 623.168, 95.9836, -2.77507, 0, 0, 0.983255, -0.182235, 180, 180, 100, 1, 0, 0, 0, 10),
(@OGUID+54, 3705, 0, -8841.06, 822.494, 98.8119, 0.628319, 0, 0, 0.309017, 0.951057, 180, 180, 100, 1, 0, 0, 0, 10),
(@OGUID+55, 3705, 0, -8840, 819.683, 98.771, 0.628, 0, 0, 0.309017, 0.951056, 180, 180, 100, 1, 0, 0, 0, 10),
(@OGUID+56, 3705, 0, -8826.01, 582.64, 95.2445, -0.767945, 0, 0, 0.374607, -0.927184, 180, 180, 100, 1, 0, 0, 0, 10),
(@OGUID+57, 3705, 0, -8822.55, 727.074, 98.2994, 2.18166, 0, 0, 0.887011, 0.461749, 180, 180, 100, 1, 0, 0, 0, 10),
(@OGUID+58, 3705, 0, -8801.83, 511.413, 100.043, -1.32645, 0, 0, 0.615661, -0.788011, 180, 180, 100, 1, 0, 0, 0, 10),
(@OGUID+59, 3705, 0, -8782.52, 926.32, 100.376, -2.53073, 0, 0, 0.953717, -0.300706, 180, 180, 100, 1, 0, 0, 0, 10),
(@OGUID+60, 3705, 0, -8780.65, 456.425, 98.4555, 1.58825, 0, 0, 0.71325, 0.700909, 180, 180, 100, 1, 0, 0, 0, 10),
(@OGUID+61, 3705, 0, -8715.8, 641.233, 101.567, 0.453786, 0, 0, 0.224951, 0.97437, 180, 180, 100, 1, 0, 0, 0, 10),
(@OGUID+62, 3705, 0, -8712, 1004.73, 96.817, 1.363, 0, 0, 0.630085, 0.776526, 180, 180, 100, 1, 0, 0, 0, 10),
(@OGUID+63, 3705, 0, -8704.65, 518.544, 99.26, 2.00713, 0, 0, 0.843391, 0.5373, 180, 180, 100, 1, 0, 0, 0, 10),
(@OGUID+64, 3705, 0, -8700, 1052.82, 95.986, -3, 0, 0, -0.999391, 0.0349, 180, 180, 100, 1, 0, 0, 0, 10),
(@OGUID+65, 3705, 0, -8699, 341.685, 102.28, -3.07178, 0, 0, 0.999391, -0.034899, 180, 180, 100, 1, 0, 0, 0, 10),
(@OGUID+66, 3705, 0, -8672.96, 691.163, 100.021, -2.9147, 0, 0, 0.993572, -0.113203, 180, 180, 100, 1, 0, 0, 0, 10),
(@OGUID+67, 3705, 0, -8666, 948.621, 104.315, 0.055, 0, 0, -0.358368, 0.93358, 180, 180, 100, 1, 0, 0, 0, 10),
(@OGUID+68, 3705, 0, -8665, 946.653, 102.944, 0.055, 0, 0, -0.358368, 0.93358, 180, 180, 100, 1, 0, 0, 0, 10),
(@OGUID+69, 3705, 0, -8566.42, 598.972, 104.599, 0.785398, 0, 0, 0.382683, 0.92388, 180, 180, 100, 1, 0, 0, 0, 10),
(@OGUID+70, 3705, 0, -8505.77, 722.066, 99.935, -1.8675, 0, 0, 0.803857, -0.594823, 180, 180, 100, 1, 0, 0, 0, 10),
(@OGUID+71, 3705, 0, -8492.74, 525.669, 97.9904, 1.97222, 0, 0, 0.833886, 0.551937, 180, 180, 100, 1, 0, 0, 0, 10),
(@OGUID+72, 3705, 0, -8407.79, 581.781, 91.9778, -1.79769, 0, 0, 0.782608, -0.622515, 180, 180, 100, 1, 0, 0, 0, 10),
(@OGUID+73, 3705, 0, -8407, 580.736, 91.978, -2, 0, 0, -0.782608, 0.622515, 180, 180, 100, 1, 0, 0, 0, 10),
(@OGUID+74, 3705, 0, -8403, 583.113, 93.168, -2, 0, 0, -0.782608, 0.622515, 180, 180, 100, 1, 0, 0, 0, 10),
(@OGUID+75, 3705, 0, -9039.74, 879.096, 110.196, 5.3058, 0, 0, -0.469471, 0.882948, 180, 180, 100, 1, 0, 0, 0, 10),
(@OGUID+76, 3705, 0, -8927.76, 996.049, 122.374, 4.55531, 0, 0, -0.760406, 0.649449, 180, 180, 100, 1, 0, 0, 0, 10),
(@OGUID+77, 3705, 0, -8842.96, 897.594, 99.3591, 0.715585, 0, 0, 0.350207, 0.936672, 180, 180, 100, 1, 0, 0, 0, 10),
(@OGUID+78, 3705, 0, -8803.83, 652.314, 96.1943, 3.49067, 0, 0, -0.984807, 0.173652, 180, 180, 100, 1, 0, 0, 0, 10),
(@OGUID+79, 3705, 0, -8725.11, 771.421, 100.078, 1.85005, 0, 0, 0.798635, 0.601815, 180, 180, 100, 1, 0, 0, 0, 10),
(@OGUID+80, 3705, 0, -8723.94, 1164.69, 104.722, 0.488691, 0, 0, 0.241921, 0.970296, 180, 180, 100, 1, 0, 0, 0, 10),
(@OGUID+81, 3705, 0, -8714.41, 840.236, 97.7679, 3.12412, 0, 0, 0.999962, 0.00873464, 180, 180, 100, 1, 0, 0, 0, 10),
(@OGUID+82, 3705, 0, -8713, 1011.93, 96.5151, 3.194, 0, 0, -0.999657, 0.0262016, 180, 180, 100, 1, 0, 0, 0, 10),
(@OGUID+83, 3705, 0, -8702.45, 1119.88, 91.1867, 3.21142, 0, 0, -0.999391, 0.0349061, 180, 180, 100, 1, 0, 0, 0, 10),
(@OGUID+84, 3705, 0, -8694.27, 1051.64, 95.9867, 3.21142, 0, 0, -0.999391, 0.0349061, 180, 180, 100, 1, 0, 0, 0, 10),
(@OGUID+85, 3705, 0, -8679.1, 428.231, 100.869, 1.6057, 0, 0, 0.719339, 0.694659, 180, 180, 100, 1, 0, 0, 0, 10),
(@OGUID+86, 3705, 0, -8672.73, 822.515, 98.7103, 0.418879, 0, 0, 0.207911, 0.978148, 180, 180, 100, 1, 0, 0, 0, 10),
(@OGUID+87, 3705, 0, -8665.96, 948.39, 104.315, 5.55015, 0, 0, -0.358368, 0.93358, 180, 180, 100, 1, 0, 0, 0, 10),
(@OGUID+88, 3705, 0, -8649.69, 895.02, 100.377, 2.07694, 0, 0, 0.861629, 0.507539, 180, 180, 100, 1, 0, 0, 0, 10),
(@OGUID+89, 3705, 0, -8631.68, 435.726, 104.205, 2.26893, 0, 0, 0.906307, 0.422619, 180, 180, 100, 1, 0, 0, 0, 10),
(@OGUID+90, 3705, 0, -8625.67, 519.342, 104.112, 2.54818, 0, 0, 0.956305, 0.292372, 180, 180, 100, 1, 0, 0, 0, 10),
(@OGUID+91, 3705, 0, -8594.03, 731.259, 97.8725, 5.18363, 0, 0, -0.522498, 0.85264, 180, 180, 100, 1, 0, 0, 0, 10),
(@OGUID+92, 3705, 0, -8587.56, 670.075, 99.6253, 5.48033, 0, 0, -0.390731, 0.920505, 180, 180, 100, 1, 0, 0, 0, 10),
(@OGUID+93, 3705, 0, -8483.64, 673.505, 102.428, 2.35619, 0, 0, 0.92388, 0.382683, 180, 180, 100, 1, 0, 0, 0, 10),
(@OGUID+94, 3705, 0, -8476.59, 608.349, 95.244, 0.680677, 0, 0, 0.333806, 0.942642, 180, 180, 100, 1, 0, 0, 0, 10),
(@OGUID+95, 3705, 0, -8383.24, 663.192, 95.2868, 3.6652, 0, 0, -0.965925, 0.258821, 180, 180, 100, 1, 0, 0, 0, 10),
(@OGUID+96, 3705, 0, -8804.81, 349.854, 101.019, 0.244346, 0, 0, 0.121869, 0.992546, 180, 180, 100, 1, 0, 0, 0, 10);

INSERT INTO `pool_template` (`entry`, `max_limit`, `description`, `patch_min`, `patch_max`) VALUES
(@PTEMPLATE+1, 1, 'Food Crate / Barrel of Milk - Stormwind', 0, 10),
(@PTEMPLATE+2, 1, 'Food Crate / Barrel of Milk - Stormwind', 0, 10),
(@PTEMPLATE+3, 1, 'Food Crate / Barrel of Milk - Stormwind', 0, 10),
(@PTEMPLATE+4, 1, 'Food Crate / Barrel of Milk - Stormwind', 0, 10),
(@PTEMPLATE+5, 1, 'Food Crate / Barrel of Milk - Stormwind', 0, 10),
(@PTEMPLATE+6, 1, 'Food Crate / Barrel of Milk - Stormwind', 0, 10),
(@PTEMPLATE+7, 1, 'Food Crate / Barrel of Milk - Stormwind', 0, 10),
(@PTEMPLATE+8, 1, 'Food Crate / Barrel of Milk - Stormwind', 0, 10),
(@PTEMPLATE+9, 1, 'Food Crate / Barrel of Milk - Stormwind', 0, 10),
(@PTEMPLATE+10, 1, 'Food Crate / Barrel of Milk - Stormwind', 0, 10),
(@PTEMPLATE+11, 1, 'Food Crate / Barrel of Milk - Stormwind', 0, 10),
(@PTEMPLATE+12, 1, 'Food Crate / Barrel of Milk - Stormwind', 0, 10),
(@PTEMPLATE+13, 1, 'Food Crate / Barrel of Milk - Stormwind', 0, 10),
(@PTEMPLATE+14, 1, 'Food Crate / Barrel of Milk - Stormwind', 0, 10),
(@PTEMPLATE+15, 1, 'Food Crate / Barrel of Milk - Stormwind', 0, 10),
(@PTEMPLATE+16, 1, 'Food Crate / Barrel of Milk - Stormwind', 0, 10),
(@PTEMPLATE+17, 1, 'Food Crate / Barrel of Milk - Stormwind', 0, 10),
(@PTEMPLATE+18, 1, 'Food Crate / Barrel of Milk - Stormwind', 0, 10),
(@PTEMPLATE+19, 1, 'Food Crate / Barrel of Milk - Stormwind', 0, 10),
(@PTEMPLATE+20, 1, 'Food Crate / Barrel of Milk - Stormwind', 0, 10),
(@PTEMPLATE+21, 1, 'Food Crate / Barrel of Milk - Stormwind', 0, 10),
(@PTEMPLATE+22, 1, 'Food Crate / Barrel of Milk - Stormwind', 0, 10),
(@PTEMPLATE+23, 1, 'Food Crate / Barrel of Milk - Stormwind', 0, 10),
(@PTEMPLATE+24, 1, 'Food Crate / Barrel of Milk - Stormwind', 0, 10),
(@PTEMPLATE+25, 1, 'Food Crate / Barrel of Milk - Stormwind', 0, 10),
(@PTEMPLATE+26, 1, 'Food Crate / Barrel of Milk - Stormwind', 0, 10),
(@PTEMPLATE+27, 1, 'Food Crate / Barrel of Milk - Stormwind', 0, 10),
(@PTEMPLATE+28, 1, 'Food Crate / Barrel of Milk - Stormwind', 0, 10),
(@PTEMPLATE+29, 1, 'Food Crate / Barrel of Milk - Stormwind', 0, 10),
(@PTEMPLATE+30, 1, 'Food Crate / Barrel of Milk - Stormwind', 0, 10),
(@PTEMPLATE+31, 1, 'Food Crate / Barrel of Milk - Stormwind', 0, 10),
(@PTEMPLATE+32, 1, 'Food Crate / Barrel of Milk - Stormwind', 0, 10),
(@PTEMPLATE+33, 1, 'Food Crate / Barrel of Milk - Stormwind', 0, 10),
(@PTEMPLATE+34, 1, 'Food Crate / Barrel of Milk - Stormwind', 0, 10),
(@PTEMPLATE+35, 1, 'Food Crate / Barrel of Milk - Stormwind', 0, 10),
(@PTEMPLATE+36, 1, 'Food Crate / Barrel of Milk - Stormwind', 0, 10),
(@PTEMPLATE+37, 1, 'Food Crate / Barrel of Milk - Stormwind', 0, 10),
(@PTEMPLATE+38, 1, 'Food Crate / Barrel of Milk - Stormwind', 0, 10),
(@PTEMPLATE+39, 1, 'Food Crate / Barrel of Milk - Stormwind', 0, 10),
(@PTEMPLATE+40, 1, 'Food Crate / Barrel of Milk - Stormwind', 0, 10),
(@PTEMPLATE+41, 1, 'Food Crate / Barrel of Milk - Stormwind', 0, 10),
(@PTEMPLATE+42, 1, 'Food Crate / Barrel of Milk - Stormwind', 0, 10),
(@PTEMPLATE+43, 1, 'Food Crate / Barrel of Milk - Stormwind', 0, 10),
(@PTEMPLATE+44, 1, 'Food Crate / Barrel of Milk - Stormwind', 0, 10),
(@PTEMPLATE+45, 1, 'Food Crate / Barrel of Milk - Stormwind', 0, 10),
(@PTEMPLATE+46, 1, 'Food Crate / Barrel of Milk - Stormwind', 0, 10),
(@PTEMPLATE+47, 1, 'Food Crate / Barrel of Milk - Stormwind', 0, 10),
(@PTEMPLATE+48, 1, 'Food Crate / Barrel of Milk - Stormwind', 0, 10);

INSERT INTO `pool_gameobject` (`guid`, `pool_entry`, `description`, `patch_min`, `patch_max`) VALUES 
(@OGUID+1, @PTEMPLATE+1, 'Food Crate / Barrel of Milk - Stormwind', 0, 10),
(@OGUID+2, @PTEMPLATE+2, 'Food Crate / Barrel of Milk - Stormwind', 0, 10),
(@OGUID+3, @PTEMPLATE+3, 'Food Crate / Barrel of Milk - Stormwind', 0, 10),
(@OGUID+4, @PTEMPLATE+4, 'Food Crate / Barrel of Milk - Stormwind', 0, 10),
(@OGUID+5, @PTEMPLATE+5, 'Food Crate / Barrel of Milk - Stormwind', 0, 10),
(@OGUID+6, @PTEMPLATE+6, 'Food Crate / Barrel of Milk - Stormwind', 0, 10),
(@OGUID+7, @PTEMPLATE+7, 'Food Crate / Barrel of Milk - Stormwind', 0, 10),
(@OGUID+8, @PTEMPLATE+8, 'Food Crate / Barrel of Milk - Stormwind', 0, 10),
(@OGUID+9, @PTEMPLATE+9, 'Food Crate / Barrel of Milk - Stormwind', 0, 10),
(@OGUID+10, @PTEMPLATE+10, 'Food Crate / Barrel of Milk - Stormwind', 0, 10),
(@OGUID+11, @PTEMPLATE+11, 'Food Crate / Barrel of Milk - Stormwind', 0, 10),
(@OGUID+12, @PTEMPLATE+12, 'Food Crate / Barrel of Milk - Stormwind', 0, 10),
(@OGUID+13, @PTEMPLATE+13, 'Food Crate / Barrel of Milk - Stormwind', 0, 10),
(@OGUID+14, @PTEMPLATE+14, 'Food Crate / Barrel of Milk - Stormwind', 0, 10),
(@OGUID+15, @PTEMPLATE+15, 'Food Crate / Barrel of Milk - Stormwind', 0, 10),
(@OGUID+16, @PTEMPLATE+16, 'Food Crate / Barrel of Milk - Stormwind', 0, 10),
(@OGUID+17, @PTEMPLATE+17, 'Food Crate / Barrel of Milk - Stormwind', 0, 10),
(@OGUID+18, @PTEMPLATE+18, 'Food Crate / Barrel of Milk - Stormwind', 0, 10),
(@OGUID+19, @PTEMPLATE+19, 'Food Crate / Barrel of Milk - Stormwind', 0, 10),
(@OGUID+20, @PTEMPLATE+20, 'Food Crate / Barrel of Milk - Stormwind', 0, 10),
(@OGUID+21, @PTEMPLATE+21, 'Food Crate / Barrel of Milk - Stormwind', 0, 10),
(@OGUID+22, @PTEMPLATE+22, 'Food Crate / Barrel of Milk - Stormwind', 0, 10),
(@OGUID+23, @PTEMPLATE+23, 'Food Crate / Barrel of Milk - Stormwind', 0, 10),
(@OGUID+24, @PTEMPLATE+24, 'Food Crate / Barrel of Milk - Stormwind', 0, 10),
(@OGUID+25, @PTEMPLATE+25, 'Food Crate / Barrel of Milk - Stormwind', 0, 10),
(@OGUID+26, @PTEMPLATE+26, 'Food Crate / Barrel of Milk - Stormwind', 0, 10),
(@OGUID+27, @PTEMPLATE+27, 'Food Crate / Barrel of Milk - Stormwind', 0, 10),
(@OGUID+28, @PTEMPLATE+28, 'Food Crate / Barrel of Milk - Stormwind', 0, 10),
(@OGUID+29, @PTEMPLATE+29, 'Food Crate / Barrel of Milk - Stormwind', 0, 10),
(@OGUID+30, @PTEMPLATE+30, 'Food Crate / Barrel of Milk - Stormwind', 0, 10),
(@OGUID+31, @PTEMPLATE+31, 'Food Crate / Barrel of Milk - Stormwind', 0, 10),
(@OGUID+32, @PTEMPLATE+32, 'Food Crate / Barrel of Milk - Stormwind', 0, 10),
(@OGUID+33, @PTEMPLATE+33, 'Food Crate / Barrel of Milk - Stormwind', 0, 10),
(@OGUID+34, @PTEMPLATE+34, 'Food Crate / Barrel of Milk - Stormwind', 0, 10),
(@OGUID+35, @PTEMPLATE+35, 'Food Crate / Barrel of Milk - Stormwind', 0, 10),
(@OGUID+36, @PTEMPLATE+36, 'Food Crate / Barrel of Milk - Stormwind', 0, 10),
(@OGUID+37, @PTEMPLATE+37, 'Food Crate / Barrel of Milk - Stormwind', 0, 10),
(@OGUID+38, @PTEMPLATE+38, 'Food Crate / Barrel of Milk - Stormwind', 0, 10),
(@OGUID+39, @PTEMPLATE+39, 'Food Crate / Barrel of Milk - Stormwind', 0, 10),
(@OGUID+40, @PTEMPLATE+40, 'Food Crate / Barrel of Milk - Stormwind', 0, 10),
(@OGUID+41, @PTEMPLATE+41, 'Food Crate / Barrel of Milk - Stormwind', 0, 10),
(@OGUID+42, @PTEMPLATE+42, 'Food Crate / Barrel of Milk - Stormwind', 0, 10),
(@OGUID+43, @PTEMPLATE+43, 'Food Crate / Barrel of Milk - Stormwind', 0, 10),
(@OGUID+44, @PTEMPLATE+44, 'Food Crate / Barrel of Milk - Stormwind', 0, 10),
(@OGUID+45, @PTEMPLATE+45, 'Food Crate / Barrel of Milk - Stormwind', 0, 10),
(@OGUID+46, @PTEMPLATE+46, 'Food Crate / Barrel of Milk - Stormwind', 0, 10),
(@OGUID+47, @PTEMPLATE+47, 'Food Crate / Barrel of Milk - Stormwind', 0, 10),
(@OGUID+48, @PTEMPLATE+48, 'Food Crate / Barrel of Milk - Stormwind', 0, 10),
(@OGUID+49, @PTEMPLATE+1, 'Food Crate / Barrel of Milk - Stormwind', 0, 10),
(@OGUID+50, @PTEMPLATE+2, 'Food Crate / Barrel of Milk - Stormwind', 0, 10),
(@OGUID+51, @PTEMPLATE+3, 'Food Crate / Barrel of Milk - Stormwind', 0, 10),
(@OGUID+52, @PTEMPLATE+4, 'Food Crate / Barrel of Milk - Stormwind', 0, 10),
(@OGUID+53, @PTEMPLATE+5, 'Food Crate / Barrel of Milk - Stormwind', 0, 10),
(@OGUID+54, @PTEMPLATE+6, 'Food Crate / Barrel of Milk - Stormwind', 0, 10),
(@OGUID+55, @PTEMPLATE+7, 'Food Crate / Barrel of Milk - Stormwind', 0, 10),
(@OGUID+56, @PTEMPLATE+8, 'Food Crate / Barrel of Milk - Stormwind', 0, 10),
(@OGUID+57, @PTEMPLATE+9, 'Food Crate / Barrel of Milk - Stormwind', 0, 10),
(@OGUID+58, @PTEMPLATE+10, 'Food Crate / Barrel of Milk - Stormwind', 0, 10),
(@OGUID+59, @PTEMPLATE+11, 'Food Crate / Barrel of Milk - Stormwind', 0, 10),
(@OGUID+60, @PTEMPLATE+12, 'Food Crate / Barrel of Milk - Stormwind', 0, 10),
(@OGUID+61, @PTEMPLATE+13, 'Food Crate / Barrel of Milk - Stormwind', 0, 10),
(@OGUID+62, @PTEMPLATE+14, 'Food Crate / Barrel of Milk - Stormwind', 0, 10),
(@OGUID+63, @PTEMPLATE+15, 'Food Crate / Barrel of Milk - Stormwind', 0, 10),
(@OGUID+64, @PTEMPLATE+16, 'Food Crate / Barrel of Milk - Stormwind', 0, 10),
(@OGUID+65, @PTEMPLATE+17, 'Food Crate / Barrel of Milk - Stormwind', 0, 10),
(@OGUID+66, @PTEMPLATE+18, 'Food Crate / Barrel of Milk - Stormwind', 0, 10),
(@OGUID+67, @PTEMPLATE+19, 'Food Crate / Barrel of Milk - Stormwind', 0, 10),
(@OGUID+68, @PTEMPLATE+20, 'Food Crate / Barrel of Milk - Stormwind', 0, 10),
(@OGUID+69, @PTEMPLATE+21, 'Food Crate / Barrel of Milk - Stormwind', 0, 10),
(@OGUID+70, @PTEMPLATE+22, 'Food Crate / Barrel of Milk - Stormwind', 0, 10),
(@OGUID+71, @PTEMPLATE+23, 'Food Crate / Barrel of Milk - Stormwind', 0, 10),
(@OGUID+72, @PTEMPLATE+24, 'Food Crate / Barrel of Milk - Stormwind', 0, 10),
(@OGUID+73, @PTEMPLATE+25, 'Food Crate / Barrel of Milk - Stormwind', 0, 10),
(@OGUID+74, @PTEMPLATE+26, 'Food Crate / Barrel of Milk - Stormwind', 0, 10),
(@OGUID+75, @PTEMPLATE+27, 'Food Crate / Barrel of Milk - Stormwind', 0, 10),
(@OGUID+76, @PTEMPLATE+28, 'Food Crate / Barrel of Milk - Stormwind', 0, 10),
(@OGUID+77, @PTEMPLATE+29, 'Food Crate / Barrel of Milk - Stormwind', 0, 10),
(@OGUID+78, @PTEMPLATE+30, 'Food Crate / Barrel of Milk - Stormwind', 0, 10),
(@OGUID+79, @PTEMPLATE+31, 'Food Crate / Barrel of Milk - Stormwind', 0, 10),
(@OGUID+80, @PTEMPLATE+32, 'Food Crate / Barrel of Milk - Stormwind', 0, 10),
(@OGUID+81, @PTEMPLATE+33, 'Food Crate / Barrel of Milk - Stormwind', 0, 10),
(@OGUID+82, @PTEMPLATE+34, 'Food Crate / Barrel of Milk - Stormwind', 0, 10),
(@OGUID+83, @PTEMPLATE+35, 'Food Crate / Barrel of Milk - Stormwind', 0, 10),
(@OGUID+84, @PTEMPLATE+36, 'Food Crate / Barrel of Milk - Stormwind', 0, 10),
(@OGUID+85, @PTEMPLATE+37, 'Food Crate / Barrel of Milk - Stormwind', 0, 10),
(@OGUID+86, @PTEMPLATE+38, 'Food Crate / Barrel of Milk - Stormwind', 0, 10),
(@OGUID+87, @PTEMPLATE+39, 'Food Crate / Barrel of Milk - Stormwind', 0, 10),
(@OGUID+88, @PTEMPLATE+40, 'Food Crate / Barrel of Milk - Stormwind', 0, 10),
(@OGUID+89, @PTEMPLATE+41, 'Food Crate / Barrel of Milk - Stormwind', 0, 10),
(@OGUID+90, @PTEMPLATE+42, 'Food Crate / Barrel of Milk - Stormwind', 0, 10),
(@OGUID+91, @PTEMPLATE+43, 'Food Crate / Barrel of Milk - Stormwind', 0, 10),
(@OGUID+92, @PTEMPLATE+44, 'Food Crate / Barrel of Milk - Stormwind', 0, 10),
(@OGUID+93, @PTEMPLATE+45, 'Food Crate / Barrel of Milk - Stormwind', 0, 10),
(@OGUID+94, @PTEMPLATE+46, 'Food Crate / Barrel of Milk - Stormwind', 0, 10),
(@OGUID+95, @PTEMPLATE+47, 'Food Crate / Barrel of Milk - Stormwind', 0, 10),
(@OGUID+96, @PTEMPLATE+48, 'Food Crate / Barrel of Milk - Stormwind', 0, 10);

INSERT INTO `pool_template` (`entry`, `max_limit`, `description`, `flags`, `instance`, `patch_min`, `patch_max`) VALUES
(@PTEMPLATE+49, 23, 'Stormwind - Food Crate / Barrel of Milk (Master Pool)', 0, 0, 0, 10);
INSERT INTO `pool_pool` (`pool_id`, `mother_pool`, `chance`, `description`, `flags`) VALUES
(@PTEMPLATE+1, @PTEMPLATE+49, 0, 'Food Crate / Barrel of Milk - Stormwind', 0),
(@PTEMPLATE+2, @PTEMPLATE+49, 0, 'Food Crate / Barrel of Milk - Stormwind', 0),
(@PTEMPLATE+3, @PTEMPLATE+49, 0, 'Food Crate / Barrel of Milk - Stormwind', 0),
(@PTEMPLATE+4, @PTEMPLATE+49, 0, 'Food Crate / Barrel of Milk - Stormwind', 0),
(@PTEMPLATE+5, @PTEMPLATE+49, 0, 'Food Crate / Barrel of Milk - Stormwind', 0),
(@PTEMPLATE+6, @PTEMPLATE+49, 0, 'Food Crate / Barrel of Milk - Stormwind', 0),
(@PTEMPLATE+7, @PTEMPLATE+49, 0, 'Food Crate / Barrel of Milk - Stormwind', 0),
(@PTEMPLATE+8, @PTEMPLATE+49, 0, 'Food Crate / Barrel of Milk - Stormwind', 0),
(@PTEMPLATE+9, @PTEMPLATE+49, 0, 'Food Crate / Barrel of Milk - Stormwind', 0),
(@PTEMPLATE+10, @PTEMPLATE+49, 0, 'Food Crate / Barrel of Milk - Stormwind', 0),
(@PTEMPLATE+11, @PTEMPLATE+49, 0, 'Food Crate / Barrel of Milk - Stormwind', 0),
(@PTEMPLATE+12, @PTEMPLATE+49, 0, 'Food Crate / Barrel of Milk - Stormwind', 0),
(@PTEMPLATE+13, @PTEMPLATE+49, 0, 'Food Crate / Barrel of Milk - Stormwind', 0),
(@PTEMPLATE+14, @PTEMPLATE+49, 0, 'Food Crate / Barrel of Milk - Stormwind', 0),
(@PTEMPLATE+15, @PTEMPLATE+49, 0, 'Food Crate / Barrel of Milk - Stormwind', 0),
(@PTEMPLATE+16, @PTEMPLATE+49, 0, 'Food Crate / Barrel of Milk - Stormwind', 0),
(@PTEMPLATE+17, @PTEMPLATE+49, 0, 'Food Crate / Barrel of Milk - Stormwind', 0),
(@PTEMPLATE+18, @PTEMPLATE+49, 0, 'Food Crate / Barrel of Milk - Stormwind', 0),
(@PTEMPLATE+19, @PTEMPLATE+49, 0, 'Food Crate / Barrel of Milk - Stormwind', 0),
(@PTEMPLATE+20, @PTEMPLATE+49, 0, 'Food Crate / Barrel of Milk - Stormwind', 0),
(@PTEMPLATE+21, @PTEMPLATE+49, 0, 'Food Crate / Barrel of Milk - Stormwind', 0),
(@PTEMPLATE+22, @PTEMPLATE+49, 0, 'Food Crate / Barrel of Milk - Stormwind', 0),
(@PTEMPLATE+23, @PTEMPLATE+49, 0, 'Food Crate / Barrel of Milk - Stormwind', 0),
(@PTEMPLATE+24, @PTEMPLATE+49, 0, 'Food Crate / Barrel of Milk - Stormwind', 0),
(@PTEMPLATE+25, @PTEMPLATE+49, 0, 'Food Crate / Barrel of Milk - Stormwind', 0),
(@PTEMPLATE+26, @PTEMPLATE+49, 0, 'Food Crate / Barrel of Milk - Stormwind', 0),
(@PTEMPLATE+27, @PTEMPLATE+49, 0, 'Food Crate / Barrel of Milk - Stormwind', 0),
(@PTEMPLATE+28, @PTEMPLATE+49, 0, 'Food Crate / Barrel of Milk - Stormwind', 0),
(@PTEMPLATE+29, @PTEMPLATE+49, 0, 'Food Crate / Barrel of Milk - Stormwind', 0),
(@PTEMPLATE+30, @PTEMPLATE+49, 0, 'Food Crate / Barrel of Milk - Stormwind', 0),
(@PTEMPLATE+31, @PTEMPLATE+49, 0, 'Food Crate / Barrel of Milk - Stormwind', 0),
(@PTEMPLATE+32, @PTEMPLATE+49, 0, 'Food Crate / Barrel of Milk - Stormwind', 0),
(@PTEMPLATE+33, @PTEMPLATE+49, 0, 'Food Crate / Barrel of Milk - Stormwind', 0),
(@PTEMPLATE+34, @PTEMPLATE+49, 0, 'Food Crate / Barrel of Milk - Stormwind', 0),
(@PTEMPLATE+35, @PTEMPLATE+49, 0, 'Food Crate / Barrel of Milk - Stormwind', 0),
(@PTEMPLATE+36, @PTEMPLATE+49, 0, 'Food Crate / Barrel of Milk - Stormwind', 0),
(@PTEMPLATE+37, @PTEMPLATE+49, 0, 'Food Crate / Barrel of Milk - Stormwind', 0),
(@PTEMPLATE+38, @PTEMPLATE+49, 0, 'Food Crate / Barrel of Milk - Stormwind', 0),
(@PTEMPLATE+39, @PTEMPLATE+49, 0, 'Food Crate / Barrel of Milk - Stormwind', 0),
(@PTEMPLATE+40, @PTEMPLATE+49, 0, 'Food Crate / Barrel of Milk - Stormwind', 0),
(@PTEMPLATE+41, @PTEMPLATE+49, 0, 'Food Crate / Barrel of Milk - Stormwind', 0),
(@PTEMPLATE+42, @PTEMPLATE+49, 0, 'Food Crate / Barrel of Milk - Stormwind', 0),
(@PTEMPLATE+43, @PTEMPLATE+49, 0, 'Food Crate / Barrel of Milk - Stormwind', 0),
(@PTEMPLATE+44, @PTEMPLATE+49, 0, 'Food Crate / Barrel of Milk - Stormwind', 0),
(@PTEMPLATE+45, @PTEMPLATE+49, 0, 'Food Crate / Barrel of Milk - Stormwind', 0),
(@PTEMPLATE+46, @PTEMPLATE+49, 0, 'Food Crate / Barrel of Milk - Stormwind', 0),
(@PTEMPLATE+47, @PTEMPLATE+49, 0, 'Food Crate / Barrel of Milk - Stormwind', 0),
(@PTEMPLATE+48, @PTEMPLATE+49, 0, 'Food Crate / Barrel of Milk - Stormwind', 0);

DELETE FROM `gameobject` WHERE `guid` IN (44131, 44179);
DELETE FROM `pool_gameobject` WHERE `guid` IN (44131, 44179);
DELETE FROM `pool_template` WHERE `entry` = 4737;
DELETE FROM `pool_pool` WHERE `pool_id` = 4737;


-- End of migration.
END IF;
END??
delimiter ; 
CALL add_migration();
DROP PROCEDURE IF EXISTS add_migration;
