DROP PROCEDURE IF EXISTS add_migration;
delimiter ??
CREATE PROCEDURE `add_migration`()
BEGIN
DECLARE v INT DEFAULT 1;
SET v = (SELECT COUNT(*) FROM `migrations` WHERE `id`='20230706172408');
IF v=0 THEN
INSERT INTO `migrations` VALUES ('20230706172408');
-- Add your query below.


SET @OGUID = 24631;
SET @PTEMPLATE = 211;

-- 141 Teldrassil / 3658 / 3719 / Water Barrel / Food Crate
DELETE FROM `pool_template` WHERE `entry` IN (SELECT `pool_entry` FROM `pool_gameobject` WHERE `guid` IN (49609, 49610, 49611, 49612, 49613, 49614, 49615, 49733, 49734, 49735, 49736, 49737, 88038, 88039, 88040, 88041, 88042, 88043, 88044, 88045, 88046, 88047, 88048, 88049));
DELETE FROM `gameobject` WHERE `guid` IN (49609, 49610, 49611, 49612, 49613, 49614, 49615, 49733, 49734, 49735, 49736, 49737, 88038, 88039, 88040, 88041, 88042, 88043, 88044, 88045, 88046, 88047, 88048, 88049);
DELETE FROM `pool_gameobject` WHERE `guid` IN (49609, 49610, 49611, 49612, 49613, 49614, 49615, 49733, 49734, 49735, 49736, 49737, 88038, 88039, 88040, 88041, 88042, 88043, 88044, 88045, 88046, 88047, 88048, 88049);

INSERT INTO `gameobject` (`guid`, `id`, `map`, `position_x`, `position_y`, `position_z`, `orientation`, `rotation0`, `rotation1`, `rotation2`, `rotation3`, `spawntimesecsmin`, `spawntimesecsmax`, `animprogress`, `state`, `spawn_flags`, `visibility_mod`, `patch_min`, `patch_max`) VALUES
(@OGUID+1, 3658, 1, 9107.97, 1857.2, 1328.11, -0.191986, 0, 0, 0.095846, -0.995396, 180, 180, 100, 1, 0, 0, 0, 10),
(@OGUID+2, 3658, 1, 9199.46, 1402.7, 1311.31, -2.67035, 0, 0, 0.97237, -0.233445, 180, 180, 100, 1, 0, 0, 0, 10),
(@OGUID+3, 3658, 1, 9554.9, 1897.06, 1314.51, 1.16937, 0, 0, 0.551937, 0.833886, 180, 180, 100, 1, 0, 0, 0, 10),
(@OGUID+4, 3658, 1, 9757.14, 1577.77, 1299.06, -0.645772, 0, 0, 0.317305, -0.948324, 180, 180, 100, 1, 0, 0, 0, 10),
(@OGUID+5, 3658, 1, 9804.29, 966.447, 1308.77, -1.65806, 0, 0, 0.737277, -0.67559, 180, 180, 100, 1, 0, 0, 0, 10),
(@OGUID+6, 3658, 1, 9824.22, 447.278, 1307.79, -0.558505, 0, 0, 0.275637, -0.961262, 180, 180, 100, 1, 0, 0, 0, 10),
(@OGUID+7, 3658, 1, 9908.29, 985.799, 1354.8, 2.74017, 0, 0, 0.979925, 0.199368, 180, 180, 100, 1, 0, 0, 0, 10),
(@OGUID+8, 3658, 1, 10031.4, 287.298, 1323.28, 2.35619, 0, 0, 0.92388, 0.382683, 180, 180, 100, 1, 0, 0, 0, 10),
(@OGUID+9, 3658, 1, 10410.2, 1624.57, 1288.32, 2.58309, 0, 0, 0.961262, 0.275637, 180, 180, 100, 1, 0, 0, 0, 10),
(@OGUID+10, 3658, 1, 10503.2, 1983.78, 1326.53, -1.93731, 0, 0, 0.824126, -0.566406, 180, 180, 100, 1, 0, 0, 0, 10),
(@OGUID+11, 3658, 1, 10648.4, 2078.58, 1332.94, 1.20428, 0, 0, 0.566406, 0.824126, 180, 180, 100, 1, 0, 0, 0, 10),
(@OGUID+12, 3658, 1, 10747.1, 2177.42, 1331.39, -1.58825, 0, 0, 0.71325, -0.700909, 180, 180, 100, 1, 0, 0, 0, 10),
(@OGUID+13, 3658, 1, 9160.14, 1834.33, 1328.23, 6.16101, 0, 0, -0.0610485, 0.998135, 180, 180, 100, 1, 0, 0, 0, 10),
(@OGUID+14, 3658, 1, 9260.97, 928.353, 1312.19, 2.53072, 0, 0, 0.953716, 0.300708, 180, 180, 100, 1, 0, 0, 0, 10),
(@OGUID+15, 3658, 1, 9362.97, 1721.68, 1308.9, 4.60767, 0, 0, -0.743144, 0.669131, 180, 180, 100, 1, 0, 0, 0, 10),
(@OGUID+16, 3658, 1, 9621.72, 464.489, 1313.66, 0.0523589, 0, 0, 0.0261765, 0.999657, 180, 180, 100, 1, 0, 0, 0, 10),
(@OGUID+17, 3658, 1, 9707.31, 1547.49, 1253.82, 4.50295, 0, 0, -0.777145, 0.629321, 180, 180, 100, 1, 0, 0, 0, 10),
(@OGUID+18, 3658, 1, 9749.05, 905.292, 1295.42, 4.95674, 0, 0, -0.615661, 0.788011, 180, 180, 100, 1, 0, 0, 0, 10),
(@OGUID+19, 3658, 1, 9766.65, 877.956, 1297.7, 5.96903, 0, 0, -0.156434, 0.987688, 180, 180, 100, 1, 0, 0, 0, 10),
(@OGUID+20, 3658, 1, 9784.01, 1552.09, 1299.06, 4.7822, 0, 0, -0.681998, 0.731354, 180, 180, 100, 1, 0, 0, 0, 10),
(@OGUID+21, 3658, 1, 9848.67, 1460.8, 1274.43, 2.42601, 0, 0, 0.936672, 0.350207, 180, 180, 100, 1, 0, 0, 0, 10),
(@OGUID+22, 3658, 1, 9888.37, 988.712, 1313.83, 5.67232, 0, 0, -0.300705, 0.953717, 180, 180, 100, 1, 0, 0, 0, 10),
(@OGUID+23, 3658, 1, 9898.87, 385.769, 1309.68, 3.54302, 0, 0, -0.979924, 0.19937, 180, 180, 100, 1, 0, 0, 0, 10),
(@OGUID+24, 3658, 1, 9910.45, 987.04, 1328.3, 4.36332, 0, 0, -0.819152, 0.573577, 180, 180, 100, 1, 0, 0, 0, 10),
(@OGUID+25, 3658, 1, 10148.7, 1698.23, 1326.05, 3.56047, 0, 0, -0.978148, 0.207912, 180, 180, 100, 1, 0, 0, 0, 10),
(@OGUID+26, 3658, 1, 10346.4, 1924.97, 1322.22, 1.6057, 0, 0, 0.719339, 0.694659, 180, 180, 100, 1, 0, 0, 0, 10),
(@OGUID+27, 3658, 1, 10427, 1892.49, 1320.14, 6.16101, 0, 0, -0.0610485, 0.998135, 180, 180, 100, 1, 0, 0, 0, 10),
(@OGUID+28, 3658, 1, 10670.3, 1848.21, 1324.54, 3.9619, 0, 0, -0.91706, 0.39875, 180, 180, 100, 1, 0, 0, 0, 10),
(@OGUID+29, 3658, 1, 10886.4, 2082.36, 1327.24, 6.05629, 0, 0, -0.113203, 0.993572, 180, 180, 100, 1, 0, 0, 0, 10),
(@OGUID+30, 3719, 1, 9107.97, 1857.2, 1328.11, -0.191986, 0, 0, 0.095846, -0.995396, 180, 180, 100, 1, 0, 0, 0, 10),
(@OGUID+31, 3719, 1, 9199.46, 1402.7, 1311.31, -2.67035, 0, 0, 0.97237, -0.233445, 180, 180, 100, 1, 0, 0, 0, 10),
(@OGUID+32, 3719, 1, 9554.9, 1897.06, 1314.51, 1.16937, 0, 0, 0.551937, 0.833886, 180, 180, 100, 1, 0, 0, 0, 10),
(@OGUID+33, 3719, 1, 9757.14, 1577.77, 1299.06, -0.645772, 0, 0, 0.317305, -0.948324, 180, 180, 100, 1, 0, 0, 0, 10),
(@OGUID+34, 3719, 1, 9804.29, 966.447, 1308.77, -1.65806, 0, 0, 0.737277, -0.67559, 180, 180, 100, 1, 0, 0, 0, 10),
(@OGUID+35, 3719, 1, 9824.22, 447.278, 1307.79, -0.558505, 0, 0, 0.275637, -0.961262, 180, 180, 100, 1, 0, 0, 0, 10),
(@OGUID+36, 3719, 1, 9908.29, 985.799, 1354.8, 2.74017, 0, 0, 0.979925, 0.199368, 180, 180, 100, 1, 0, 0, 0, 10),
(@OGUID+37, 3719, 1, 10031.4, 287.298, 1323.28, 2.35619, 0, 0, 0.92388, 0.382683, 180, 180, 100, 1, 0, 0, 0, 10),
(@OGUID+38, 3719, 1, 10410.2, 1624.57, 1288.32, 2.58309, 0, 0, 0.961262, 0.275637, 180, 180, 100, 1, 0, 0, 0, 10),
(@OGUID+39, 3719, 1, 10503.2, 1983.78, 1326.53, -1.93731, 0, 0, 0.824126, -0.566406, 180, 180, 100, 1, 0, 0, 0, 10),
(@OGUID+40, 3719, 1, 10648.4, 2078.58, 1332.94, 1.20428, 0, 0, 0.566406, 0.824126, 180, 180, 100, 1, 0, 0, 0, 10),
(@OGUID+41, 3719, 1, 10747.1, 2177.42, 1331.39, -1.58825, 0, 0, 0.71325, -0.700909, 180, 180, 100, 1, 0, 0, 0, 10),
(@OGUID+42, 3719, 1, 9160.14, 1834.33, 1328.23, 6.16101, 0, 0, -0.0610485, 0.998135, 180, 180, 100, 1, 0, 0, 0, 10),
(@OGUID+43, 3719, 1, 9260.97, 928.353, 1312.19, 2.53072, 0, 0, 0.953716, 0.300708, 180, 180, 100, 1, 0, 0, 0, 10),
(@OGUID+44, 3719, 1, 9362.97, 1721.68, 1308.9, 4.60767, 0, 0, -0.743144, 0.669131, 180, 180, 100, 1, 0, 0, 0, 10),
(@OGUID+45, 3719, 1, 9621.72, 464.489, 1313.66, 0.0523589, 0, 0, 0.0261765, 0.999657, 180, 180, 100, 1, 0, 0, 0, 10),
(@OGUID+46, 3719, 1, 9707.31, 1547.49, 1253.82, 4.50295, 0, 0, -0.777145, 0.629321, 180, 180, 100, 1, 0, 0, 0, 10),
(@OGUID+47, 3719, 1, 9749.05, 905.292, 1295.42, 4.95674, 0, 0, -0.615661, 0.788011, 180, 180, 100, 1, 0, 0, 0, 10),
(@OGUID+48, 3719, 1, 9766.65, 877.956, 1297.7, 5.96903, 0, 0, -0.156434, 0.987688, 180, 180, 100, 1, 0, 0, 0, 10),
(@OGUID+49, 3719, 1, 9784.01, 1552.09, 1299.06, 4.7822, 0, 0, -0.681998, 0.731354, 180, 180, 100, 1, 0, 0, 0, 10),
(@OGUID+50, 3719, 1, 9848.67, 1460.8, 1274.43, 2.42601, 0, 0, 0.936672, 0.350207, 180, 180, 100, 1, 0, 0, 0, 10),
(@OGUID+51, 3719, 1, 9888.37, 988.712, 1313.83, 5.67232, 0, 0, -0.300705, 0.953717, 180, 180, 100, 1, 0, 0, 0, 10),
(@OGUID+52, 3719, 1, 9898.87, 385.769, 1309.68, 3.54302, 0, 0, -0.979924, 0.19937, 180, 180, 100, 1, 0, 0, 0, 10),
(@OGUID+53, 3719, 1, 9910.45, 987.04, 1328.3, 4.36332, 0, 0, -0.819152, 0.573577, 180, 180, 100, 1, 0, 0, 0, 10),
(@OGUID+54, 3719, 1, 10148.7, 1698.23, 1326.05, 3.56047, 0, 0, -0.978148, 0.207912, 180, 180, 100, 1, 0, 0, 0, 10),
(@OGUID+55, 3719, 1, 10346.4, 1924.97, 1322.22, 1.6057, 0, 0, 0.719339, 0.694659, 180, 180, 100, 1, 0, 0, 0, 10),
(@OGUID+56, 3719, 1, 10427, 1892.49, 1320.14, 6.16101, 0, 0, -0.0610485, 0.998135, 180, 180, 100, 1, 0, 0, 0, 10),
(@OGUID+57, 3719, 1, 10670.3, 1848.21, 1324.54, 3.9619, 0, 0, -0.91706, 0.39875, 180, 180, 100, 1, 0, 0, 0, 10),
(@OGUID+58, 3719, 1, 10886.4, 2082.36, 1327.24, 6.05629, 0, 0, -0.113203, 0.993572, 180, 180, 100, 1, 0, 0, 0, 10);

INSERT INTO `pool_template` (`entry`, `max_limit`, `description`, `patch_min`, `patch_max`) VALUES
(@PTEMPLATE+1, 1, 'Water Barrel / Food Crate - Teldrassil', 0, 10),
(@PTEMPLATE+2, 1, 'Water Barrel / Food Crate - Teldrassil', 0, 10),
(@PTEMPLATE+3, 1, 'Water Barrel / Food Crate - Teldrassil', 0, 10),
(@PTEMPLATE+4, 1, 'Water Barrel / Food Crate - Teldrassil', 0, 10),
(@PTEMPLATE+5, 1, 'Water Barrel / Food Crate - Teldrassil', 0, 10),
(@PTEMPLATE+6, 1, 'Water Barrel / Food Crate - Teldrassil', 0, 10),
(@PTEMPLATE+7, 1, 'Water Barrel / Food Crate - Teldrassil', 0, 10),
(@PTEMPLATE+8, 1, 'Water Barrel / Food Crate - Teldrassil', 0, 10),
(@PTEMPLATE+9, 1, 'Water Barrel / Food Crate - Teldrassil', 0, 10),
(@PTEMPLATE+10, 1, 'Water Barrel / Food Crate - Teldrassil', 0, 10),
(@PTEMPLATE+11, 1, 'Water Barrel / Food Crate - Teldrassil', 0, 10),
(@PTEMPLATE+12, 1, 'Water Barrel / Food Crate - Teldrassil', 0, 10),
(@PTEMPLATE+13, 1, 'Water Barrel / Food Crate - Teldrassil', 0, 10),
(@PTEMPLATE+14, 1, 'Water Barrel / Food Crate - Teldrassil', 0, 10),
(@PTEMPLATE+15, 1, 'Water Barrel / Food Crate - Teldrassil', 0, 10),
(@PTEMPLATE+16, 1, 'Water Barrel / Food Crate - Teldrassil', 0, 10),
(@PTEMPLATE+17, 1, 'Water Barrel / Food Crate - Teldrassil', 0, 10),
(@PTEMPLATE+18, 1, 'Water Barrel / Food Crate - Teldrassil', 0, 10),
(@PTEMPLATE+19, 1, 'Water Barrel / Food Crate - Teldrassil', 0, 10),
(@PTEMPLATE+20, 1, 'Water Barrel / Food Crate - Teldrassil', 0, 10),
(@PTEMPLATE+21, 1, 'Water Barrel / Food Crate - Teldrassil', 0, 10),
(@PTEMPLATE+22, 1, 'Water Barrel / Food Crate - Teldrassil', 0, 10),
(@PTEMPLATE+23, 1, 'Water Barrel / Food Crate - Teldrassil', 0, 10),
(@PTEMPLATE+24, 1, 'Water Barrel / Food Crate - Teldrassil', 0, 10),
(@PTEMPLATE+25, 1, 'Water Barrel / Food Crate - Teldrassil', 0, 10),
(@PTEMPLATE+26, 1, 'Water Barrel / Food Crate - Teldrassil', 0, 10),
(@PTEMPLATE+27, 1, 'Water Barrel / Food Crate - Teldrassil', 0, 10),
(@PTEMPLATE+28, 1, 'Water Barrel / Food Crate - Teldrassil', 0, 10),
(@PTEMPLATE+29, 1, 'Water Barrel / Food Crate - Teldrassil', 0, 10);

INSERT INTO `pool_gameobject` (`guid`, `pool_entry`, `description`, `patch_min`, `patch_max`) VALUES 
(@OGUID+1, @PTEMPLATE+1, 'Water Barrel / Food Crate - Teldrassil', 0, 10),
(@OGUID+2, @PTEMPLATE+2, 'Water Barrel / Food Crate - Teldrassil', 0, 10),
(@OGUID+3, @PTEMPLATE+3, 'Water Barrel / Food Crate - Teldrassil', 0, 10),
(@OGUID+4, @PTEMPLATE+4, 'Water Barrel / Food Crate - Teldrassil', 0, 10),
(@OGUID+5, @PTEMPLATE+5, 'Water Barrel / Food Crate - Teldrassil', 0, 10),
(@OGUID+6, @PTEMPLATE+6, 'Water Barrel / Food Crate - Teldrassil', 0, 10),
(@OGUID+7, @PTEMPLATE+7, 'Water Barrel / Food Crate - Teldrassil', 0, 10),
(@OGUID+8, @PTEMPLATE+8, 'Water Barrel / Food Crate - Teldrassil', 0, 10),
(@OGUID+9, @PTEMPLATE+9, 'Water Barrel / Food Crate - Teldrassil', 0, 10),
(@OGUID+10, @PTEMPLATE+10, 'Water Barrel / Food Crate - Teldrassil', 0, 10),
(@OGUID+11, @PTEMPLATE+11, 'Water Barrel / Food Crate - Teldrassil', 0, 10),
(@OGUID+12, @PTEMPLATE+12, 'Water Barrel / Food Crate - Teldrassil', 0, 10),
(@OGUID+13, @PTEMPLATE+13, 'Water Barrel / Food Crate - Teldrassil', 0, 10),
(@OGUID+14, @PTEMPLATE+14, 'Water Barrel / Food Crate - Teldrassil', 0, 10),
(@OGUID+15, @PTEMPLATE+15, 'Water Barrel / Food Crate - Teldrassil', 0, 10),
(@OGUID+16, @PTEMPLATE+16, 'Water Barrel / Food Crate - Teldrassil', 0, 10),
(@OGUID+17, @PTEMPLATE+17, 'Water Barrel / Food Crate - Teldrassil', 0, 10),
(@OGUID+18, @PTEMPLATE+18, 'Water Barrel / Food Crate - Teldrassil', 0, 10),
(@OGUID+19, @PTEMPLATE+19, 'Water Barrel / Food Crate - Teldrassil', 0, 10),
(@OGUID+20, @PTEMPLATE+20, 'Water Barrel / Food Crate - Teldrassil', 0, 10),
(@OGUID+21, @PTEMPLATE+21, 'Water Barrel / Food Crate - Teldrassil', 0, 10),
(@OGUID+22, @PTEMPLATE+22, 'Water Barrel / Food Crate - Teldrassil', 0, 10),
(@OGUID+23, @PTEMPLATE+23, 'Water Barrel / Food Crate - Teldrassil', 0, 10),
(@OGUID+24, @PTEMPLATE+24, 'Water Barrel / Food Crate - Teldrassil', 0, 10),
(@OGUID+25, @PTEMPLATE+25, 'Water Barrel / Food Crate - Teldrassil', 0, 10),
(@OGUID+26, @PTEMPLATE+26, 'Water Barrel / Food Crate - Teldrassil', 0, 10),
(@OGUID+27, @PTEMPLATE+27, 'Water Barrel / Food Crate - Teldrassil', 0, 10),
(@OGUID+28, @PTEMPLATE+28, 'Water Barrel / Food Crate - Teldrassil', 0, 10),
(@OGUID+29, @PTEMPLATE+29, 'Water Barrel / Food Crate - Teldrassil', 0, 10),
(@OGUID+30, @PTEMPLATE+1, 'Water Barrel / Food Crate - Teldrassil', 0, 10),
(@OGUID+31, @PTEMPLATE+2, 'Water Barrel / Food Crate - Teldrassil', 0, 10),
(@OGUID+32, @PTEMPLATE+3, 'Water Barrel / Food Crate - Teldrassil', 0, 10),
(@OGUID+33, @PTEMPLATE+4, 'Water Barrel / Food Crate - Teldrassil', 0, 10),
(@OGUID+34, @PTEMPLATE+5, 'Water Barrel / Food Crate - Teldrassil', 0, 10),
(@OGUID+35, @PTEMPLATE+6, 'Water Barrel / Food Crate - Teldrassil', 0, 10),
(@OGUID+36, @PTEMPLATE+7, 'Water Barrel / Food Crate - Teldrassil', 0, 10),
(@OGUID+37, @PTEMPLATE+8, 'Water Barrel / Food Crate - Teldrassil', 0, 10),
(@OGUID+38, @PTEMPLATE+9, 'Water Barrel / Food Crate - Teldrassil', 0, 10),
(@OGUID+39, @PTEMPLATE+10, 'Water Barrel / Food Crate - Teldrassil', 0, 10),
(@OGUID+40, @PTEMPLATE+11, 'Water Barrel / Food Crate - Teldrassil', 0, 10),
(@OGUID+41, @PTEMPLATE+12, 'Water Barrel / Food Crate - Teldrassil', 0, 10),
(@OGUID+42, @PTEMPLATE+13, 'Water Barrel / Food Crate - Teldrassil', 0, 10),
(@OGUID+43, @PTEMPLATE+14, 'Water Barrel / Food Crate - Teldrassil', 0, 10),
(@OGUID+44, @PTEMPLATE+15, 'Water Barrel / Food Crate - Teldrassil', 0, 10),
(@OGUID+45, @PTEMPLATE+16, 'Water Barrel / Food Crate - Teldrassil', 0, 10),
(@OGUID+46, @PTEMPLATE+17, 'Water Barrel / Food Crate - Teldrassil', 0, 10),
(@OGUID+47, @PTEMPLATE+18, 'Water Barrel / Food Crate - Teldrassil', 0, 10),
(@OGUID+48, @PTEMPLATE+19, 'Water Barrel / Food Crate - Teldrassil', 0, 10),
(@OGUID+49, @PTEMPLATE+20, 'Water Barrel / Food Crate - Teldrassil', 0, 10),
(@OGUID+50, @PTEMPLATE+21, 'Water Barrel / Food Crate - Teldrassil', 0, 10),
(@OGUID+51, @PTEMPLATE+22, 'Water Barrel / Food Crate - Teldrassil', 0, 10),
(@OGUID+52, @PTEMPLATE+23, 'Water Barrel / Food Crate - Teldrassil', 0, 10),
(@OGUID+53, @PTEMPLATE+24, 'Water Barrel / Food Crate - Teldrassil', 0, 10),
(@OGUID+54, @PTEMPLATE+25, 'Water Barrel / Food Crate - Teldrassil', 0, 10),
(@OGUID+55, @PTEMPLATE+26, 'Water Barrel / Food Crate - Teldrassil', 0, 10),
(@OGUID+56, @PTEMPLATE+27, 'Water Barrel / Food Crate - Teldrassil', 0, 10),
(@OGUID+57, @PTEMPLATE+28, 'Water Barrel / Food Crate - Teldrassil', 0, 10),
(@OGUID+58, @PTEMPLATE+29, 'Water Barrel / Food Crate - Teldrassil', 0, 10);

INSERT INTO `pool_template` (`entry`, `max_limit`, `description`, `flags`, `instance`, `patch_min`, `patch_max`) VALUES
(@PTEMPLATE+30, 13, 'Teldrassil - Water Barrel / Food Crate (Master Pool)', 0, 0, 0, 10);
INSERT INTO `pool_pool` (`pool_id`, `mother_pool`, `chance`, `description`, `flags`) VALUES
(@PTEMPLATE+1, @PTEMPLATE+30, 0, 'Water Barrel / Food Crate - Teldrassil', 0),
(@PTEMPLATE+2, @PTEMPLATE+30, 0, 'Water Barrel / Food Crate - Teldrassil', 0),
(@PTEMPLATE+3, @PTEMPLATE+30, 0, 'Water Barrel / Food Crate - Teldrassil', 0),
(@PTEMPLATE+4, @PTEMPLATE+30, 0, 'Water Barrel / Food Crate - Teldrassil', 0),
(@PTEMPLATE+5, @PTEMPLATE+30, 0, 'Water Barrel / Food Crate - Teldrassil', 0),
(@PTEMPLATE+6, @PTEMPLATE+30, 0, 'Water Barrel / Food Crate - Teldrassil', 0),
(@PTEMPLATE+7, @PTEMPLATE+30, 0, 'Water Barrel / Food Crate - Teldrassil', 0),
(@PTEMPLATE+8, @PTEMPLATE+30, 0, 'Water Barrel / Food Crate - Teldrassil', 0),
(@PTEMPLATE+9, @PTEMPLATE+30, 0, 'Water Barrel / Food Crate - Teldrassil', 0),
(@PTEMPLATE+10, @PTEMPLATE+30, 0, 'Water Barrel / Food Crate - Teldrassil', 0),
(@PTEMPLATE+11, @PTEMPLATE+30, 0, 'Water Barrel / Food Crate - Teldrassil', 0),
(@PTEMPLATE+12, @PTEMPLATE+30, 0, 'Water Barrel / Food Crate - Teldrassil', 0),
(@PTEMPLATE+13, @PTEMPLATE+30, 0, 'Water Barrel / Food Crate - Teldrassil', 0),
(@PTEMPLATE+14, @PTEMPLATE+30, 0, 'Water Barrel / Food Crate - Teldrassil', 0),
(@PTEMPLATE+15, @PTEMPLATE+30, 0, 'Water Barrel / Food Crate - Teldrassil', 0),
(@PTEMPLATE+16, @PTEMPLATE+30, 0, 'Water Barrel / Food Crate - Teldrassil', 0),
(@PTEMPLATE+17, @PTEMPLATE+30, 0, 'Water Barrel / Food Crate - Teldrassil', 0),
(@PTEMPLATE+18, @PTEMPLATE+30, 0, 'Water Barrel / Food Crate - Teldrassil', 0),
(@PTEMPLATE+19, @PTEMPLATE+30, 0, 'Water Barrel / Food Crate - Teldrassil', 0),
(@PTEMPLATE+20, @PTEMPLATE+30, 0, 'Water Barrel / Food Crate - Teldrassil', 0),
(@PTEMPLATE+21, @PTEMPLATE+30, 0, 'Water Barrel / Food Crate - Teldrassil', 0),
(@PTEMPLATE+22, @PTEMPLATE+30, 0, 'Water Barrel / Food Crate - Teldrassil', 0),
(@PTEMPLATE+23, @PTEMPLATE+30, 0, 'Water Barrel / Food Crate - Teldrassil', 0),
(@PTEMPLATE+24, @PTEMPLATE+30, 0, 'Water Barrel / Food Crate - Teldrassil', 0),
(@PTEMPLATE+25, @PTEMPLATE+30, 0, 'Water Barrel / Food Crate - Teldrassil', 0),
(@PTEMPLATE+26, @PTEMPLATE+30, 0, 'Water Barrel / Food Crate - Teldrassil', 0),
(@PTEMPLATE+27, @PTEMPLATE+30, 0, 'Water Barrel / Food Crate - Teldrassil', 0),
(@PTEMPLATE+28, @PTEMPLATE+30, 0, 'Water Barrel / Food Crate - Teldrassil', 0),
(@PTEMPLATE+29, @PTEMPLATE+30, 0, 'Water Barrel / Food Crate - Teldrassil', 0);


-- End of migration.
END IF;
END??
delimiter ; 
CALL add_migration();
DROP PROCEDURE IF EXISTS add_migration;
