DROP PROCEDURE IF EXISTS add_migration;
delimiter ??
CREATE PROCEDURE `add_migration`()
BEGIN
DECLARE v INT DEFAULT 1;
SET v = (SELECT COUNT(*) FROM `migrations` WHERE `id`='20230704172635');
IF v=0 THEN
INSERT INTO `migrations` VALUES ('20230704172635');
-- Add your query below.


SET @OGUID = 38825;
SET @PTEMPLATE = 2647;

-- 11 Wetlands 3659 / 3695 / Barrel of Melon Juice / Food Crate
DELETE FROM `pool_template` WHERE `entry` IN (SELECT `pool_entry` FROM `pool_gameobject` WHERE `guid` IN (15194, 15124, 15051, 14905, 14890, 14859, 14858, 14857, 14856, 14853, 14657, 14655, 14654, 14631, 14565));
DELETE FROM `gameobject` WHERE `guid` IN (15194, 15124, 15051, 14905, 14890, 14859, 14858, 14857, 14856, 14853, 14657, 14655, 14654, 14631, 14565);
DELETE FROM `pool_gameobject` WHERE `guid` IN (15194, 15124, 15051, 14905, 14890, 14859, 14858, 14857, 14856, 14853, 14657, 14655, 14654, 14631, 14565);

INSERT INTO `gameobject` (`guid`, `id`, `map`, `position_x`, `position_y`, `position_z`, `orientation`, `rotation0`, `rotation1`, `rotation2`, `rotation3`, `spawntimesecsmin`, `spawntimesecsmax`, `animprogress`, `state`, `spawn_flags`, `visibility_mod`, `patch_min`, `patch_max`) VALUES
(@OGUID+1, 3659, 0, -4182.13, -2372.79, 209.707, -2.58309, 0, 0, 0.961262, -0.275637, 180, 180, 100, 1, 0, 0, 0, 10),
(@OGUID+2, 3659, 0, -4054.09, -2979.75, 11.8781, -2.54818, 0, 0, 0.956305, -0.292372, 180, 180, 100, 1, 0, 0, 0, 10),
(@OGUID+3, 3659, 0, -3721.17, -619.176, 6.98369, -2.82743, 0, 0, 0.987688, -0.156434, 180, 180, 100, 1, 0, 0, 0, 10),
(@OGUID+4, 3659, 0, -3720.13, -1282.39, -0.681436, 1.13446, 0, 0, 0.5373, 0.843391, 180, 180, 100, 1, 0, 0, 0, 10),
(@OGUID+5, 3659, 0, -3678.28, -891.935, 10.0351, -0.244346, 0, 0, 0.121869, -0.992546, 180, 180, 100, 1, 0, 0, 0, 10),
(@OGUID+6, 3659, 0, -3396.97, -2265.16, 51.9177, -1.48353, 0, 0, 0.67559, -0.737277, 180, 180, 100, 1, 0, 0, 0, 10),
(@OGUID+7, 3659, 0, -3381.16, -2943.47, 16.509, 1.67552, 0, 0, 0.743145, 0.669131, 180, 180, 100, 1, 0, 0, 0, 10),
(@OGUID+8, 3659, 0, -3151.69, -1057.31, 7.35313, -0.959931, 0, 0, 0.461749, -0.887011, 180, 180, 100, 1, 0, 0, 0, 10),
(@OGUID+9, 3659, 0, -3118.81, -916.972, -0.645712, -0.034907, 0, 0, 0.017452, -0.999848, 180, 180, 100, 1, 0, 0, 0, 10),
(@OGUID+10, 3659, 0, -2987.1, -1067.95, 6.72834, -1.98968, 0, 0, 0.838671, -0.544639, 180, 180, 100, 1, 0, 0, 0, 10),
(@OGUID+11, 3659, 0, -2902.53, -2053.89, 9.19539, 0.855211, 0, 0, 0.414693, 0.909961, 180, 180, 100, 1, 0, 0, 0, 10),
(@OGUID+12, 3659, 0, -2863.07, -2948.95, 33.7046, 0.488692, 0, 0, 0.241922, 0.970296, 180, 180, 100, 1, 0, 0, 0, 10),
(@OGUID+13, 3659, 0, -2854.5, -1475.8, 10.1537, -0.715585, 0, 0, 0.350207, -0.936672, 180, 180, 100, 1, 0, 0, 0, 10),
(@OGUID+14, 3659, 0, -2652.25, -2442.3, 79.8937, -0.663225, 0, 0, 0.325568, -0.945519, 180, 180, 100, 1, 0, 0, 0, 10),
(@OGUID+15, 3659, 0, -2606.32, -1581.65, 0.205016, 1.6057, 0, 0, 0.71934, 0.694658, 180, 180, 100, 1, 0, 0, 0, 10),
(@OGUID+16, 3659, 0, -4237.88, -2340.36, 204.255, 5.09636, 0, 0, -0.559193, 0.829038, 180, 180, 100, 1, 0, 0, 0, 10),
(@OGUID+17, 3659, 0, -4151.59, -2944.83, 11.7565, 1.65806, 0, 0, 0.737277, 0.675591, 180, 180, 100, 1, 0, 0, 0, 10),
(@OGUID+18, 3659, 0, -3945.21, -900.156, -0.957262, 0.95993, 0, 0, 0.461748, 0.887011, 180, 180, 100, 1, 0, 0, 0, 10),
(@OGUID+19, 3659, 0, -3918.34, -617.5, 5.11114, 1.37881, 0, 0, 0.636078, 0.771625, 180, 180, 100, 1, 0, 0, 0, 10),
(@OGUID+20, 3659, 0, -3906.52, -3026.81, 10.9945, 4.92183, 0, 0, -0.62932, 0.777146, 180, 180, 100, 1, 0, 0, 0, 10),
(@OGUID+21, 3659, 0, -3903.3, -1018.76, 0.188679, 0.837757, 0, 0, 0.406736, 0.913546, 180, 180, 100, 1, 0, 0, 0, 10),
(@OGUID+22, 3659, 0, -3892.44, -672.748, 7.97711, 0.0349062, 0, 0, 0.0174522, 0.999848, 180, 180, 100, 1, 0, 0, 0, 10),
(@OGUID+23, 3659, 0, -3875.2, -593.309, 6.05107, 2.30383, 0, 0, 0.913545, 0.406738, 180, 180, 100, 1, 0, 0, 0, 10),
(@OGUID+24, 3659, 0, -3854.74, -733.849, 8.46836, 2.09439, 0, 0, 0.866025, 0.500001, 180, 180, 100, 1, 0, 0, 0, 10),
(@OGUID+25, 3659, 0, -3778.7, -752.497, 8.00332, 1.53589, 0, 0, 0.694658, 0.71934, 180, 180, 100, 1, 0, 0, 0, 10),
(@OGUID+26, 3659, 0, -3765.62, -2925.04, 12.2839, 0.366518, 0, 0, 0.182235, 0.983255, 180, 180, 100, 1, 0, 0, 0, 10),
(@OGUID+27, 3659, 0, -3750.97, -853.885, 10.3692, 2.32129, 0, 0, 0.91706, 0.39875, 180, 180, 100, 1, 0, 0, 0, 10),
(@OGUID+28, 3659, 0, -3741.25, -674.611, 8.80531, 1.55334, 0, 0, 0.700909, 0.713251, 180, 180, 100, 1, 0, 0, 0, 10),
(@OGUID+29, 3659, 0, -3719.75, -705.681, 7.91241, 4.92183, 0, 0, -0.62932, 0.777146, 180, 180, 100, 1, 0, 0, 0, 10),
(@OGUID+30, 3659, 0, -3645.87, -2585.15, 51.9016, 5.86431, 0, 0, -0.207911, 0.978148, 180, 180, 100, 1, 0, 0, 0, 10),
(@OGUID+31, 3659, 0, -3555.82, -1146.84, -0.69557, 4.38078, 0, 0, -0.814116, 0.580703, 180, 180, 100, 1, 0, 0, 0, 10),
(@OGUID+32, 3659, 0, -3507.22, -1059.61, -0.581158, 3.10665, 0, 0, 0.999847, 0.0174693, 180, 180, 100, 1, 0, 0, 0, 10),
(@OGUID+33, 3659, 0, -3449.37, -2439.35, 52.0637, 0.0698117, 0, 0, 0.0348988, 0.999391, 180, 180, 100, 1, 0, 0, 0, 10),
(@OGUID+34, 3659, 0, -3387.65, -3025.45, 22.6822, 1.55334, 0, 0, 0.700909, 0.713251, 180, 180, 100, 1, 0, 0, 0, 10),
(@OGUID+35, 3659, 0, -3379.26, -2836.94, 11.7978, 5.93412, 0, 0, -0.173648, 0.984808, 180, 180, 100, 1, 0, 0, 0, 10),
(@OGUID+36, 3659, 0, -3317.71, -910.537, -0.696205, 5.18363, 0, 0, -0.522498, 0.85264, 180, 180, 100, 1, 0, 0, 0, 10),
(@OGUID+37, 3659, 0, -3306.3, -2268.46, 51.8986, 4.46804, 0, 0, -0.788011, 0.615662, 180, 180, 100, 1, 0, 0, 0, 10),
(@OGUID+38, 3659, 0, -3281.41, -949.978, 8.04081, 3.38594, 0, 0, -0.992546, 0.12187, 180, 180, 100, 1, 0, 0, 0, 10),
(@OGUID+39, 3659, 0, -3230.66, -1140.5, 7.23959, 2.1293, 0, 0, 0.874619, 0.48481, 180, 180, 100, 1, 0, 0, 0, 10),
(@OGUID+40, 3659, 0, -3224.62, -1017.11, 7.60862, 3.89209, 0, 0, -0.930417, 0.366502, 180, 180, 100, 1, 0, 0, 0, 10),
(@OGUID+41, 3659, 0, -3202.35, -941.893, 8.75897, 6.05629, 0, 0, -0.113203, 0.993572, 180, 180, 100, 1, 0, 0, 0, 10),
(@OGUID+42, 3659, 0, -3101.07, -964.026, 7.33616, 1.25664, 0, 0, 0.587785, 0.809017, 180, 180, 100, 1, 0, 0, 0, 10),
(@OGUID+43, 3659, 0, -3048.5, -1346.18, 6.69699, 0.506145, 0, 0, 0.25038, 0.968148, 180, 180, 100, 1, 0, 0, 0, 10),
(@OGUID+44, 3659, 0, -3046.7, -987.505, 7.71378, 6.16101, 0, 0, -0.0610485, 0.998135, 180, 180, 100, 1, 0, 0, 0, 10),
(@OGUID+45, 3659, 0, -2963.52, -2007.95, 8.97602, 4.95674, 0, 0, -0.615661, 0.788011, 180, 180, 100, 1, 0, 0, 0, 10),
(@OGUID+46, 3659, 0, -2955.34, -1688.23, 9.62087, 3.73501, 0, 0, -0.956305, 0.292372, 180, 180, 100, 1, 0, 0, 0, 10),
(@OGUID+47, 3659, 0, -2950.06, -990.837, -0.709227, 0.471238, 0, 0, 0.233445, 0.97237, 180, 180, 100, 1, 0, 0, 0, 10),
(@OGUID+48, 3659, 0, -2924.49, -2978.86, 30.5468, 4.93928, 0, 0, -0.622514, 0.782609, 180, 180, 100, 1, 0, 0, 0, 10),
(@OGUID+49, 3659, 0, -2906.16, -1833.43, 9.443, 5.20108, 0, 0, -0.515038, 0.857168, 180, 180, 100, 1, 0, 0, 0, 10),
(@OGUID+50, 3659, 0, -2842.74, -1064.81, -0.555898, 5.91667, 0, 0, -0.182235, 0.983255, 180, 180, 100, 1, 0, 0, 0, 10),
(@OGUID+51, 3659, 0, -2780.25, -1124.63, -0.718564, 5.91667, 0, 0, -0.182235, 0.983255, 180, 180, 100, 1, 0, 0, 0, 10),
(@OGUID+52, 3659, 0, -2688.07, -1363.78, -0.405657, 0.837757, 0, 0, 0.406736, 0.913546, 180, 180, 100, 1, 0, 0, 0, 10),
(@OGUID+53, 3659, 0, -2599.57, -2413.89, 80.3104, 4.17134, 0, 0, -0.870356, 0.492424, 180, 180, 100, 1, 0, 0, 0, 10),
(@OGUID+54, 3659, 0, -2581.69, -2344.12, 84.647, 3.17653, 0, 0, -0.999847, 0.0174693, 180, 180, 100, 1, 0, 0, 0, 10),
(@OGUID+55, 3659, 0, -3378.97, -2892.24, 11.6373, 5.75959, 0, 0, -0.258819, 0.965926, 180, 180, 100, 1, 0, 0, 0, 10),
(@OGUID+56, 3659, 0, -2813.24, -2871.44, 32.7238, 4.67748, 0, 0, -0.719339, 0.694659, 180, 180, 100, 1, 0, 0, 0, 10),
(@OGUID+57, 3695, 0, -4182.13, -2372.79, 209.707, -2.58309, 0, 0, 0.961262, -0.275637, 180, 180, 100, 1, 0, 0, 0, 10),
(@OGUID+58, 3695, 0, -4054.09, -2979.75, 11.8781, -2.54818, 0, 0, 0.956305, -0.292372, 180, 180, 100, 1, 0, 0, 0, 10),
(@OGUID+59, 3695, 0, -3721.17, -619.176, 6.98369, -2.82743, 0, 0, 0.987688, -0.156434, 180, 180, 100, 1, 0, 0, 0, 10),
(@OGUID+60, 3695, 0, -3720.13, -1282.39, -0.681436, 1.13446, 0, 0, 0.5373, 0.843391, 180, 180, 100, 1, 0, 0, 0, 10),
(@OGUID+61, 3695, 0, -3678.28, -891.935, 10.0351, -0.244346, 0, 0, 0.121869, -0.992546, 180, 180, 100, 1, 0, 0, 0, 10),
(@OGUID+62, 3695, 0, -3396.97, -2265.16, 51.9177, -1.48353, 0, 0, 0.67559, -0.737277, 180, 180, 100, 1, 0, 0, 0, 10),
(@OGUID+63, 3695, 0, -3381.16, -2943.47, 16.509, 1.67552, 0, 0, 0.743145, 0.669131, 180, 180, 100, 1, 0, 0, 0, 10),
(@OGUID+64, 3695, 0, -3151.69, -1057.31, 7.35313, -0.959931, 0, 0, 0.461749, -0.887011, 180, 180, 100, 1, 0, 0, 0, 10),
(@OGUID+65, 3695, 0, -3118.81, -916.972, -0.645712, -0.034907, 0, 0, 0.017452, -0.999848, 180, 180, 100, 1, 0, 0, 0, 10),
(@OGUID+66, 3695, 0, -2987.1, -1067.95, 6.72834, -1.98968, 0, 0, 0.838671, -0.544639, 180, 180, 100, 1, 0, 0, 0, 10),
(@OGUID+67, 3695, 0, -2902.53, -2053.89, 9.19539, 0.855211, 0, 0, 0.414693, 0.909961, 180, 180, 100, 1, 0, 0, 0, 10),
(@OGUID+68, 3695, 0, -2863.07, -2948.95, 33.7046, 0.488692, 0, 0, 0.241922, 0.970296, 180, 180, 100, 1, 0, 0, 0, 10),
(@OGUID+69, 3695, 0, -2854.5, -1475.8, 10.1537, -0.715585, 0, 0, 0.350207, -0.936672, 180, 180, 100, 1, 0, 0, 0, 10),
(@OGUID+70, 3695, 0, -2652.25, -2442.3, 79.8937, -0.663225, 0, 0, 0.325568, -0.945519, 180, 180, 100, 1, 0, 0, 0, 10),
(@OGUID+71, 3695, 0, -2606.32, -1581.65, 0.205016, 1.6057, 0, 0, 0.71934, 0.694658, 180, 180, 100, 1, 0, 0, 0, 10),
(@OGUID+72, 3695, 0, -4237.88, -2340.36, 204.255, 5.09636, 0, 0, -0.559193, 0.829038, 180, 180, 100, 1, 0, 0, 0, 10),
(@OGUID+73, 3695, 0, -4151.59, -2944.83, 11.7565, 1.65806, 0, 0, 0.737277, 0.675591, 180, 180, 100, 1, 0, 0, 0, 10),
(@OGUID+74, 3695, 0, -3945.21, -900.156, -0.957262, 0.95993, 0, 0, 0.461748, 0.887011, 180, 180, 100, 1, 0, 0, 0, 10),
(@OGUID+75, 3695, 0, -3918.34, -617.5, 5.11114, 1.37881, 0, 0, 0.636078, 0.771625, 180, 180, 100, 1, 0, 0, 0, 10),
(@OGUID+76, 3695, 0, -3906.52, -3026.81, 10.9945, 4.92183, 0, 0, -0.62932, 0.777146, 180, 180, 100, 1, 0, 0, 0, 10),
(@OGUID+77, 3695, 0, -3903.3, -1018.76, 0.188679, 0.837757, 0, 0, 0.406736, 0.913546, 180, 180, 100, 1, 0, 0, 0, 10),
(@OGUID+78, 3695, 0, -3892.44, -672.748, 7.97711, 0.0349062, 0, 0, 0.0174522, 0.999848, 180, 180, 100, 1, 0, 0, 0, 10),
(@OGUID+79, 3695, 0, -3875.2, -593.309, 6.05107, 2.30383, 0, 0, 0.913545, 0.406738, 180, 180, 100, 1, 0, 0, 0, 10),
(@OGUID+80, 3695, 0, -3854.74, -733.849, 8.46836, 2.09439, 0, 0, 0.866025, 0.500001, 180, 180, 100, 1, 0, 0, 0, 10),
(@OGUID+81, 3695, 0, -3778.7, -752.497, 8.00332, 1.53589, 0, 0, 0.694658, 0.71934, 180, 180, 100, 1, 0, 0, 0, 10),
(@OGUID+82, 3695, 0, -3765.62, -2925.04, 12.2839, 0.366518, 0, 0, 0.182235, 0.983255, 180, 180, 100, 1, 0, 0, 0, 10),
(@OGUID+83, 3695, 0, -3750.97, -853.885, 10.3692, 2.32129, 0, 0, 0.91706, 0.39875, 180, 180, 100, 1, 0, 0, 0, 10),
(@OGUID+84, 3695, 0, -3741.25, -674.611, 8.80531, 1.55334, 0, 0, 0.700909, 0.713251, 180, 180, 100, 1, 0, 0, 0, 10),
(@OGUID+85, 3695, 0, -3719.75, -705.681, 7.91241, 4.92183, 0, 0, -0.62932, 0.777146, 180, 180, 100, 1, 0, 0, 0, 10),
(@OGUID+86, 3695, 0, -3645.87, -2585.15, 51.9016, 5.86431, 0, 0, -0.207911, 0.978148, 180, 180, 100, 1, 0, 0, 0, 10),
(@OGUID+87, 3695, 0, -3555.82, -1146.84, -0.69557, 4.38078, 0, 0, -0.814116, 0.580703, 180, 180, 100, 1, 0, 0, 0, 10),
(@OGUID+88, 3695, 0, -3507.22, -1059.61, -0.581158, 3.10665, 0, 0, 0.999847, 0.0174693, 180, 180, 100, 1, 0, 0, 0, 10),
(@OGUID+89, 3695, 0, -3449.37, -2439.35, 52.0637, 0.0698117, 0, 0, 0.0348988, 0.999391, 180, 180, 100, 1, 0, 0, 0, 10),
(@OGUID+90, 3695, 0, -3387.65, -3025.45, 22.6822, 1.55334, 0, 0, 0.700909, 0.713251, 180, 180, 100, 1, 0, 0, 0, 10),
(@OGUID+91, 3695, 0, -3379.26, -2836.94, 11.7978, 5.93412, 0, 0, -0.173648, 0.984808, 180, 180, 100, 1, 0, 0, 0, 10),
(@OGUID+92, 3695, 0, -3317.71, -910.537, -0.696205, 5.18363, 0, 0, -0.522498, 0.85264, 180, 180, 100, 1, 0, 0, 0, 10),
(@OGUID+93, 3695, 0, -3306.3, -2268.46, 51.8986, 4.46804, 0, 0, -0.788011, 0.615662, 180, 180, 100, 1, 0, 0, 0, 10),
(@OGUID+94, 3695, 0, -3281.41, -949.978, 8.04081, 3.38594, 0, 0, -0.992546, 0.12187, 180, 180, 100, 1, 0, 0, 0, 10),
(@OGUID+95, 3695, 0, -3230.66, -1140.5, 7.23959, 2.1293, 0, 0, 0.874619, 0.48481, 180, 180, 100, 1, 0, 0, 0, 10),
(@OGUID+96, 3695, 0, -3224.62, -1017.11, 7.60862, 3.89209, 0, 0, -0.930417, 0.366502, 180, 180, 100, 1, 0, 0, 0, 10),
(@OGUID+97, 3695, 0, -3202.35, -941.893, 8.75897, 6.05629, 0, 0, -0.113203, 0.993572, 180, 180, 100, 1, 0, 0, 0, 10),
(@OGUID+98, 3695, 0, -3101.07, -964.026, 7.33616, 1.25664, 0, 0, 0.587785, 0.809017, 180, 180, 100, 1, 0, 0, 0, 10),
(@OGUID+99, 3695, 0, -3048.5, -1346.18, 6.69699, 0.506145, 0, 0, 0.25038, 0.968148, 180, 180, 100, 1, 0, 0, 0, 10),
(@OGUID+100, 3695, 0, -3046.7, -987.505, 7.71378, 6.16101, 0, 0, -0.0610485, 0.998135, 180, 180, 100, 1, 0, 0, 0, 10),
(@OGUID+101, 3695, 0, -2963.52, -2007.95, 8.97602, 4.95674, 0, 0, -0.615661, 0.788011, 180, 180, 100, 1, 0, 0, 0, 10),
(@OGUID+102, 3695, 0, -2955.34, -1688.23, 9.62087, 3.73501, 0, 0, -0.956305, 0.292372, 180, 180, 100, 1, 0, 0, 0, 10),
(@OGUID+103, 3695, 0, -2950.06, -990.837, -0.709227, 0.471238, 0, 0, 0.233445, 0.97237, 180, 180, 100, 1, 0, 0, 0, 10),
(@OGUID+104, 3695, 0, -2924.49, -2978.86, 30.5468, 4.93928, 0, 0, -0.622514, 0.782609, 180, 180, 100, 1, 0, 0, 0, 10),
(@OGUID+105, 3695, 0, -2906.16, -1833.43, 9.443, 5.20108, 0, 0, -0.515038, 0.857168, 180, 180, 100, 1, 0, 0, 0, 10),
(@OGUID+106, 3695, 0, -2842.74, -1064.81, -0.555898, 5.91667, 0, 0, -0.182235, 0.983255, 180, 180, 100, 1, 0, 0, 0, 10),
(@OGUID+107, 3695, 0, -2780.25, -1124.63, -0.718564, 5.91667, 0, 0, -0.182235, 0.983255, 180, 180, 100, 1, 0, 0, 0, 10),
(@OGUID+108, 3695, 0, -2688.07, -1363.78, -0.405657, 0.837757, 0, 0, 0.406736, 0.913546, 180, 180, 100, 1, 0, 0, 0, 10),
(@OGUID+109, 3695, 0, -2599.57, -2413.89, 80.3104, 4.17134, 0, 0, -0.870356, 0.492424, 180, 180, 100, 1, 0, 0, 0, 10),
(@OGUID+110, 3695, 0, -2581.69, -2344.12, 84.647, 3.17653, 0, 0, -0.999847, 0.0174693, 180, 180, 100, 1, 0, 0, 0, 10),
(@OGUID+111, 3695, 0, -3378.97, -2892.24, 11.6373, 5.75959, 0, 0, -0.258819, 0.965926, 180, 180, 100, 1, 0, 0, 0, 10),
(@OGUID+112, 3695, 0, -2813.24, -2871.44, 32.7238, 4.67748, 0, 0, -0.719339, 0.694659, 180, 180, 100, 1, 0, 0, 0, 10);

INSERT INTO `pool_template` (`entry`, `max_limit`, `description`, `patch_min`, `patch_max`) VALUES
(@PTEMPLATE+1, 1, 'Barrel of Melon Juice / Food Crate - Wetlands', 0, 10),
(@PTEMPLATE+2, 1, 'Barrel of Melon Juice / Food Crate - Wetlands', 0, 10),
(@PTEMPLATE+3, 1, 'Barrel of Melon Juice / Food Crate - Wetlands', 0, 10),
(@PTEMPLATE+4, 1, 'Barrel of Melon Juice / Food Crate - Wetlands', 0, 10),
(@PTEMPLATE+5, 1, 'Barrel of Melon Juice / Food Crate - Wetlands', 0, 10),
(@PTEMPLATE+6, 1, 'Barrel of Melon Juice / Food Crate - Wetlands', 0, 10),
(@PTEMPLATE+7, 1, 'Barrel of Melon Juice / Food Crate - Wetlands', 0, 10),
(@PTEMPLATE+8, 1, 'Barrel of Melon Juice / Food Crate - Wetlands', 0, 10),
(@PTEMPLATE+9, 1, 'Barrel of Melon Juice / Food Crate - Wetlands', 0, 10),
(@PTEMPLATE+10, 1, 'Barrel of Melon Juice / Food Crate - Wetlands', 0, 10),
(@PTEMPLATE+11, 1, 'Barrel of Melon Juice / Food Crate - Wetlands', 0, 10),
(@PTEMPLATE+12, 1, 'Barrel of Melon Juice / Food Crate - Wetlands', 0, 10),
(@PTEMPLATE+13, 1, 'Barrel of Melon Juice / Food Crate - Wetlands', 0, 10),
(@PTEMPLATE+14, 1, 'Barrel of Melon Juice / Food Crate - Wetlands', 0, 10),
(@PTEMPLATE+15, 1, 'Barrel of Melon Juice / Food Crate - Wetlands', 0, 10),
(@PTEMPLATE+16, 1, 'Barrel of Melon Juice / Food Crate - Wetlands', 0, 10),
(@PTEMPLATE+17, 1, 'Barrel of Melon Juice / Food Crate - Wetlands', 0, 10),
(@PTEMPLATE+18, 1, 'Barrel of Melon Juice / Food Crate - Wetlands', 0, 10),
(@PTEMPLATE+19, 1, 'Barrel of Melon Juice / Food Crate - Wetlands', 0, 10),
(@PTEMPLATE+20, 1, 'Barrel of Melon Juice / Food Crate - Wetlands', 0, 10),
(@PTEMPLATE+21, 1, 'Barrel of Melon Juice / Food Crate - Wetlands', 0, 10),
(@PTEMPLATE+22, 1, 'Barrel of Melon Juice / Food Crate - Wetlands', 0, 10),
(@PTEMPLATE+23, 1, 'Barrel of Melon Juice / Food Crate - Wetlands', 0, 10),
(@PTEMPLATE+24, 1, 'Barrel of Melon Juice / Food Crate - Wetlands', 0, 10),
(@PTEMPLATE+25, 1, 'Barrel of Melon Juice / Food Crate - Wetlands', 0, 10),
(@PTEMPLATE+26, 1, 'Barrel of Melon Juice / Food Crate - Wetlands', 0, 10),
(@PTEMPLATE+27, 1, 'Barrel of Melon Juice / Food Crate - Wetlands', 0, 10),
(@PTEMPLATE+28, 1, 'Barrel of Melon Juice / Food Crate - Wetlands', 0, 10),
(@PTEMPLATE+29, 1, 'Barrel of Melon Juice / Food Crate - Wetlands', 0, 10),
(@PTEMPLATE+30, 1, 'Barrel of Melon Juice / Food Crate - Wetlands', 0, 10),
(@PTEMPLATE+31, 1, 'Barrel of Melon Juice / Food Crate - Wetlands', 0, 10),
(@PTEMPLATE+32, 1, 'Barrel of Melon Juice / Food Crate - Wetlands', 0, 10),
(@PTEMPLATE+33, 1, 'Barrel of Melon Juice / Food Crate - Wetlands', 0, 10),
(@PTEMPLATE+34, 1, 'Barrel of Melon Juice / Food Crate - Wetlands', 0, 10),
(@PTEMPLATE+35, 1, 'Barrel of Melon Juice / Food Crate - Wetlands', 0, 10),
(@PTEMPLATE+36, 1, 'Barrel of Melon Juice / Food Crate - Wetlands', 0, 10),
(@PTEMPLATE+37, 1, 'Barrel of Melon Juice / Food Crate - Wetlands', 0, 10),
(@PTEMPLATE+38, 1, 'Barrel of Melon Juice / Food Crate - Wetlands', 0, 10),
(@PTEMPLATE+39, 1, 'Barrel of Melon Juice / Food Crate - Wetlands', 0, 10),
(@PTEMPLATE+40, 1, 'Barrel of Melon Juice / Food Crate - Wetlands', 0, 10),
(@PTEMPLATE+41, 1, 'Barrel of Melon Juice / Food Crate - Wetlands', 0, 10),
(@PTEMPLATE+42, 1, 'Barrel of Melon Juice / Food Crate - Wetlands', 0, 10),
(@PTEMPLATE+43, 1, 'Barrel of Melon Juice / Food Crate - Wetlands', 0, 10),
(@PTEMPLATE+44, 1, 'Barrel of Melon Juice / Food Crate - Wetlands', 0, 10),
(@PTEMPLATE+45, 1, 'Barrel of Melon Juice / Food Crate - Wetlands', 0, 10),
(@PTEMPLATE+46, 1, 'Barrel of Melon Juice / Food Crate - Wetlands', 0, 10),
(@PTEMPLATE+47, 1, 'Barrel of Melon Juice / Food Crate - Wetlands', 0, 10),
(@PTEMPLATE+48, 1, 'Barrel of Melon Juice / Food Crate - Wetlands', 0, 10),
(@PTEMPLATE+49, 1, 'Barrel of Melon Juice / Food Crate - Wetlands', 0, 10),
(@PTEMPLATE+50, 1, 'Barrel of Melon Juice / Food Crate - Wetlands', 0, 10),
(@PTEMPLATE+51, 1, 'Barrel of Melon Juice / Food Crate - Wetlands', 0, 10),
(@PTEMPLATE+52, 1, 'Barrel of Melon Juice / Food Crate - Wetlands', 0, 10),
(@PTEMPLATE+53, 1, 'Barrel of Melon Juice / Food Crate - Wetlands', 0, 10),
(@PTEMPLATE+54, 1, 'Barrel of Melon Juice / Food Crate - Wetlands', 0, 10),
(@PTEMPLATE+55, 1, 'Barrel of Melon Juice / Food Crate - Wetlands', 0, 10),
(@PTEMPLATE+56, 1, 'Barrel of Melon Juice / Food Crate - Wetlands', 0, 10);

INSERT INTO `pool_gameobject` (`guid`, `pool_entry`, `description`, `patch_min`, `patch_max`) VALUES 
(@OGUID+1, @PTEMPLATE+1, 'Barrel of Melon Juice / Food Crate - Wetlands', 0, 10),
(@OGUID+2, @PTEMPLATE+2, 'Barrel of Melon Juice / Food Crate - Wetlands', 0, 10),
(@OGUID+3, @PTEMPLATE+3, 'Barrel of Melon Juice / Food Crate - Wetlands', 0, 10),
(@OGUID+4, @PTEMPLATE+4, 'Barrel of Melon Juice / Food Crate - Wetlands', 0, 10),
(@OGUID+5, @PTEMPLATE+5, 'Barrel of Melon Juice / Food Crate - Wetlands', 0, 10),
(@OGUID+6, @PTEMPLATE+6, 'Barrel of Melon Juice / Food Crate - Wetlands', 0, 10),
(@OGUID+7, @PTEMPLATE+7, 'Barrel of Melon Juice / Food Crate - Wetlands', 0, 10),
(@OGUID+8, @PTEMPLATE+8, 'Barrel of Melon Juice / Food Crate - Wetlands', 0, 10),
(@OGUID+9, @PTEMPLATE+9, 'Barrel of Melon Juice / Food Crate - Wetlands', 0, 10),
(@OGUID+10, @PTEMPLATE+10, 'Barrel of Melon Juice / Food Crate - Wetlands', 0, 10),
(@OGUID+11, @PTEMPLATE+11, 'Barrel of Melon Juice / Food Crate - Wetlands', 0, 10),
(@OGUID+12, @PTEMPLATE+12, 'Barrel of Melon Juice / Food Crate - Wetlands', 0, 10),
(@OGUID+13, @PTEMPLATE+13, 'Barrel of Melon Juice / Food Crate - Wetlands', 0, 10),
(@OGUID+14, @PTEMPLATE+14, 'Barrel of Melon Juice / Food Crate - Wetlands', 0, 10),
(@OGUID+15, @PTEMPLATE+15, 'Barrel of Melon Juice / Food Crate - Wetlands', 0, 10),
(@OGUID+16, @PTEMPLATE+16, 'Barrel of Melon Juice / Food Crate - Wetlands', 0, 10),
(@OGUID+17, @PTEMPLATE+17, 'Barrel of Melon Juice / Food Crate - Wetlands', 0, 10),
(@OGUID+18, @PTEMPLATE+18, 'Barrel of Melon Juice / Food Crate - Wetlands', 0, 10),
(@OGUID+19, @PTEMPLATE+19, 'Barrel of Melon Juice / Food Crate - Wetlands', 0, 10),
(@OGUID+20, @PTEMPLATE+20, 'Barrel of Melon Juice / Food Crate - Wetlands', 0, 10),
(@OGUID+21, @PTEMPLATE+21, 'Barrel of Melon Juice / Food Crate - Wetlands', 0, 10),
(@OGUID+22, @PTEMPLATE+22, 'Barrel of Melon Juice / Food Crate - Wetlands', 0, 10),
(@OGUID+23, @PTEMPLATE+23, 'Barrel of Melon Juice / Food Crate - Wetlands', 0, 10),
(@OGUID+24, @PTEMPLATE+24, 'Barrel of Melon Juice / Food Crate - Wetlands', 0, 10),
(@OGUID+25, @PTEMPLATE+25, 'Barrel of Melon Juice / Food Crate - Wetlands', 0, 10),
(@OGUID+26, @PTEMPLATE+26, 'Barrel of Melon Juice / Food Crate - Wetlands', 0, 10),
(@OGUID+27, @PTEMPLATE+27, 'Barrel of Melon Juice / Food Crate - Wetlands', 0, 10),
(@OGUID+28, @PTEMPLATE+28, 'Barrel of Melon Juice / Food Crate - Wetlands', 0, 10),
(@OGUID+29, @PTEMPLATE+29, 'Barrel of Melon Juice / Food Crate - Wetlands', 0, 10),
(@OGUID+30, @PTEMPLATE+30, 'Barrel of Melon Juice / Food Crate - Wetlands', 0, 10),
(@OGUID+31, @PTEMPLATE+31, 'Barrel of Melon Juice / Food Crate - Wetlands', 0, 10),
(@OGUID+32, @PTEMPLATE+32, 'Barrel of Melon Juice / Food Crate - Wetlands', 0, 10),
(@OGUID+33, @PTEMPLATE+33, 'Barrel of Melon Juice / Food Crate - Wetlands', 0, 10),
(@OGUID+34, @PTEMPLATE+34, 'Barrel of Melon Juice / Food Crate - Wetlands', 0, 10),
(@OGUID+35, @PTEMPLATE+35, 'Barrel of Melon Juice / Food Crate - Wetlands', 0, 10),
(@OGUID+36, @PTEMPLATE+36, 'Barrel of Melon Juice / Food Crate - Wetlands', 0, 10),
(@OGUID+37, @PTEMPLATE+37, 'Barrel of Melon Juice / Food Crate - Wetlands', 0, 10),
(@OGUID+38, @PTEMPLATE+38, 'Barrel of Melon Juice / Food Crate - Wetlands', 0, 10),
(@OGUID+39, @PTEMPLATE+39, 'Barrel of Melon Juice / Food Crate - Wetlands', 0, 10),
(@OGUID+40, @PTEMPLATE+40, 'Barrel of Melon Juice / Food Crate - Wetlands', 0, 10),
(@OGUID+41, @PTEMPLATE+41, 'Barrel of Melon Juice / Food Crate - Wetlands', 0, 10),
(@OGUID+42, @PTEMPLATE+42, 'Barrel of Melon Juice / Food Crate - Wetlands', 0, 10),
(@OGUID+43, @PTEMPLATE+43, 'Barrel of Melon Juice / Food Crate - Wetlands', 0, 10),
(@OGUID+44, @PTEMPLATE+44, 'Barrel of Melon Juice / Food Crate - Wetlands', 0, 10),
(@OGUID+45, @PTEMPLATE+45, 'Barrel of Melon Juice / Food Crate - Wetlands', 0, 10),
(@OGUID+46, @PTEMPLATE+46, 'Barrel of Melon Juice / Food Crate - Wetlands', 0, 10),
(@OGUID+47, @PTEMPLATE+47, 'Barrel of Melon Juice / Food Crate - Wetlands', 0, 10),
(@OGUID+48, @PTEMPLATE+48, 'Barrel of Melon Juice / Food Crate - Wetlands', 0, 10),
(@OGUID+49, @PTEMPLATE+49, 'Barrel of Melon Juice / Food Crate - Wetlands', 0, 10),
(@OGUID+50, @PTEMPLATE+50, 'Barrel of Melon Juice / Food Crate - Wetlands', 0, 10),
(@OGUID+51, @PTEMPLATE+51, 'Barrel of Melon Juice / Food Crate - Wetlands', 0, 10),
(@OGUID+52, @PTEMPLATE+52, 'Barrel of Melon Juice / Food Crate - Wetlands', 0, 10),
(@OGUID+53, @PTEMPLATE+53, 'Barrel of Melon Juice / Food Crate - Wetlands', 0, 10),
(@OGUID+54, @PTEMPLATE+54, 'Barrel of Melon Juice / Food Crate - Wetlands', 0, 10),
(@OGUID+55, @PTEMPLATE+55, 'Barrel of Melon Juice / Food Crate - Wetlands', 0, 10),
(@OGUID+56, @PTEMPLATE+56, 'Barrel of Melon Juice / Food Crate - Wetlands', 0, 10),
(@OGUID+57, @PTEMPLATE+1, 'Barrel of Melon Juice / Food Crate - Wetlands', 0, 10),
(@OGUID+58, @PTEMPLATE+2, 'Barrel of Melon Juice / Food Crate - Wetlands', 0, 10),
(@OGUID+59, @PTEMPLATE+3, 'Barrel of Melon Juice / Food Crate - Wetlands', 0, 10),
(@OGUID+60, @PTEMPLATE+4, 'Barrel of Melon Juice / Food Crate - Wetlands', 0, 10),
(@OGUID+61, @PTEMPLATE+5, 'Barrel of Melon Juice / Food Crate - Wetlands', 0, 10),
(@OGUID+62, @PTEMPLATE+6, 'Barrel of Melon Juice / Food Crate - Wetlands', 0, 10),
(@OGUID+63, @PTEMPLATE+7, 'Barrel of Melon Juice / Food Crate - Wetlands', 0, 10),
(@OGUID+64, @PTEMPLATE+8, 'Barrel of Melon Juice / Food Crate - Wetlands', 0, 10),
(@OGUID+65, @PTEMPLATE+9, 'Barrel of Melon Juice / Food Crate - Wetlands', 0, 10),
(@OGUID+66, @PTEMPLATE+10, 'Barrel of Melon Juice / Food Crate - Wetlands', 0, 10),
(@OGUID+67, @PTEMPLATE+11, 'Barrel of Melon Juice / Food Crate - Wetlands', 0, 10),
(@OGUID+68, @PTEMPLATE+12, 'Barrel of Melon Juice / Food Crate - Wetlands', 0, 10),
(@OGUID+69, @PTEMPLATE+13, 'Barrel of Melon Juice / Food Crate - Wetlands', 0, 10),
(@OGUID+70, @PTEMPLATE+14, 'Barrel of Melon Juice / Food Crate - Wetlands', 0, 10),
(@OGUID+71, @PTEMPLATE+15, 'Barrel of Melon Juice / Food Crate - Wetlands', 0, 10),
(@OGUID+72, @PTEMPLATE+16, 'Barrel of Melon Juice / Food Crate - Wetlands', 0, 10),
(@OGUID+73, @PTEMPLATE+17, 'Barrel of Melon Juice / Food Crate - Wetlands', 0, 10),
(@OGUID+74, @PTEMPLATE+18, 'Barrel of Melon Juice / Food Crate - Wetlands', 0, 10),
(@OGUID+75, @PTEMPLATE+19, 'Barrel of Melon Juice / Food Crate - Wetlands', 0, 10),
(@OGUID+76, @PTEMPLATE+20, 'Barrel of Melon Juice / Food Crate - Wetlands', 0, 10),
(@OGUID+77, @PTEMPLATE+21, 'Barrel of Melon Juice / Food Crate - Wetlands', 0, 10),
(@OGUID+78, @PTEMPLATE+22, 'Barrel of Melon Juice / Food Crate - Wetlands', 0, 10),
(@OGUID+79, @PTEMPLATE+23, 'Barrel of Melon Juice / Food Crate - Wetlands', 0, 10),
(@OGUID+80, @PTEMPLATE+24, 'Barrel of Melon Juice / Food Crate - Wetlands', 0, 10),
(@OGUID+81, @PTEMPLATE+25, 'Barrel of Melon Juice / Food Crate - Wetlands', 0, 10),
(@OGUID+82, @PTEMPLATE+26, 'Barrel of Melon Juice / Food Crate - Wetlands', 0, 10),
(@OGUID+83, @PTEMPLATE+27, 'Barrel of Melon Juice / Food Crate - Wetlands', 0, 10),
(@OGUID+84, @PTEMPLATE+28, 'Barrel of Melon Juice / Food Crate - Wetlands', 0, 10),
(@OGUID+85, @PTEMPLATE+29, 'Barrel of Melon Juice / Food Crate - Wetlands', 0, 10),
(@OGUID+86, @PTEMPLATE+30, 'Barrel of Melon Juice / Food Crate - Wetlands', 0, 10),
(@OGUID+87, @PTEMPLATE+31, 'Barrel of Melon Juice / Food Crate - Wetlands', 0, 10),
(@OGUID+88, @PTEMPLATE+32, 'Barrel of Melon Juice / Food Crate - Wetlands', 0, 10),
(@OGUID+89, @PTEMPLATE+33, 'Barrel of Melon Juice / Food Crate - Wetlands', 0, 10),
(@OGUID+90, @PTEMPLATE+34, 'Barrel of Melon Juice / Food Crate - Wetlands', 0, 10),
(@OGUID+91, @PTEMPLATE+35, 'Barrel of Melon Juice / Food Crate - Wetlands', 0, 10),
(@OGUID+92, @PTEMPLATE+36, 'Barrel of Melon Juice / Food Crate - Wetlands', 0, 10),
(@OGUID+93, @PTEMPLATE+37, 'Barrel of Melon Juice / Food Crate - Wetlands', 0, 10),
(@OGUID+94, @PTEMPLATE+38, 'Barrel of Melon Juice / Food Crate - Wetlands', 0, 10),
(@OGUID+95, @PTEMPLATE+39, 'Barrel of Melon Juice / Food Crate - Wetlands', 0, 10),
(@OGUID+96, @PTEMPLATE+40, 'Barrel of Melon Juice / Food Crate - Wetlands', 0, 10),
(@OGUID+97, @PTEMPLATE+41, 'Barrel of Melon Juice / Food Crate - Wetlands', 0, 10),
(@OGUID+98, @PTEMPLATE+42, 'Barrel of Melon Juice / Food Crate - Wetlands', 0, 10),
(@OGUID+99, @PTEMPLATE+43, 'Barrel of Melon Juice / Food Crate - Wetlands', 0, 10),
(@OGUID+100, @PTEMPLATE+44, 'Barrel of Melon Juice / Food Crate - Wetlands', 0, 10),
(@OGUID+101, @PTEMPLATE+45, 'Barrel of Melon Juice / Food Crate - Wetlands', 0, 10),
(@OGUID+102, @PTEMPLATE+46, 'Barrel of Melon Juice / Food Crate - Wetlands', 0, 10),
(@OGUID+103, @PTEMPLATE+47, 'Barrel of Melon Juice / Food Crate - Wetlands', 0, 10),
(@OGUID+104, @PTEMPLATE+48, 'Barrel of Melon Juice / Food Crate - Wetlands', 0, 10),
(@OGUID+105, @PTEMPLATE+49, 'Barrel of Melon Juice / Food Crate - Wetlands', 0, 10),
(@OGUID+106, @PTEMPLATE+50, 'Barrel of Melon Juice / Food Crate - Wetlands', 0, 10),
(@OGUID+107, @PTEMPLATE+51, 'Barrel of Melon Juice / Food Crate - Wetlands', 0, 10),
(@OGUID+108, @PTEMPLATE+52, 'Barrel of Melon Juice / Food Crate - Wetlands', 0, 10),
(@OGUID+109, @PTEMPLATE+53, 'Barrel of Melon Juice / Food Crate - Wetlands', 0, 10),
(@OGUID+110, @PTEMPLATE+54, 'Barrel of Melon Juice / Food Crate - Wetlands', 0, 10),
(@OGUID+111, @PTEMPLATE+55, 'Barrel of Melon Juice / Food Crate - Wetlands', 0, 10),
(@OGUID+112, @PTEMPLATE+56, 'Barrel of Melon Juice / Food Crate - Wetlands', 0, 10);

INSERT INTO `pool_template` (`entry`, `max_limit`, `description`, `flags`, `instance`, `patch_min`, `patch_max`) VALUES
(@PTEMPLATE+57, 26, 'Wetlands - Barrel of Melon Juice / Food Crate (Master Pool)', 0, 0, 0, 10);
INSERT INTO `pool_pool` (`pool_id`, `mother_pool`, `chance`, `description`, `flags`) VALUES
(@PTEMPLATE+1, @PTEMPLATE+57, 0, 'Barrel of Melon Juice / Food Crate - Wetlands', 0),
(@PTEMPLATE+2, @PTEMPLATE+57, 0, 'Barrel of Melon Juice / Food Crate - Wetlands', 0),
(@PTEMPLATE+3, @PTEMPLATE+57, 0, 'Barrel of Melon Juice / Food Crate - Wetlands', 0),
(@PTEMPLATE+4, @PTEMPLATE+57, 0, 'Barrel of Melon Juice / Food Crate - Wetlands', 0),
(@PTEMPLATE+5, @PTEMPLATE+57, 0, 'Barrel of Melon Juice / Food Crate - Wetlands', 0),
(@PTEMPLATE+6, @PTEMPLATE+57, 0, 'Barrel of Melon Juice / Food Crate - Wetlands', 0),
(@PTEMPLATE+7, @PTEMPLATE+57, 0, 'Barrel of Melon Juice / Food Crate - Wetlands', 0),
(@PTEMPLATE+8, @PTEMPLATE+57, 0, 'Barrel of Melon Juice / Food Crate - Wetlands', 0),
(@PTEMPLATE+9, @PTEMPLATE+57, 0, 'Barrel of Melon Juice / Food Crate - Wetlands', 0),
(@PTEMPLATE+10, @PTEMPLATE+57, 0, 'Barrel of Melon Juice / Food Crate - Wetlands', 0),
(@PTEMPLATE+11, @PTEMPLATE+57, 0, 'Barrel of Melon Juice / Food Crate - Wetlands', 0),
(@PTEMPLATE+12, @PTEMPLATE+57, 0, 'Barrel of Melon Juice / Food Crate - Wetlands', 0),
(@PTEMPLATE+13, @PTEMPLATE+57, 0, 'Barrel of Melon Juice / Food Crate - Wetlands', 0),
(@PTEMPLATE+14, @PTEMPLATE+57, 0, 'Barrel of Melon Juice / Food Crate - Wetlands', 0),
(@PTEMPLATE+15, @PTEMPLATE+57, 0, 'Barrel of Melon Juice / Food Crate - Wetlands', 0),
(@PTEMPLATE+16, @PTEMPLATE+57, 0, 'Barrel of Melon Juice / Food Crate - Wetlands', 0),
(@PTEMPLATE+17, @PTEMPLATE+57, 0, 'Barrel of Melon Juice / Food Crate - Wetlands', 0),
(@PTEMPLATE+18, @PTEMPLATE+57, 0, 'Barrel of Melon Juice / Food Crate - Wetlands', 0),
(@PTEMPLATE+19, @PTEMPLATE+57, 0, 'Barrel of Melon Juice / Food Crate - Wetlands', 0),
(@PTEMPLATE+20, @PTEMPLATE+57, 0, 'Barrel of Melon Juice / Food Crate - Wetlands', 0),
(@PTEMPLATE+21, @PTEMPLATE+57, 0, 'Barrel of Melon Juice / Food Crate - Wetlands', 0),
(@PTEMPLATE+22, @PTEMPLATE+57, 0, 'Barrel of Melon Juice / Food Crate - Wetlands', 0),
(@PTEMPLATE+23, @PTEMPLATE+57, 0, 'Barrel of Melon Juice / Food Crate - Wetlands', 0),
(@PTEMPLATE+24, @PTEMPLATE+57, 0, 'Barrel of Melon Juice / Food Crate - Wetlands', 0),
(@PTEMPLATE+25, @PTEMPLATE+57, 0, 'Barrel of Melon Juice / Food Crate - Wetlands', 0),
(@PTEMPLATE+26, @PTEMPLATE+57, 0, 'Barrel of Melon Juice / Food Crate - Wetlands', 0),
(@PTEMPLATE+27, @PTEMPLATE+57, 0, 'Barrel of Melon Juice / Food Crate - Wetlands', 0),
(@PTEMPLATE+28, @PTEMPLATE+57, 0, 'Barrel of Melon Juice / Food Crate - Wetlands', 0),
(@PTEMPLATE+29, @PTEMPLATE+57, 0, 'Barrel of Melon Juice / Food Crate - Wetlands', 0),
(@PTEMPLATE+30, @PTEMPLATE+57, 0, 'Barrel of Melon Juice / Food Crate - Wetlands', 0),
(@PTEMPLATE+31, @PTEMPLATE+57, 0, 'Barrel of Melon Juice / Food Crate - Wetlands', 0),
(@PTEMPLATE+32, @PTEMPLATE+57, 0, 'Barrel of Melon Juice / Food Crate - Wetlands', 0),
(@PTEMPLATE+33, @PTEMPLATE+57, 0, 'Barrel of Melon Juice / Food Crate - Wetlands', 0),
(@PTEMPLATE+34, @PTEMPLATE+57, 0, 'Barrel of Melon Juice / Food Crate - Wetlands', 0),
(@PTEMPLATE+35, @PTEMPLATE+57, 0, 'Barrel of Melon Juice / Food Crate - Wetlands', 0),
(@PTEMPLATE+36, @PTEMPLATE+57, 0, 'Barrel of Melon Juice / Food Crate - Wetlands', 0),
(@PTEMPLATE+37, @PTEMPLATE+57, 0, 'Barrel of Melon Juice / Food Crate - Wetlands', 0),
(@PTEMPLATE+38, @PTEMPLATE+57, 0, 'Barrel of Melon Juice / Food Crate - Wetlands', 0),
(@PTEMPLATE+39, @PTEMPLATE+57, 0, 'Barrel of Melon Juice / Food Crate - Wetlands', 0),
(@PTEMPLATE+40, @PTEMPLATE+57, 0, 'Barrel of Melon Juice / Food Crate - Wetlands', 0),
(@PTEMPLATE+41, @PTEMPLATE+57, 0, 'Barrel of Melon Juice / Food Crate - Wetlands', 0),
(@PTEMPLATE+42, @PTEMPLATE+57, 0, 'Barrel of Melon Juice / Food Crate - Wetlands', 0),
(@PTEMPLATE+43, @PTEMPLATE+57, 0, 'Barrel of Melon Juice / Food Crate - Wetlands', 0),
(@PTEMPLATE+44, @PTEMPLATE+57, 0, 'Barrel of Melon Juice / Food Crate - Wetlands', 0),
(@PTEMPLATE+45, @PTEMPLATE+57, 0, 'Barrel of Melon Juice / Food Crate - Wetlands', 0),
(@PTEMPLATE+46, @PTEMPLATE+57, 0, 'Barrel of Melon Juice / Food Crate - Wetlands', 0),
(@PTEMPLATE+47, @PTEMPLATE+57, 0, 'Barrel of Melon Juice / Food Crate - Wetlands', 0),
(@PTEMPLATE+48, @PTEMPLATE+57, 0, 'Barrel of Melon Juice / Food Crate - Wetlands', 0),
(@PTEMPLATE+49, @PTEMPLATE+57, 0, 'Barrel of Melon Juice / Food Crate - Wetlands', 0),
(@PTEMPLATE+50, @PTEMPLATE+57, 0, 'Barrel of Melon Juice / Food Crate - Wetlands', 0),
(@PTEMPLATE+51, @PTEMPLATE+57, 0, 'Barrel of Melon Juice / Food Crate - Wetlands', 0),
(@PTEMPLATE+52, @PTEMPLATE+57, 0, 'Barrel of Melon Juice / Food Crate - Wetlands', 0),
(@PTEMPLATE+53, @PTEMPLATE+57, 0, 'Barrel of Melon Juice / Food Crate - Wetlands', 0),
(@PTEMPLATE+54, @PTEMPLATE+57, 0, 'Barrel of Melon Juice / Food Crate - Wetlands', 0),
(@PTEMPLATE+55, @PTEMPLATE+57, 0, 'Barrel of Melon Juice / Food Crate - Wetlands', 0),
(@PTEMPLATE+56, @PTEMPLATE+57, 0, 'Barrel of Melon Juice / Food Crate - Wetlands', 0);


-- End of migration.
END IF;
END??
delimiter ; 
CALL add_migration();
DROP PROCEDURE IF EXISTS add_migration;
